patient_id,age,gender,primary_diagnosis,insurance_type,length_of_stay,previous_admissions,emergency_visits,medication_count,comorbidity_count,lab_instability,followup_days,discharge_disposition,discharge_risk_score,readmitted_30d
PT-100000,24,Male,Pneumonia,Medicaid,1,1,5,4,1,3.91,11,Home,0.0,0
PT-100001,74,Male,COPD,Medicaid,5,1,0,8,1,3.04,12,Rehab,1.33,0
PT-100002,65,Male,Diabetes,Private,5,0,1,1,2,4.02,9,Skilled Nursing,1.03,1
PT-100003,50,Male,COPD,Private,1,1,0,2,0,5.7,7,Home,0.9,1
PT-100004,49,Female,Heart Failure,Medicare,6,0,1,10,4,1.86,12,Home,1.77,1
PT-100005,80,Female,COPD,Private,1,0,1,8,2,2.18,6,Home,1.11,1
PT-100006,24,Male,Diabetes,Medicaid,2,1,1,4,1,1.16,5,Home Health,0.19,0
PT-100007,68,Female,Diabetes,Private,1,3,0,7,3,2.71,1,Home Health,1.44,1
PT-100008,32,Female,Diabetes,Medicaid,2,2,1,4,3,2.0,1,Home,0.7,1
PT-100009,24,Male,COPD,Medicare,1,2,0,5,5,5.52,1,Home,0.6,1
PT-100010,56,Male,Heart Failure,Medicare,8,1,3,5,4,5.44,8,Home,1.84,1
PT-100011,89,Female,Other,Private,4,1,0,3,2,1.75,14,Home,1.48,1
PT-100012,71,Female,Kidney Disease,Medicaid,3,0,3,5,1,0.87,10,Home Health,0.38,1
PT-100013,73,Male,Other,Private,9,0,2,8,1,1.73,14,Home,1.07,1
PT-100014,70,Female,Diabetes,Medicare,8,0,2,3,0,4.57,7,Home,0.97,1
PT-100015,75,Female,Kidney Disease,Medicaid,3,0,2,5,2,5.06,10,Home Health,1.98,0
PT-100016,55,Male,Other,Private,5,0,0,11,2,0.62,6,Home,1.26,0
PT-100017,27,Male,Diabetes,Medicaid,3,1,1,4,3,2.93,1,Home Health,1.17,0
PT-100018,79,Female,Other,Private,4,2,0,9,3,1.35,2,Home,1.67,1
PT-100019,50,Female,Kidney Disease,Private,2,0,2,4,1,1.52,5,Rehab,1.09,1
PT-100020,54,Male,COPD,Private,6,0,0,4,1,1.8,9,Skilled Nursing,0.8,0
PT-100021,45,Female,Pneumonia,Private,9,0,0,6,2,2.06,1,Home Health,0.29,1
PT-100022,31,Male,Diabetes,Private,8,1,0,3,1,0.96,10,Rehab,0.0,0
PT-100023,85,Female,Heart Failure,Medicare,4,1,0,5,3,0.48,10,Skilled Nursing,0.22,0
PT-100024,75,Female,Pneumonia,Medicaid,1,1,0,3,1,0.82,1,Home Health,1.46,0
PT-100025,65,Male,Other,Medicaid,3,2,1,4,1,2.78,11,Home,1.91,1
PT-100026,47,Male,Other,Private,4,2,1,3,3,2.31,7,Home,1.27,1
PT-100027,78,Female,COPD,Medicare,1,0,1,2,2,2.98,1,Home,1.55,1
PT-100028,57,Male,Other,Medicare,1,1,0,2,5,3.56,8,Home,1.72,1
PT-100029,50,Female,Heart Failure,Medicare,11,0,1,2,1,3.29,2,Home,0.39,1
PT-100030,50,Female,Heart Failure,Private,7,1,1,4,2,4.9,14,Home Health,0.98,1
PT-100031,34,Male,COPD,Medicaid,6,0,1,6,2,2.94,1,Home,0.29,1
PT-100032,24,Male,COPD,Medicare,7,1,0,9,5,1.09,13,Home Health,0.81,0
PT-100033,58,Male,Pneumonia,Private,2,1,0,2,1,3.64,16,Home,0.6,1
PT-100034,82,Male,Diabetes,Private,2,0,2,3,1,0.18,15,Skilled Nursing,2.34,0
PT-100035,22,Male,Kidney Disease,Medicare,5,2,0,6,4,2.99,14,Home Health,1.11,1
PT-100036,80,Female,Diabetes,Private,5,3,2,3,0,6.23,6,Home,0.83,1
PT-100037,78,Female,Other,Medicare,1,0,2,7,0,1.15,8,Home,2.27,1
PT-100038,38,Male,COPD,Private,5,2,2,9,0,3.6,9,Home,0.59,1
PT-100039,64,Male,Diabetes,Medicare,4,0,0,9,1,0.54,2,Home,1.03,0
PT-100040,30,Other,Diabetes,Medicare,8,1,0,3,4,2.71,12,Home Health,0.92,0
PT-100041,73,Female,COPD,Medicare,5,0,0,2,3,2.27,11,Home Health,1.86,1
PT-100042,69,Female,Kidney Disease,Private,11,1,3,9,2,0.53,10,Home,0.93,1
PT-100043,43,Male,Kidney Disease,Medicare,3,1,1,7,1,2.43,1,Skilled Nursing,0.98,0
PT-100044,22,Female,Pneumonia,Self-pay,2,2,1,2,2,4.74,12,Home,0.0,0
PT-100045,88,Female,Diabetes,Private,11,1,0,1,3,3.56,10,Skilled Nursing,3.14,1
PT-100046,50,Male,Diabetes,Medicare,5,0,2,3,1,8.06,4,Home Health,0.0,0
PT-100047,83,Male,Pneumonia,Private,4,2,1,2,0,6.22,8,Home,1.4,1
PT-100048,67,Male,COPD,Medicare,2,1,3,7,3,4.65,16,Home,1.03,1
PT-100049,74,Female,Diabetes,Private,3,0,1,3,0,4.15,11,Home,1.23,0
PT-100050,73,Male,Heart Failure,Medicare,3,0,2,6,3,2.38,15,Skilled Nursing,1.33,1
PT-100051,32,Female,Kidney Disease,Medicare,2,2,1,3,2,1.32,17,Home,0.15,1
PT-100052,44,Female,Other,Medicare,1,0,1,5,2,0.81,6,Home Health,0.0,1
PT-100053,52,Female,COPD,Private,3,0,1,5,2,1.2,6,Home,0.56,1
PT-100054,54,Female,Other,Medicaid,7,1,3,1,1,1.2,8,Home,1.39,1
PT-100055,21,Male,Pneumonia,Private,9,0,1,2,3,4.23,1,Home,0.48,1
PT-100056,57,Male,COPD,Private,8,0,0,2,5,4.57,13,Home,1.24,1
PT-100057,29,Male,Other,Private,8,1,1,4,3,1.81,10,Home,0.18,0
PT-100058,72,Male,Diabetes,Medicaid,2,1,1,7,3,2.11,4,Skilled Nursing,1.06,0
PT-100059,67,Female,Diabetes,Self-pay,5,1,1,2,1,0.38,7,Home,0.71,1
PT-100060,85,Female,Pneumonia,Private,6,1,0,13,2,5.27,1,Home,1.49,1
PT-100061,72,Female,Other,Private,6,0,2,3,2,3.39,13,Home Health,1.57,1
PT-100062,44,Male,COPD,Private,4,1,2,8,1,3.5,8,Home,0.74,1
PT-100063,88,Male,Pneumonia,Medicare,5,1,0,9,3,4.27,11,Home,1.53,1
PT-100064,47,Female,Diabetes,Self-pay,8,0,2,8,6,4.56,8,Home,0.58,1
PT-100065,41,Female,Other,Medicaid,6,1,0,5,2,4.47,16,Home Health,1.38,1
PT-100066,84,Male,COPD,Private,7,0,0,8,2,0.82,3,Rehab,1.43,1
PT-100067,45,Male,Pneumonia,Medicaid,3,1,3,3,3,1.32,3,Home,0.39,0
PT-100068,23,Female,Pneumonia,Private,6,1,2,5,3,1.33,2,Home,0.43,1
PT-100069,52,Male,Heart Failure,Medicaid,5,2,1,4,1,0.99,12,Rehab,0.68,1
PT-100070,76,Male,Pneumonia,Private,7,1,0,1,3,0.34,1,Home,2.23,1
PT-100071,31,Male,Kidney Disease,Medicare,2,1,2,5,0,4.35,1,Rehab,0.0,0
PT-100072,51,Female,Pneumonia,Medicaid,7,4,0,6,5,2.58,5,Home Health,0.85,1
PT-100073,27,Female,Diabetes,Medicare,3,2,2,2,4,1.57,13,Home,0.51,1
PT-100074,68,Female,Pneumonia,Private,7,1,2,3,1,0.77,12,Home Health,1.23,1
PT-100075,52,Male,Heart Failure,Private,5,1,1,2,1,4.27,2,Home,0.5,1
PT-100076,42,Male,COPD,Private,4,2,1,6,2,3.33,1,Home Health,0.48,0
PT-100077,34,Male,Diabetes,Private,3,0,2,6,1,3.0,17,Home,0.53,1
PT-100078,59,Male,Diabetes,Medicaid,4,1,2,6,0,0.88,5,Home,1.48,1
PT-100079,66,Male,COPD,Private,3,1,2,3,1,2.46,12,Home,0.51,0
PT-100080,86,Female,Other,Medicare,3,1,2,5,0,1.66,12,Home,1.41,1
PT-100081,49,Male,Other,Medicaid,6,1,1,5,2,3.63,3,Home,1.19,1
PT-100082,29,Male,Kidney Disease,Self-pay,1,3,2,9,3,3.68,6,Skilled Nursing,0.97,1
PT-100083,78,Male,Kidney Disease,Private,7,0,1,6,0,1.96,12,Skilled Nursing,1.97,0
PT-100084,63,Female,Diabetes,Self-pay,7,2,2,3,0,3.15,7,Home Health,0.48,1
PT-100085,69,Male,Diabetes,Private,3,1,2,4,1,1.17,1,Home,1.09,1
PT-100086,25,Female,Diabetes,Private,5,0,2,1,1,6.38,7,Home,0.29,0
PT-100087,40,Male,Pneumonia,Private,2,3,1,8,0,5.78,6,Home Health,0.0,1
PT-100088,74,Male,Pneumonia,Private,6,1,1,8,5,3.71,13,Rehab,1.8,1
PT-100089,78,Male,Pneumonia,Medicare,2,1,1,9,4,3.06,12,Home,0.82,0
PT-100090,49,Female,Kidney Disease,Medicare,1,1,0,3,1,2.28,3,Home,0.07,1
PT-100091,76,Female,Pneumonia,Private,9,2,2,4,1,0.86,9,Home Health,0.78,1
PT-100092,79,Male,Other,Private,2,0,0,5,2,4.63,1,Home,1.01,1
PT-100093,46,Male,COPD,Private,4,1,1,7,1,4.51,3,Home,0.0,0
PT-100094,83,Male,Other,Private,5,0,2,4,2,4.75,16,Home,2.04,1
PT-100095,39,Female,Diabetes,Private,6,0,0,4,3,3.95,8,Home Health,0.71,1
PT-100096,35,Female,Other,Self-pay,4,1,1,10,4,2.26,15,Skilled Nursing,0.57,0
PT-100097,67,Male,Diabetes,Medicare,5,1,0,10,3,5.32,10,Home,0.81,1
PT-100098,64,Male,Heart Failure,Medicaid,3,0,2,2,1,3.89,11,Home,0.0,1
PT-100099,28,Female,Diabetes,Medicaid,1,1,0,4,2,2.29,8,Home Health,0.32,0
PT-100100,78,Male,Other,Private,4,1,1,2,3,1.57,1,Home Health,1.11,1
PT-100101,32,Female,Diabetes,Private,6,0,1,7,3,4.04,10,Home,0.35,1
PT-100102,76,Female,Kidney Disease,Medicare,2,0,1,6,3,2.46,14,Skilled Nursing,1.81,0
PT-100103,18,Male,Pneumonia,Private,5,1,1,4,4,0.91,12,Home Health,0.0,0
PT-100104,76,Female,Heart Failure,Private,13,0,2,3,2,2.78,1,Home Health,1.76,1
PT-100105,75,Female,Other,Private,4,0,1,4,1,4.95,12,Home,1.27,0
PT-100106,74,Female,Diabetes,Medicare,4,1,1,8,2,1.04,7,Skilled Nursing,3.19,0
PT-100107,66,Female,Other,Self-pay,1,2,4,5,2,3.77,6,Home,1.05,1
PT-100108,52,Male,COPD,Medicaid,2,1,0,3,1,1.22,6,Home Health,0.0,0
PT-100109,69,Male,Heart Failure,Medicaid,2,3,0,5,1,3.8,8,Home Health,0.91,1
PT-100110,38,Male,Pneumonia,Medicaid,6,3,1,4,1,3.09,4,Home,0.0,1
PT-100111,74,Male,Kidney Disease,Medicaid,2,2,2,10,2,2.02,8,Home,2.16,1
PT-100112,58,Female,Diabetes,Medicaid,1,3,0,4,4,0.69,11,Home,2.03,1
PT-100113,51,Male,Pneumonia,Self-pay,5,1,1,2,2,1.56,10,Rehab,0.75,1
PT-100114,54,Female,COPD,Private,2,0,1,2,2,0.78,11,Home,1.06,0
PT-100115,59,Female,Pneumonia,Medicare,1,2,2,2,2,3.6,15,Home,1.16,1
PT-100116,20,Other,COPD,Medicaid,7,1,0,5,3,3.1,8,Home,0.13,1
PT-100117,28,Male,Heart Failure,Medicaid,3,2,1,7,1,2.08,11,Home,0.0,1
PT-100118,35,Female,COPD,Private,6,1,4,5,1,4.3,6,Home,0.85,1
PT-100119,26,Female,Diabetes,Private,1,0,2,8,3,1.98,10,Home,0.29,1
PT-100120,50,Female,Kidney Disease,Medicaid,1,1,2,6,1,2.9,10,Rehab,1.9,1
PT-100121,66,Male,Diabetes,Medicare,5,0,1,3,2,0.35,3,Home,1.15,1
PT-100122,65,Female,Diabetes,Medicare,2,0,1,4,0,2.57,6,Home,1.1,0
PT-100123,52,Female,Pneumonia,Private,4,2,1,5,1,1.06,3,Home,0.94,1
PT-100124,80,Female,Other,Private,5,0,4,4,0,2.87,9,Home,1.2,1
PT-100125,59,Male,Other,Medicare,4,0,1,7,3,4.28,8,Home,1.17,1
PT-100126,23,Female,COPD,Medicare,8,0,2,3,0,5.05,13,Skilled Nursing,0.0,1
PT-100127,73,Female,Pneumonia,Private,20,0,0,4,5,1.87,12,Skilled Nursing,1.45,0
PT-100128,59,Female,Other,Medicaid,5,1,1,2,3,4.91,9,Home,1.71,0
PT-100129,64,Female,Pneumonia,Private,13,0,1,1,1,3.45,12,Home,0.99,1
PT-100130,59,Male,Heart Failure,Medicare,3,2,0,2,0,4.62,11,Home Health,1.26,1
PT-100131,58,Male,Pneumonia,Medicaid,1,0,2,3,2,3.37,13,Home,0.91,0
PT-100132,24,Male,Heart Failure,Medicaid,2,1,0,7,3,3.32,13,Home,0.36,1
PT-100133,58,Male,Other,Medicaid,3,3,0,7,3,3.07,18,Home,1.28,1
PT-100134,76,Female,Pneumonia,Medicaid,13,0,2,4,2,4.36,12,Home,2.43,1
PT-100135,40,Female,Other,Medicare,4,1,1,4,2,4.34,3,Home,1.23,1
PT-100136,62,Male,Kidney Disease,Private,8,0,0,3,0,1.26,15,Home,0.97,0
PT-100137,20,Female,COPD,Private,3,1,0,7,4,0.74,5,Home,0.67,1
PT-100138,43,Male,Kidney Disease,Medicaid,3,2,1,11,5,6.3,18,Home,1.05,1
PT-100139,49,Male,Pneumonia,Medicaid,1,1,1,5,2,0.53,7,Home,0.88,0
PT-100140,89,Male,Pneumonia,Private,13,1,2,1,3,2.54,16,Home,3.2,1
PT-100141,33,Male,Other,Medicaid,10,1,0,8,3,3.46,3,Home,0.54,1
PT-100142,38,Female,Diabetes,Self-pay,5,0,1,4,2,5.77,16,Skilled Nursing,1.0,0
PT-100143,47,Female,Other,Medicare,3,1,0,7,2,4.67,17,Home Health,0.94,0
PT-100144,90,Female,Diabetes,Medicaid,4,0,1,1,2,1.84,18,Rehab,1.73,1
PT-100145,80,Female,Heart Failure,Self-pay,1,1,1,9,0,4.18,16,Home,1.41,1
PT-100146,20,Female,Pneumonia,Medicaid,6,1,0,4,3,0.64,10,Home,0.32,0
PT-100147,35,Male,Heart Failure,Private,10,2,2,5,2,4.47,9,Home Health,0.88,1
PT-100148,77,Female,Pneumonia,Medicare,10,1,1,4,0,1.94,10,Home,1.68,1
PT-100149,22,Male,COPD,Medicare,1,0,2,7,3,3.63,3,Home,0.19,1
PT-100150,80,Female,Pneumonia,Medicaid,8,0,1,3,3,4.74,8,Home,1.9,1
PT-100151,38,Female,Other,Private,1,0,0,5,2,7.22,14,Skilled Nursing,0.83,1
PT-100152,84,Male,Other,Medicare,1,0,2,3,2,2.95,17,Home,2.08,1
PT-100153,39,Female,COPD,Medicare,9,4,1,3,1,1.33,7,Home Health,1.13,1
PT-100154,49,Male,COPD,Private,3,0,1,7,1,1.8,7,Home Health,1.47,0
PT-100155,66,Male,Diabetes,Medicare,8,0,0,5,2,4.48,17,Skilled Nursing,1.09,1
PT-100156,27,Female,COPD,Private,7,2,1,4,2,3.31,8,Home,0.0,0
PT-100157,58,Female,Pneumonia,Private,7,0,1,4,1,1.98,5,Home,1.0,1
PT-100158,54,Male,COPD,Private,4,0,1,3,1,3.35,15,Home,0.43,1
PT-100159,75,Female,Diabetes,Private,1,1,0,2,2,1.37,9,Home,1.98,0
PT-100160,90,Female,COPD,Medicare,3,1,0,5,3,3.16,11,Skilled Nursing,0.52,1
PT-100161,66,Male,Pneumonia,Private,10,0,1,5,0,5.51,8,Home Health,0.88,1
PT-100162,47,Female,Diabetes,Private,8,0,3,6,2,4.18,11,Home,0.0,0
PT-100163,47,Female,Heart Failure,Private,3,2,1,10,0,3.0,3,Home,0.69,1
PT-100164,48,Female,Other,Medicare,3,0,1,2,2,1.73,7,Home,0.11,1
PT-100165,77,Male,Heart Failure,Medicare,6,0,3,7,1,0.41,9,Home Health,1.5,1
PT-100166,41,Male,Pneumonia,Medicaid,5,0,2,4,2,1.03,6,Home Health,1.38,0
PT-100167,30,Female,COPD,Private,4,0,3,4,2,5.09,12,Home Health,0.29,1
PT-100168,42,Male,Pneumonia,Medicare,6,0,0,3,4,2.42,17,Rehab,1.31,1
PT-100169,19,Male,Kidney Disease,Private,6,2,0,3,0,3.55,12,Home,0.49,0
PT-100170,25,Male,Heart Failure,Self-pay,2,3,0,2,1,4.06,8,Home Health,0.6,0
PT-100171,24,Male,Pneumonia,Private,5,0,1,5,2,0.75,6,Home,0.0,0
PT-100172,74,Male,Diabetes,Medicare,6,0,1,4,2,1.62,1,Rehab,2.14,1
PT-100173,70,Female,Diabetes,Private,4,1,2,6,3,3.63,4,Home Health,1.33,1
PT-100174,68,Female,Pneumonia,Medicare,2,0,0,7,1,5.89,6,Skilled Nursing,1.31,1
PT-100175,51,Male,Other,Private,3,1,1,5,0,0.57,12,Home,0.72,1
PT-100176,70,Male,Other,Private,2,2,0,5,0,0.32,5,Home Health,0.71,1
PT-100177,29,Male,Diabetes,Private,5,1,1,9,1,5.58,11,Home Health,0.0,1
PT-100178,83,Male,Pneumonia,Private,1,2,0,3,2,4.83,14,Home,2.74,1
PT-100179,54,Other,Pneumonia,Private,11,4,1,0,5,1.06,5,Home,1.13,1
PT-100180,86,Female,Other,Private,9,0,0,6,2,3.4,10,Home,1.79,1
PT-100181,29,Male,COPD,Self-pay,6,0,0,7,3,5.69,14,Rehab,1.29,1
PT-100182,54,Female,Other,Medicare,8,4,0,3,3,2.25,8,Skilled Nursing,1.06,1
PT-100183,68,Female,Diabetes,Medicare,7,0,1,8,1,4.48,8,Home,1.95,1
PT-100184,54,Female,Other,Private,5,0,0,6,3,4.82,6,Home,1.25,0
PT-100185,50,Female,Diabetes,Private,4,1,2,6,2,1.21,5,Home,1.59,1
PT-100186,30,Female,Kidney Disease,Private,3,0,2,6,2,1.32,2,Home,1.17,1
PT-100187,45,Female,COPD,Medicare,11,2,1,9,0,4.66,5,Rehab,0.8,1
PT-100188,35,Male,Diabetes,Private,2,2,2,2,2,1.78,7,Home,0.0,1
PT-100189,40,Female,COPD,Private,2,0,0,5,4,4.25,10,Rehab,0.0,0
PT-100190,67,Male,Pneumonia,Medicaid,8,0,0,3,3,3.32,14,Home,1.44,1
PT-100191,64,Male,Other,Private,8,0,1,4,1,1.82,2,Home Health,0.79,0
PT-100192,62,Male,Other,Medicare,4,1,1,3,0,5.77,2,Skilled Nursing,0.77,1
PT-100193,44,Male,Other,Private,6,2,1,7,3,0.86,15,Home,1.35,1
PT-100194,88,Male,Heart Failure,Medicaid,7,1,0,2,3,5.06,6,Home Health,1.1,1
PT-100195,24,Female,COPD,Medicare,1,0,0,3,2,5.86,11,Home,0.0,0
PT-100196,43,Male,Other,Private,10,4,0,8,4,4.2,13,Home Health,0.3,1
PT-100197,26,Female,Pneumonia,Private,7,0,0,3,2,4.3,11,Home,0.0,1
PT-100198,42,Male,Pneumonia,Medicare,6,0,0,8,3,3.01,8,Rehab,1.12,1
PT-100199,88,Female,Other,Private,7,1,2,7,0,1.63,12,Home,1.89,1
PT-100200,44,Male,Diabetes,Private,5,0,3,4,1,4.42,9,Rehab,0.0,1
PT-100201,84,Male,COPD,Private,4,1,3,6,4,1.42,6,Rehab,2.25,1
PT-100202,54,Male,Diabetes,Private,5,1,3,1,4,3.11,8,Home,0.0,1
PT-100203,69,Female,Diabetes,Medicaid,1,0,0,6,3,1.44,7,Skilled Nursing,0.83,1
PT-100204,51,Male,COPD,Medicare,14,2,2,4,4,2.82,9,Skilled Nursing,2.1,1
PT-100205,37,Female,Other,Medicaid,4,0,0,3,4,1.66,3,Home,0.0,0
PT-100206,73,Other,Heart Failure,Self-pay,14,2,1,4,1,4.72,14,Home,1.83,1
PT-100207,88,Female,Pneumonia,Private,5,1,1,3,2,3.1,8,Home,2.08,0
PT-100208,37,Female,COPD,Medicaid,3,0,0,0,4,2.89,3,Home,0.26,1
PT-100209,74,Female,Heart Failure,Medicare,10,0,3,10,2,1.22,5,Home,1.37,1
PT-100210,37,Male,Diabetes,Medicare,6,2,0,9,3,2.67,4,Home Health,0.19,1
PT-100211,70,Female,Pneumonia,Medicaid,17,1,0,2,1,1.4,3,Home,2.02,1
PT-100212,75,Male,Kidney Disease,Private,3,1,3,3,2,4.38,16,Home Health,1.13,1
PT-100213,50,Male,Heart Failure,Medicare,10,0,1,6,4,5.04,14,Home,0.79,1
PT-100214,71,Male,Diabetes,Private,10,0,1,2,0,2.31,3,Home Health,0.76,0
PT-100215,37,Female,Heart Failure,Medicare,7,3,2,4,2,2.4,3,Skilled Nursing,2.09,1
PT-100216,23,Female,Other,Private,10,1,1,2,3,1.44,3,Home,1.25,0
PT-100217,25,Female,Other,Medicare,4,1,2,5,4,3.11,10,Skilled Nursing,0.66,1
PT-100218,50,Female,Other,Medicare,2,1,1,5,1,0.85,9,Home,0.79,1
PT-100219,83,Female,Diabetes,Medicare,3,0,4,4,1,4.1,10,Home,2.29,1
PT-100220,27,Male,COPD,Private,5,1,0,3,3,2.14,3,Home Health,0.0,1
PT-100221,51,Male,Heart Failure,Medicare,7,0,0,4,0,5.15,2,Home Health,0.12,1
PT-100222,69,Male,Kidney Disease,Medicaid,2,1,1,5,0,7.14,5,Home Health,1.63,1
PT-100223,32,Female,Kidney Disease,Medicaid,3,2,2,6,1,1.3,12,Home Health,1.32,0
PT-100224,70,Male,COPD,Medicare,2,0,1,7,2,3.03,20,Home,0.88,0
PT-100225,40,Male,Other,Private,8,1,2,7,3,0.87,2,Home Health,1.01,1
PT-100226,77,Male,Diabetes,Private,14,0,1,4,4,6.15,14,Home,2.24,1
PT-100227,60,Female,Heart Failure,Self-pay,2,2,0,7,2,0.6,11,Home,1.14,1
PT-100228,57,Female,Heart Failure,Private,6,0,1,4,2,1.96,4,Skilled Nursing,1.23,0
PT-100229,30,Female,COPD,Medicaid,9,1,1,3,1,5.29,10,Home Health,0.32,0
PT-100230,51,Female,Kidney Disease,Private,4,1,0,3,3,3.96,9,Home,0.0,1
PT-100231,80,Male,Diabetes,Private,1,0,1,0,5,1.23,9,Home Health,1.68,1
PT-100232,19,Male,Heart Failure,Private,10,2,2,11,2,5.77,12,Home,0.74,1
PT-100233,73,Female,Diabetes,Medicaid,1,1,0,3,0,1.06,17,Home,1.34,0
PT-100234,53,Female,Other,Medicare,11,0,1,7,3,2.63,12,Home,0.93,0
PT-100235,70,Male,COPD,Medicare,2,1,1,6,3,5.38,9,Home Health,1.88,1
PT-100236,66,Female,Pneumonia,Private,1,1,0,8,0,1.82,5,Home Health,0.91,0
PT-100237,49,Female,Heart Failure,Private,3,1,3,6,4,2.07,8,Home,1.26,1
PT-100238,40,Female,Diabetes,Private,4,2,1,2,0,1.84,9,Home,0.15,1
PT-100239,63,Other,Heart Failure,Medicare,5,0,1,5,2,1.95,7,Home,0.92,0
PT-100240,28,Female,Pneumonia,Private,7,1,1,3,4,2.51,12,Home,0.71,1
PT-100241,60,Male,Diabetes,Private,5,2,0,5,5,1.49,17,Home,1.47,1
PT-100242,24,Female,Heart Failure,Medicare,13,0,0,6,2,2.7,1,Home,0.18,1
PT-100243,65,Female,Heart Failure,Medicaid,4,0,0,5,3,1.13,5,Rehab,0.95,1
PT-100244,63,Male,COPD,Private,5,0,0,3,2,4.91,17,Home,0.0,1
PT-100245,24,Male,Other,Private,5,0,0,10,2,0.61,9,Home,0.0,0
PT-100246,73,Male,Kidney Disease,Private,1,0,0,2,2,3.05,14,Skilled Nursing,1.14,1
PT-100247,48,Female,Diabetes,Medicare,2,1,0,4,0,1.82,3,Skilled Nursing,0.42,0
PT-100248,75,Female,COPD,Self-pay,5,0,0,7,1,2.62,10,Home,1.46,1
PT-100249,21,Male,Kidney Disease,Private,6,0,1,2,4,4.27,7,Home,0.93,1
PT-100250,31,Male,COPD,Private,1,0,1,5,0,3.74,8,Home,0.0,0
PT-100251,54,Female,Diabetes,Medicaid,13,1,1,6,3,6.49,6,Home Health,0.68,1
PT-100252,31,Male,Pneumonia,Self-pay,6,2,0,7,1,1.44,16,Home,1.09,1
PT-100253,42,Male,Pneumonia,Medicare,4,1,1,2,1,3.03,6,Home,0.75,1
PT-100254,66,Female,COPD,Medicaid,6,0,2,3,2,2.34,14,Home,0.98,0
PT-100255,28,Male,Other,Private,3,2,0,4,3,1.61,8,Home Health,0.0,1
PT-100256,67,Female,COPD,Medicaid,5,1,0,2,0,2.71,17,Skilled Nursing,2.23,0
PT-100257,25,Female,Pneumonia,Medicare,6,1,4,7,5,2.96,11,Home,0.57,1
PT-100258,30,Male,Diabetes,Medicare,10,0,0,7,4,0.47,1,Home Health,0.8,1
PT-100259,60,Female,Other,Private,4,2,1,3,2,3.73,9,Home,0.68,1
PT-100260,75,Female,COPD,Medicare,1,2,1,4,2,4.53,7,Skilled Nursing,0.89,1
PT-100261,30,Male,Diabetes,Private,2,1,0,4,3,5.28,11,Home,0.95,0
PT-100262,39,Female,Diabetes,Self-pay,4,1,0,4,2,3.35,9,Home,0.28,1
PT-100263,85,Female,Diabetes,Medicare,1,3,1,4,1,3.1,1,Home,1.37,0
PT-100264,90,Male,Kidney Disease,Private,2,1,0,9,3,1.25,6,Home,1.85,0
PT-100265,60,Male,Other,Medicaid,2,0,0,3,1,1.55,6,Home Health,0.83,0
PT-100266,50,Female,Other,Medicaid,3,0,1,6,0,1.13,8,Skilled Nursing,1.06,1
PT-100267,43,Female,Diabetes,Medicare,6,1,2,6,1,4.5,10,Home Health,0.59,1
PT-100268,62,Male,Diabetes,Self-pay,3,1,1,4,2,2.01,12,Home,1.4,1
PT-100269,61,Female,Pneumonia,Private,6,1,0,4,1,2.81,11,Home,0.69,1
PT-100270,39,Male,Other,Private,4,1,0,6,1,2.62,1,Home,0.0,1
PT-100271,19,Male,Diabetes,Medicaid,2,0,2,4,2,2.72,11,Home,0.0,1
PT-100272,29,Female,COPD,Private,6,2,1,13,3,4.2,15,Home,0.16,1
PT-100273,87,Male,Heart Failure,Private,5,0,1,7,3,5.27,9,Rehab,2.65,1
PT-100274,48,Male,Heart Failure,Medicaid,7,2,3,2,1,3.87,5,Home Health,0.64,1
PT-100275,53,Female,Diabetes,Private,7,1,2,3,3,2.21,4,Home Health,0.86,0
PT-100276,52,Female,Heart Failure,Private,10,1,3,1,3,4.32,12,Home Health,1.61,1
PT-100277,75,Female,Kidney Disease,Private,6,0,0,7,2,2.49,10,Home Health,1.76,1
PT-100278,22,Male,Heart Failure,Medicaid,5,1,2,7,4,5.93,5,Home,0.0,1
PT-100279,24,Male,Pneumonia,Self-pay,7,1,0,5,4,1.93,9,Skilled Nursing,0.32,0
PT-100280,38,Male,Heart Failure,Self-pay,3,0,0,4,3,1.27,6,Home Health,0.0,1
PT-100281,53,Female,Heart Failure,Medicare,3,2,1,4,1,3.93,6,Home,1.1,1
PT-100282,66,Female,Heart Failure,Medicare,11,1,1,4,0,3.03,8,Home,1.58,1
PT-100283,53,Male,Other,Private,3,1,1,6,0,2.83,9,Home,1.0,1
PT-100284,50,Female,Diabetes,Private,2,1,1,5,1,2.95,4,Home,1.68,1
PT-100285,86,Male,COPD,Private,6,3,0,3,1,3.65,6,Home,2.02,1
PT-100286,29,Male,Other,Medicare,3,0,2,3,0,1.5,17,Home Health,0.09,0
PT-100287,59,Male,Heart Failure,Self-pay,7,0,1,0,2,3.3,3,Rehab,1.16,0
PT-100288,57,Male,Other,Medicaid,9,1,0,6,3,3.68,9,Home,0.92,1
PT-100289,52,Male,Kidney Disease,Medicare,2,1,1,6,2,3.36,11,Home,1.86,0
PT-100290,76,Male,COPD,Medicaid,7,2,3,8,2,3.67,5,Home,2.61,1
PT-100291,37,Female,Other,Medicaid,3,3,1,5,1,3.82,5,Home,0.24,0
PT-100292,87,Male,Other,Medicaid,4,1,0,5,3,4.86,4,Home,1.24,1
PT-100293,42,Male,Other,Private,5,0,5,6,4,1.23,3,Home,0.98,0
PT-100294,57,Male,Other,Medicare,3,2,1,4,1,1.49,15,Rehab,0.92,1
PT-100295,56,Male,COPD,Medicare,5,0,3,5,1,4.0,6,Home,0.95,1
PT-100296,80,Female,Pneumonia,Medicaid,4,1,2,7,2,5.23,8,Home,1.72,1
PT-100297,50,Male,Other,Private,8,2,0,6,2,2.92,4,Home,0.12,1
PT-100298,38,Female,Heart Failure,Private,8,0,3,3,4,5.97,10,Home,0.74,1
PT-100299,19,Male,Pneumonia,Medicare,3,0,0,4,2,6.43,5,Home,0.0,1
PT-100300,44,Female,Other,Private,6,0,2,4,2,4.64,12,Home,0.2,1
PT-100301,78,Male,Pneumonia,Private,8,2,1,8,0,2.46,3,Rehab,2.14,1
PT-100302,18,Female,Diabetes,Medicare,2,0,1,8,1,4.37,16,Home Health,0.0,0
PT-100303,83,Female,Kidney Disease,Self-pay,4,1,2,1,5,2.0,5,Home Health,1.86,1
PT-100304,57,Female,Pneumonia,Private,5,1,2,5,3,1.2,10,Home,2.03,1
PT-100305,28,Male,Diabetes,Private,2,1,0,7,1,4.48,10,Home,0.0,1
PT-100306,40,Female,COPD,Medicare,3,0,2,3,3,1.49,12,Skilled Nursing,0.57,0
PT-100307,58,Female,COPD,Private,12,1,1,10,0,0.36,1,Home Health,0.56,1
PT-100308,41,Female,Kidney Disease,Medicare,3,0,0,2,3,5.67,3,Home,0.75,1
PT-100309,25,Male,Other,Private,3,1,2,6,6,1.06,6,Home,0.84,1
PT-100310,66,Female,Diabetes,Self-pay,6,0,2,3,2,0.73,14,Rehab,1.28,0
PT-100311,67,Male,COPD,Private,2,0,0,3,5,5.33,7,Home,0.92,1
PT-100312,26,Male,Diabetes,Medicare,4,0,0,6,6,4.57,16,Home Health,0.06,1
PT-100313,38,Male,Diabetes,Private,2,2,2,6,0,3.48,18,Home,0.09,1
PT-100314,35,Female,Heart Failure,Medicaid,5,0,1,3,1,0.61,8,Home,0.0,1
PT-100315,66,Female,Heart Failure,Medicaid,1,2,0,7,3,0.31,19,Home,1.5,0
PT-100316,71,Male,Heart Failure,Private,5,1,0,7,2,1.02,6,Home,1.06,1
PT-100317,71,Female,Diabetes,Medicare,5,0,1,2,3,3.17,9,Home Health,1.49,0
PT-100318,86,Female,Heart Failure,Private,3,2,0,5,0,2.0,10,Home,1.25,1
PT-100319,74,Female,Pneumonia,Medicaid,3,3,0,6,2,3.93,15,Skilled Nursing,2.12,0
PT-100320,41,Female,Other,Medicaid,3,2,1,2,1,4.85,13,Home,1.03,0
PT-100321,25,Female,Pneumonia,Private,4,1,0,6,1,1.02,8,Home,0.02,0
PT-100322,62,Male,Diabetes,Self-pay,11,1,2,5,1,1.1,5,Rehab,1.52,1
PT-100323,84,Female,Kidney Disease,Medicaid,8,0,3,8,2,2.6,10,Home Health,2.3,1
PT-100324,89,Male,Diabetes,Medicare,4,1,2,5,1,3.01,11,Home Health,1.74,1
PT-100325,34,Female,Diabetes,Private,3,0,1,5,0,3.47,14,Home,0.0,0
PT-100326,35,Male,COPD,Private,7,0,2,2,1,3.68,16,Home Health,0.74,0
PT-100327,20,Female,Heart Failure,Medicaid,5,1,0,3,1,3.22,7,Home,0.0,1
PT-100328,28,Female,Other,Medicare,2,0,1,5,1,2.95,5,Home,0.0,0
PT-100329,58,Male,Pneumonia,Private,4,2,2,6,2,4.0,10,Home,0.92,1
PT-100330,57,Female,Kidney Disease,Medicaid,10,0,3,4,0,0.94,2,Home,1.59,0
PT-100331,45,Male,Diabetes,Private,6,3,0,3,0,2.05,16,Home,0.74,1
PT-100332,40,Female,Other,Medicaid,3,0,0,5,3,3.24,4,Home,0.0,1
PT-100333,78,Female,Diabetes,Private,1,1,1,2,4,2.35,9,Home,1.31,1
PT-100334,51,Male,Diabetes,Private,5,0,0,4,4,0.73,1,Home Health,0.76,1
PT-100335,77,Male,Heart Failure,Medicaid,4,0,2,8,3,0.91,4,Home,1.05,1
PT-100336,88,Male,Kidney Disease,Private,4,0,1,5,2,1.99,11,Home Health,1.01,1
PT-100337,41,Female,Pneumonia,Private,7,1,2,1,2,0.43,3,Skilled Nursing,0.0,1
PT-100338,32,Female,Other,Medicare,6,2,1,7,2,3.79,6,Skilled Nursing,0.44,1
PT-100339,87,Female,Heart Failure,Medicaid,1,0,1,7,4,0.2,16,Home,1.97,1
PT-100340,64,Male,COPD,Private,4,0,0,5,4,5.53,10,Home,0.15,1
PT-100341,39,Female,Heart Failure,Private,2,0,3,8,1,2.72,6,Home,1.39,0
PT-100342,63,Male,Diabetes,Medicaid,3,2,3,2,2,2.14,1,Rehab,0.74,1
PT-100343,55,Male,Diabetes,Medicaid,1,1,2,5,1,0.86,14,Skilled Nursing,0.98,1
PT-100344,84,Female,COPD,Private,1,1,2,4,0,2.24,17,Skilled Nursing,1.67,1
PT-100345,36,Female,Heart Failure,Private,5,1,1,4,1,0.37,1,Home Health,0.0,1
PT-100346,90,Female,Heart Failure,Private,5,0,3,6,2,2.8,1,Home,1.74,1
PT-100347,86,Female,Other,Self-pay,4,1,1,5,4,5.69,12,Home Health,2.41,1
PT-100348,31,Male,Pneumonia,Private,3,0,1,5,1,4.65,5,Home Health,0.0,0
PT-100349,30,Female,Heart Failure,Medicaid,1,0,1,5,3,1.33,13,Home Health,0.93,1
PT-100350,56,Male,Pneumonia,Private,3,1,1,5,6,4.17,5,Home Health,0.01,1
PT-100351,21,Female,Heart Failure,Private,5,1,0,9,5,2.38,15,Home,0.38,0
PT-100352,39,Female,Diabetes,Medicare,5,0,3,6,0,2.16,1,Home,0.67,1
PT-100353,49,Male,COPD,Self-pay,10,2,0,2,2,1.3,7,Home,0.76,1
PT-100354,88,Female,Other,Private,9,1,2,5,1,3.25,7,Home,2.27,1
PT-100355,90,Male,Pneumonia,Private,4,1,0,4,1,1.57,11,Home,1.38,1
PT-100356,29,Female,COPD,Medicare,3,2,1,6,3,5.03,8,Skilled Nursing,0.48,1
PT-100357,83,Male,COPD,Medicaid,2,0,2,9,1,1.21,7,Home,1.89,0
PT-100358,24,Female,Pneumonia,Medicare,1,0,0,0,2,1.71,6,Home,0.0,0
PT-100359,72,Male,Diabetes,Private,2,0,1,6,2,5.32,1,Home Health,1.48,1
PT-100360,79,Female,Pneumonia,Medicare,5,2,0,4,1,5.5,6,Home,1.23,1
PT-100361,83,Male,Heart Failure,Private,6,1,4,3,1,1.32,4,Home,2.06,0
PT-100362,34,Female,Heart Failure,Private,3,1,2,2,5,2.01,10,Home,0.29,1
PT-100363,83,Male,Heart Failure,Medicaid,17,0,0,7,1,2.92,5,Home Health,2.32,1
PT-100364,26,Female,Other,Private,2,1,0,9,2,2.51,12,Home,0.0,0
PT-100365,55,Female,Other,Private,1,0,3,7,2,1.4,6,Home,0.35,0
PT-100366,52,Female,Kidney Disease,Medicare,17,1,0,3,2,5.33,7,Home,2.23,1
PT-100367,41,Female,Heart Failure,Private,1,0,1,7,2,2.22,8,Home,0.72,1
PT-100368,19,Female,Heart Failure,Private,3,1,1,6,0,0.65,5,Home,0.0,0
PT-100369,74,Female,Kidney Disease,Private,2,0,0,3,1,2.78,9,Home,0.61,0
PT-100370,42,Other,Kidney Disease,Medicaid,5,0,2,7,2,1.05,1,Home,0.37,1
PT-100371,66,Female,COPD,Private,3,0,0,6,0,4.52,10,Skilled Nursing,0.81,0
PT-100372,47,Female,COPD,Private,6,0,1,6,3,4.37,9,Home Health,0.72,0
PT-100373,45,Female,Other,Self-pay,7,0,2,3,1,5.24,10,Home,1.26,1
PT-100374,82,Male,Heart Failure,Medicare,1,1,1,5,3,4.65,14,Home,2.68,1
PT-100375,24,Female,Diabetes,Private,2,2,0,5,2,3.44,18,Home,0.07,0
PT-100376,71,Male,Other,Self-pay,7,4,1,5,2,3.59,7,Home,1.8,1
PT-100377,72,Female,Heart Failure,Medicaid,8,0,0,5,5,5.34,4,Skilled Nursing,1.52,1
PT-100378,45,Male,Diabetes,Medicaid,5,2,4,3,2,0.75,6,Home,0.43,0
PT-100379,37,Male,Pneumonia,Medicare,6,1,1,4,2,6.06,15,Home Health,0.91,1
PT-100380,18,Female,Other,Private,10,0,3,4,2,5.67,3,Rehab,0.25,1
PT-100381,86,Male,COPD,Medicare,3,1,0,5,2,1.37,21,Rehab,2.28,0
PT-100382,87,Male,Diabetes,Medicare,5,2,1,3,2,2.37,9,Home,1.5,0
PT-100383,35,Female,Diabetes,Private,9,0,1,4,3,1.21,10,Home,0.62,0
PT-100384,20,Female,Pneumonia,Medicare,9,2,2,2,2,3.75,16,Home,0.0,0
PT-100385,26,Male,Other,Private,4,0,1,2,3,5.51,6,Skilled Nursing,0.26,1
PT-100386,22,Female,Other,Private,2,0,1,3,3,2.69,10,Home,0.25,1
PT-100387,78,Female,Kidney Disease,Medicare,4,0,2,5,3,2.75,14,Home Health,1.28,1
PT-100388,83,Female,Pneumonia,Medicare,4,0,2,6,5,1.19,3,Home,1.97,1
PT-100389,29,Female,COPD,Medicaid,2,0,1,5,1,0.8,1,Home,0.22,0
PT-100390,72,Male,Pneumonia,Medicare,2,1,3,5,3,0.29,9,Home,0.59,1
PT-100391,31,Female,Heart Failure,Medicare,9,3,1,8,1,3.43,2,Home Health,0.0,1
PT-100392,44,Male,Other,Medicare,6,0,2,5,1,1.51,10,Home,0.54,1
PT-100393,61,Female,Heart Failure,Medicaid,3,1,1,6,1,3.39,7,Home,0.7,1
PT-100394,70,Female,Diabetes,Private,2,0,0,3,3,1.34,13,Home,1.78,1
PT-100395,81,Male,Other,Private,3,1,0,3,1,1.17,13,Rehab,1.64,0
PT-100396,21,Male,Kidney Disease,Medicare,1,0,0,8,4,3.03,1,Home,0.19,1
PT-100397,32,Female,Pneumonia,Medicaid,5,1,1,4,1,4.05,6,Home,0.63,1
PT-100398,38,Male,Diabetes,Private,2,0,1,5,4,2.53,2,Home,0.94,1
PT-100399,40,Female,Other,Private,5,0,1,5,3,3.18,10,Home,0.3,1
PT-100400,90,Male,Heart Failure,Private,7,0,0,5,0,5.86,2,Skilled Nursing,1.9,1
PT-100401,74,Male,Other,Private,5,1,1,4,3,1.67,13,Home,2.42,1
PT-100402,41,Male,Other,Private,3,0,1,8,1,3.66,1,Home Health,0.79,1
PT-100403,88,Female,Other,Medicaid,2,2,1,6,0,2.14,7,Home,1.42,1
PT-100404,54,Female,Heart Failure,Private,2,1,1,5,0,1.01,4,Home,0.0,0
PT-100405,54,Female,Kidney Disease,Private,9,2,2,5,3,3.54,6,Home,0.59,1
PT-100406,49,Female,Heart Failure,Medicare,5,0,1,4,1,2.19,5,Home,0.74,0
PT-100407,28,Female,Kidney Disease,Medicaid,3,0,2,6,2,5.71,8,Home,0.0,1
PT-100408,86,Male,COPD,Medicaid,6,1,0,10,2,2.24,2,Skilled Nursing,1.13,1
PT-100409,19,Female,Heart Failure,Private,8,1,3,6,3,3.69,6,Home,0.75,0
PT-100410,30,Male,Heart Failure,Medicaid,2,1,1,6,1,2.36,17,Home Health,0.75,0
PT-100411,34,Male,Other,Private,5,1,5,6,1,2.12,8,Home,0.0,1
PT-100412,38,Female,Heart Failure,Medicare,5,1,1,0,0,2.48,16,Home,1.12,1
PT-100413,27,Male,Diabetes,Medicare,10,0,1,8,2,1.38,8,Home,0.07,0
PT-100414,19,Female,Pneumonia,Medicare,3,3,0,4,2,3.16,5,Home,0.22,0
PT-100415,67,Female,Heart Failure,Private,2,1,1,6,2,3.28,2,Home,0.33,0
PT-100416,88,Female,Pneumonia,Medicaid,5,2,0,5,3,1.54,10,Home,2.37,0
PT-100417,26,Male,Pneumonia,Medicare,7,0,1,8,2,2.54,16,Skilled Nursing,0.0,0
PT-100418,39,Female,Diabetes,Private,5,0,2,7,5,0.57,13,Home Health,0.09,0
PT-100419,54,Female,Heart Failure,Private,11,2,2,3,3,1.66,11,Home,1.44,1
PT-100420,85,Female,Other,Private,3,2,1,7,1,1.78,15,Home,0.84,1
PT-100421,68,Female,Diabetes,Private,5,1,0,6,1,5.04,12,Skilled Nursing,1.09,1
PT-100422,73,Male,Kidney Disease,Private,1,2,1,6,0,1.02,13,Home,0.49,0
PT-100423,60,Female,Heart Failure,Private,2,2,1,6,4,4.02,12,Home,1.77,1
PT-100424,48,Male,Diabetes,Medicare,2,2,1,4,4,2.6,13,Home,1.39,1
PT-100425,32,Male,Other,Medicare,4,0,2,2,4,6.3,3,Home Health,0.12,1
PT-100426,81,Male,Diabetes,Private,1,0,0,3,1,2.64,5,Home Health,1.64,1
PT-100427,76,Male,Other,Medicare,6,1,1,6,2,1.53,17,Home,1.15,1
PT-100428,19,Female,Diabetes,Medicare,2,0,0,6,5,1.92,5,Home,0.58,0
PT-100429,70,Male,COPD,Medicaid,15,4,2,13,2,1.54,3,Home Health,1.97,1
PT-100430,24,Female,Other,Medicaid,2,0,1,3,2,5.54,11,Home Health,0.67,1
PT-100431,71,Female,Diabetes,Medicaid,4,1,1,3,1,5.17,7,Home,0.93,1
PT-100432,78,Male,Heart Failure,Private,4,0,1,11,3,1.0,16,Home,1.51,1
PT-100433,27,Female,COPD,Medicare,2,1,1,8,3,1.3,1,Home,0.5,1
PT-100434,49,Male,Kidney Disease,Medicare,4,1,2,2,3,2.02,2,Home,1.72,1
PT-100435,27,Female,Kidney Disease,Private,4,1,0,4,2,3.29,18,Home Health,0.25,1
PT-100436,59,Male,Kidney Disease,Private,7,0,2,3,1,3.59,4,Home Health,0.52,0
PT-100437,85,Female,Other,Medicare,5,2,0,1,2,0.81,5,Home,0.89,1
PT-100438,23,Female,COPD,Private,6,0,3,6,0,1.08,7,Home,0.0,0
PT-100439,47,Male,Diabetes,Private,7,1,0,5,4,2.25,1,Home Health,0.99,1
PT-100440,89,Female,Other,Private,6,0,0,5,2,2.07,11,Home,0.69,1
PT-100441,39,Male,COPD,Private,5,0,1,7,2,4.49,1,Home,0.52,0
PT-100442,27,Male,Other,Private,2,0,2,3,2,3.35,11,Home Health,0.55,1
PT-100443,53,Male,Heart Failure,Medicare,5,0,1,2,4,3.39,1,Home,0.36,1
PT-100444,55,Male,Diabetes,Private,2,0,1,4,1,3.52,12,Home,0.38,1
PT-100445,66,Male,Other,Private,4,1,0,4,4,1.59,7,Home,0.24,1
PT-100446,40,Male,Heart Failure,Medicare,3,0,0,9,2,1.08,7,Home,0.17,0
PT-100447,87,Male,Diabetes,Medicare,4,0,2,7,2,3.79,11,Home,1.38,1
PT-100448,56,Female,Other,Private,1,1,2,3,2,6.93,12,Home Health,1.35,1
PT-100449,38,Female,Pneumonia,Medicare,1,0,0,4,4,0.49,8,Skilled Nursing,0.45,1
PT-100450,88,Female,Pneumonia,Private,3,1,0,5,1,2.48,8,Rehab,1.84,0
PT-100451,85,Male,COPD,Medicare,8,1,0,6,2,3.96,5,Skilled Nursing,2.18,1
PT-100452,54,Female,Pneumonia,Private,4,0,1,6,1,3.09,10,Home,1.87,0
PT-100453,19,Female,Diabetes,Private,8,0,2,6,0,3.4,15,Home,0.01,1
PT-100454,61,Other,Heart Failure,Private,2,1,0,5,2,2.89,11,Home,0.51,1
PT-100455,58,Male,Heart Failure,Private,3,0,3,4,3,3.43,2,Home Health,0.64,1
PT-100456,28,Male,Other,Private,15,0,2,8,2,2.59,8,Home,0.76,1
PT-100457,64,Female,Other,Medicare,2,1,2,5,0,2.54,5,Home Health,1.22,1
PT-100458,79,Male,Heart Failure,Medicaid,6,0,1,5,4,3.79,2,Home,1.88,1
PT-100459,25,Male,COPD,Private,6,2,1,9,1,1.55,7,Home Health,0.0,0
PT-100460,70,Male,Heart Failure,Medicare,6,1,1,7,2,5.88,10,Home Health,2.1,1
PT-100461,28,Male,COPD,Medicare,6,1,2,3,1,2.63,11,Home,0.24,1
PT-100462,72,Male,Pneumonia,Medicaid,2,1,0,5,1,1.84,10,Home,0.72,0
PT-100463,48,Other,Heart Failure,Private,3,1,1,6,1,1.49,5,Home,1.31,1
PT-100464,18,Male,Other,Private,1,0,1,7,1,5.51,3,Home,0.69,1
PT-100465,88,Female,COPD,Self-pay,10,0,3,3,1,2.08,2,Home,2.68,1
PT-100466,30,Male,Other,Private,6,1,2,6,5,6.12,7,Home,0.09,1
PT-100467,61,Male,Pneumonia,Private,2,1,0,3,0,3.47,11,Home,1.71,1
PT-100468,31,Male,COPD,Private,2,1,1,4,4,4.76,10,Home,0.24,1
PT-100469,86,Male,Pneumonia,Medicaid,9,1,4,5,2,2.95,3,Rehab,1.65,1
PT-100470,71,Male,Heart Failure,Medicare,2,2,4,5,0,6.18,16,Home,1.45,1
PT-100471,76,Female,Kidney Disease,Medicare,2,1,0,4,5,2.04,9,Skilled Nursing,1.52,0
PT-100472,49,Male,Pneumonia,Medicaid,2,0,0,1,4,2.62,12,Home Health,0.53,1
PT-100473,52,Male,Kidney Disease,Private,7,0,5,5,0,5.45,11,Home,0.63,1
PT-100474,64,Male,Pneumonia,Private,8,2,1,7,2,2.07,1,Home,1.43,1
PT-100475,75,Female,Diabetes,Medicare,3,1,0,6,1,2.91,12,Home,1.07,1
PT-100476,79,Male,Other,Private,8,1,2,5,2,2.78,15,Home,2.09,1
PT-100477,19,Male,Pneumonia,Private,5,2,2,4,2,3.84,3,Skilled Nursing,0.11,1
PT-100478,66,Male,Diabetes,Private,2,0,1,5,0,1.44,3,Home,0.47,0
PT-100479,25,Other,Diabetes,Medicare,10,1,1,9,2,4.55,10,Home Health,0.0,1
PT-100480,39,Female,Other,Medicare,2,2,1,7,2,2.46,8,Home,0.77,1
PT-100481,78,Female,Diabetes,Medicare,4,0,2,5,4,4.92,11,Home Health,1.76,1
PT-100482,36,Male,Pneumonia,Medicaid,4,1,3,1,3,0.78,3,Home,0.87,1
PT-100483,76,Male,Heart Failure,Medicaid,3,0,0,5,2,2.52,11,Home Health,1.38,1
PT-100484,51,Female,Diabetes,Private,1,1,2,3,5,1.98,1,Home,1.32,1
PT-100485,34,Female,Other,Medicaid,13,1,2,7,0,3.02,6,Home Health,0.19,1
PT-100486,42,Female,Other,Private,1,0,2,5,3,3.03,10,Home,0.51,1
PT-100487,56,Female,COPD,Medicare,10,1,0,6,1,2.72,4,Skilled Nursing,1.83,0
PT-100488,73,Female,Other,Private,2,1,0,5,4,4.24,8,Home,1.64,1
PT-100489,62,Male,Other,Medicaid,3,1,1,1,1,4.19,13,Skilled Nursing,1.54,1
PT-100490,86,Female,Heart Failure,Self-pay,10,1,0,6,1,3.0,4,Home,1.11,1
PT-100491,81,Male,Kidney Disease,Private,6,1,0,8,2,2.68,6,Home,1.37,1
PT-100492,72,Female,Pneumonia,Medicaid,1,0,2,6,1,0.69,1,Home,0.76,1
PT-100493,62,Female,Kidney Disease,Medicare,1,1,4,4,0,5.63,9,Home Health,0.36,0
PT-100494,39,Female,COPD,Private,5,1,1,4,1,2.26,15,Home,0.46,1
PT-100495,48,Female,COPD,Private,2,0,2,5,3,2.44,3,Home,0.55,1
PT-100496,26,Male,Pneumonia,Medicare,6,1,0,3,4,3.24,6,Home,0.35,0
PT-100497,45,Male,Pneumonia,Private,6,2,3,9,4,3.56,13,Home,1.15,1
PT-100498,85,Female,Pneumonia,Self-pay,2,0,1,5,1,4.03,15,Home Health,1.27,1
PT-100499,49,Female,Heart Failure,Private,3,2,3,5,3,0.57,8,Home,1.25,0
PT-100500,26,Female,Kidney Disease,Medicare,5,0,1,6,2,6.07,3,Skilled Nursing,0.65,1
PT-100501,65,Male,Kidney Disease,Private,2,0,0,5,1,0.59,6,Home,0.02,1
PT-100502,88,Male,Diabetes,Private,4,2,2,6,3,2.43,11,Home,1.76,1
PT-100503,81,Female,Pneumonia,Private,16,1,0,6,2,2.5,5,Home Health,2.33,1
PT-100504,38,Male,Diabetes,Medicare,5,1,0,3,3,4.58,6,Home Health,0.27,1
PT-100505,51,Female,Kidney Disease,Self-pay,3,0,0,4,0,8.29,4,Skilled Nursing,1.29,1
PT-100506,56,Female,Other,Medicare,14,0,1,6,2,2.48,13,Home,2.01,1
PT-100507,36,Female,Heart Failure,Private,7,1,5,5,2,4.05,9,Rehab,0.22,1
PT-100508,37,Male,Diabetes,Private,2,0,2,4,4,4.58,5,Home,0.41,1
PT-100509,35,Female,Diabetes,Private,2,1,1,2,1,3.46,8,Home,0.48,0
PT-100510,90,Male,Heart Failure,Private,1,0,3,6,2,2.63,10,Home,2.54,1
PT-100511,72,Female,Heart Failure,Private,5,0,0,5,2,1.84,1,Home,1.54,1
PT-100512,79,Female,COPD,Private,1,0,1,5,0,3.92,10,Home,1.34,1
PT-100513,77,Male,Pneumonia,Private,14,0,2,4,1,1.67,14,Home,1.79,1
PT-100514,88,Male,Kidney Disease,Medicare,3,0,1,7,1,2.39,4,Home,1.81,1
PT-100515,25,Female,Other,Private,7,0,0,4,2,4.78,4,Home,0.2,0
PT-100516,82,Female,COPD,Private,3,0,1,7,2,2.33,14,Home,1.54,1
PT-100517,22,Female,Diabetes,Medicare,5,2,0,6,6,2.48,1,Home,0.5,1
PT-100518,52,Male,Pneumonia,Medicare,4,1,1,2,3,3.5,19,Home,0.96,1
PT-100519,61,Male,Heart Failure,Medicare,4,2,0,4,2,1.41,3,Home Health,1.03,1
PT-100520,44,Female,COPD,Private,9,1,1,4,2,5.84,6,Home,1.53,1
PT-100521,28,Male,Diabetes,Medicaid,12,0,1,5,1,0.75,3,Home Health,0.7,0
PT-100522,32,Female,COPD,Medicare,11,1,2,5,0,1.41,2,Home,0.44,1
PT-100523,78,Male,Heart Failure,Private,24,1,0,5,1,6.56,10,Home,2.96,1
PT-100524,41,Male,Pneumonia,Medicare,2,0,4,5,2,1.49,10,Home,0.0,0
PT-100525,40,Male,Other,Private,5,2,2,6,5,4.48,5,Home,0.84,1
PT-100526,85,Male,COPD,Medicaid,2,1,2,4,1,2.58,1,Home,1.61,1
PT-100527,28,Male,Heart Failure,Private,9,0,1,3,2,1.11,6,Home,0.32,0
PT-100528,84,Male,Other,Private,2,1,1,8,1,2.06,10,Skilled Nursing,1.81,1
PT-100529,85,Female,Diabetes,Private,9,0,1,10,1,3.82,8,Home,2.0,1
PT-100530,61,Male,Other,Private,5,1,1,4,1,2.82,9,Home,1.21,0
PT-100531,30,Male,Pneumonia,Private,4,0,0,8,1,3.69,6,Skilled Nursing,0.0,0
PT-100532,29,Male,Other,Private,4,0,0,3,1,4.46,1,Home,0.58,1
PT-100533,38,Female,Other,Medicaid,2,2,1,8,3,4.25,1,Home,0.36,1
PT-100534,60,Female,Other,Private,2,1,4,2,2,2.68,13,Home Health,1.14,1
PT-100535,29,Male,Heart Failure,Private,5,1,1,6,1,4.2,9,Home,0.46,0
PT-100536,51,Female,Kidney Disease,Medicaid,5,0,2,6,0,3.57,3,Home,0.0,0
PT-100537,26,Female,Other,Private,2,2,0,2,3,1.1,8,Home,0.16,0
PT-100538,57,Female,Other,Medicaid,3,0,2,4,3,3.35,17,Home,0.02,1
PT-100539,19,Female,Other,Private,6,1,1,6,1,2.94,5,Home Health,0.0,1
PT-100540,69,Male,Diabetes,Private,2,1,2,3,2,2.91,8,Home,0.28,1
PT-100541,22,Female,COPD,Private,1,0,2,4,2,4.18,11,Home,0.58,1
PT-100542,32,Male,Other,Medicaid,11,0,0,4,1,3.46,5,Home,0.1,0
PT-100543,30,Other,Diabetes,Private,5,0,4,6,1,5.16,21,Rehab,0.0,0
PT-100544,78,Female,Heart Failure,Self-pay,3,0,1,7,0,4.11,7,Home Health,2.3,1
PT-100545,21,Male,Other,Medicare,2,1,0,2,0,4.04,14,Home,0.0,0
PT-100546,49,Male,Pneumonia,Self-pay,2,0,5,5,1,1.53,12,Home Health,1.14,0
PT-100547,61,Male,Other,Private,9,1,1,5,2,1.31,12,Home Health,0.67,1
PT-100548,55,Male,Pneumonia,Private,1,0,4,3,0,3.79,11,Home Health,0.19,1
PT-100549,67,Male,Other,Medicare,5,1,1,6,2,3.32,1,Home,1.2,1
PT-100550,76,Other,COPD,Medicaid,5,1,1,2,3,2.72,1,Home Health,1.27,1
PT-100551,46,Female,Heart Failure,Medicare,7,2,2,4,5,2.41,16,Home,0.91,1
PT-100552,78,Other,Kidney Disease,Medicare,3,1,1,4,5,1.92,3,Home,1.7,1
PT-100553,41,Female,Other,Private,10,0,3,4,1,2.97,17,Skilled Nursing,0.29,1
PT-100554,89,Male,Other,Medicare,7,0,1,3,2,1.6,1,Home Health,1.0,1
PT-100555,54,Male,Kidney Disease,Private,3,3,0,6,2,5.79,6,Home,1.17,1
PT-100556,71,Male,Other,Private,2,0,0,6,0,3.07,9,Home Health,0.92,0
PT-100557,81,Male,Kidney Disease,Private,4,3,1,8,0,1.97,6,Home,1.24,1
PT-100558,75,Female,Heart Failure,Private,3,1,1,3,1,4.35,12,Home Health,2.15,1
PT-100559,80,Female,Kidney Disease,Medicare,2,3,0,10,2,4.15,18,Home Health,1.95,1
PT-100560,57,Other,Heart Failure,Private,4,0,1,9,3,1.12,4,Home,0.78,1
PT-100561,21,Male,Heart Failure,Private,3,4,0,4,1,7.2,3,Home,0.0,0
PT-100562,53,Male,Heart Failure,Private,11,1,0,4,4,3.68,10,Skilled Nursing,0.1,1
PT-100563,31,Male,Heart Failure,Private,3,0,1,4,3,3.19,10,Home,0.0,0
PT-100564,82,Female,Other,Private,2,1,2,3,3,5.17,3,Home,1.83,1
PT-100565,35,Male,Kidney Disease,Private,4,0,0,2,2,3.05,17,Skilled Nursing,1.08,0
PT-100566,34,Male,Diabetes,Self-pay,5,1,1,5,1,1.4,4,Home,0.0,0
PT-100567,36,Male,Kidney Disease,Self-pay,5,1,0,4,1,2.47,12,Home Health,0.16,0
PT-100568,64,Female,Heart Failure,Private,5,1,0,3,1,1.04,8,Home Health,1.05,1
PT-100569,59,Female,Other,Medicaid,4,1,2,10,0,0.57,13,Home Health,0.99,1
PT-100570,87,Male,Pneumonia,Medicare,4,0,0,1,2,2.26,3,Home,1.06,1
PT-100571,48,Male,Other,Private,6,0,1,1,3,0.21,11,Skilled Nursing,0.23,0
PT-100572,38,Male,Kidney Disease,Private,2,0,2,7,0,2.66,1,Rehab,1.49,1
PT-100573,21,Female,Diabetes,Medicare,2,0,1,5,4,1.2,7,Home,0.0,0
PT-100574,18,Male,COPD,Medicare,1,0,1,4,3,0.84,5,Skilled Nursing,0.61,0
PT-100575,45,Female,Diabetes,Medicaid,2,0,1,2,2,0.91,10,Home,0.76,0
PT-100576,85,Female,Other,Medicare,8,1,1,5,3,2.45,17,Home,1.87,1
PT-100577,56,Female,Pneumonia,Medicare,6,0,0,3,2,4.28,4,Skilled Nursing,1.05,1
PT-100578,83,Male,COPD,Medicare,12,0,0,5,0,1.81,9,Home Health,2.43,1
PT-100579,25,Male,Diabetes,Medicare,11,1,1,4,2,1.61,6,Home Health,0.45,0
PT-100580,24,Male,Diabetes,Medicaid,6,1,3,4,2,1.82,15,Home,0.56,1
PT-100581,78,Male,COPD,Medicaid,5,1,1,5,4,5.38,10,Home,2.59,1
PT-100582,25,Male,Heart Failure,Medicare,4,0,3,3,0,2.99,6,Home,0.5,1
PT-100583,21,Male,Diabetes,Self-pay,1,1,0,8,0,4.36,12,Rehab,0.0,0
PT-100584,47,Male,COPD,Private,4,2,3,4,2,1.43,3,Home,0.05,1
PT-100585,85,Female,Diabetes,Medicare,3,2,1,11,3,4.82,9,Home Health,1.95,1
PT-100586,68,Female,Pneumonia,Medicaid,2,0,0,3,2,1.37,7,Home,0.7,1
PT-100587,25,Male,Kidney Disease,Medicare,5,2,1,5,0,4.41,12,Home,0.19,0
PT-100588,79,Female,Diabetes,Medicaid,4,0,0,7,3,1.49,1,Home Health,1.71,1
PT-100589,79,Female,COPD,Medicare,4,0,4,2,2,4.01,4,Home,2.47,1
PT-100590,76,Female,Heart Failure,Private,2,1,2,6,0,1.55,7,Home,1.08,1
PT-100591,83,Male,COPD,Medicaid,7,0,3,6,2,4.75,1,Skilled Nursing,1.65,1
PT-100592,35,Male,COPD,Medicare,3,0,2,5,2,3.79,1,Home,0.0,0
PT-100593,89,Female,Pneumonia,Private,5,2,1,6,0,0.93,14,Home,1.65,1
PT-100594,41,Male,COPD,Medicaid,3,1,0,3,3,1.83,7,Home,0.06,1
PT-100595,76,Male,Other,Medicare,1,2,1,5,1,3.65,15,Skilled Nursing,1.61,0
PT-100596,60,Male,Diabetes,Private,6,2,1,4,3,2.38,8,Home,1.09,1
PT-100597,74,Male,Heart Failure,Private,4,0,0,13,2,3.03,14,Home,1.15,1
PT-100598,63,Male,COPD,Medicaid,1,1,3,4,0,2.45,2,Home,1.33,1
PT-100599,64,Male,Diabetes,Self-pay,2,1,0,4,2,2.61,11,Home,1.06,1
PT-100600,62,Male,Heart Failure,Private,7,3,0,1,0,2.08,1,Skilled Nursing,1.51,0
PT-100601,74,Female,Diabetes,Private,1,2,0,5,1,0.12,10,Home,0.92,1
PT-100602,71,Male,COPD,Private,3,1,0,3,2,1.61,19,Skilled Nursing,1.66,0
PT-100603,27,Female,Diabetes,Medicare,13,1,1,8,1,5.55,6,Home,0.0,1
PT-100604,78,Female,Other,Private,6,0,2,3,0,2.81,10,Home,1.79,0
PT-100605,57,Female,COPD,Private,7,1,2,5,3,0.24,7,Home,0.88,1
PT-100606,41,Male,Diabetes,Private,3,1,2,2,4,3.61,10,Skilled Nursing,0.24,0
PT-100607,55,Female,Heart Failure,Private,1,0,1,3,2,6.96,8,Home Health,0.87,1
PT-100608,88,Male,Diabetes,Private,5,1,2,4,1,2.71,20,Home Health,2.55,1
PT-100609,80,Female,COPD,Private,2,2,3,2,2,6.24,10,Home,1.67,1
PT-100610,78,Male,Diabetes,Medicaid,2,0,1,4,1,1.85,4,Home,1.31,0
PT-100611,51,Male,Pneumonia,Medicaid,4,0,1,6,2,5.75,5,Home,0.1,1
PT-100612,75,Female,Pneumonia,Private,2,1,3,6,5,3.27,15,Home,3.07,0
PT-100613,46,Female,Diabetes,Medicaid,4,2,1,4,2,2.95,7,Home,0.18,1
PT-100614,68,Female,Other,Private,2,1,1,7,1,3.21,14,Home,1.25,1
PT-100615,64,Female,COPD,Medicaid,4,1,1,5,1,4.74,13,Skilled Nursing,1.23,0
PT-100616,36,Male,Diabetes,Medicaid,3,1,0,4,0,1.99,6,Home,0.13,0
PT-100617,37,Male,Diabetes,Private,4,1,1,7,2,3.27,5,Home,0.77,1
PT-100618,22,Male,Other,Private,10,2,2,6,2,5.23,11,Home Health,0.82,1
PT-100619,28,Female,Kidney Disease,Private,7,1,0,4,2,5.88,3,Home,0.0,1
PT-100620,49,Male,Kidney Disease,Medicaid,4,1,1,7,1,1.52,14,Home,1.53,1
PT-100621,52,Female,Diabetes,Private,9,1,1,5,2,4.32,5,Home Health,0.63,1
PT-100622,30,Female,Other,Medicaid,5,0,2,6,1,5.08,7,Home,0.01,1
PT-100623,48,Female,Pneumonia,Private,9,1,2,7,2,5.94,10,Home,0.57,1
PT-100624,62,Female,Other,Medicare,1,1,1,5,5,3.21,10,Home,0.76,1
PT-100625,34,Female,Other,Medicare,2,0,3,4,4,3.69,3,Home,1.21,1
PT-100626,42,Female,Pneumonia,Medicaid,5,1,2,5,2,4.38,1,Home Health,0.54,1
PT-100627,44,Male,Pneumonia,Private,4,1,1,7,2,1.6,5,Home,1.1,0
PT-100628,54,Male,COPD,Medicare,4,0,0,7,1,4.22,10,Home,1.16,1
PT-100629,44,Male,Pneumonia,Medicare,6,0,2,6,1,4.56,13,Home,1.36,1
PT-100630,71,Female,COPD,Medicare,5,0,0,8,1,2.02,1,Skilled Nursing,0.53,1
PT-100631,41,Male,Pneumonia,Medicare,7,1,1,7,0,5.74,8,Skilled Nursing,0.2,0
PT-100632,49,Female,Pneumonia,Private,7,2,2,3,1,4.13,1,Rehab,1.13,0
PT-100633,45,Female,Other,Private,2,1,1,8,4,2.09,1,Home Health,1.35,1
PT-100634,31,Male,Pneumonia,Self-pay,1,1,0,8,4,4.19,19,Home Health,0.0,1
PT-100635,68,Male,Diabetes,Private,2,1,1,3,3,1.87,5,Home,0.77,0
PT-100636,35,Male,COPD,Private,2,0,0,2,1,4.97,9,Home,0.51,1
PT-100637,39,Female,COPD,Private,4,0,1,4,2,2.51,12,Home,0.51,0
PT-100638,75,Female,Kidney Disease,Medicaid,4,0,2,5,0,4.62,17,Home,0.87,1
PT-100639,87,Male,Other,Private,3,1,1,6,1,2.3,7,Skilled Nursing,0.89,1
PT-100640,66,Female,Other,Medicare,5,2,1,6,1,3.18,4,Home,0.71,1
PT-100641,84,Male,Other,Medicare,17,0,1,10,2,3.13,5,Home,2.29,1
PT-100642,80,Male,Diabetes,Private,3,0,4,7,0,5.45,7,Home,1.95,1
PT-100643,53,Female,Pneumonia,Medicare,5,1,1,2,0,1.63,8,Home,1.25,1
PT-100644,74,Female,Diabetes,Private,4,1,0,7,0,0.65,8,Home,0.7,0
PT-100645,41,Male,Pneumonia,Medicare,3,0,2,3,2,3.15,5,Home,1.09,1
PT-100646,51,Female,Kidney Disease,Private,6,0,2,5,3,0.16,2,Skilled Nursing,1.62,1
PT-100647,57,Male,Kidney Disease,Medicaid,3,1,1,3,4,1.31,16,Home,1.36,1
PT-100648,88,Male,Heart Failure,Private,2,1,1,7,2,3.34,8,Home Health,1.78,1
PT-100649,79,Male,Pneumonia,Medicare,2,0,2,10,1,2.38,4,Home Health,1.66,1
PT-100650,53,Female,Other,Private,7,1,0,6,3,4.21,1,Home,0.27,1
PT-100651,65,Male,Pneumonia,Medicaid,6,1,0,0,0,1.57,9,Home,0.13,1
PT-100652,32,Male,Other,Medicaid,3,1,1,5,4,1.0,7,Skilled Nursing,0.51,1
PT-100653,76,Male,Heart Failure,Medicare,5,1,2,1,0,1.67,4,Rehab,1.28,1
PT-100654,58,Female,Kidney Disease,Private,4,1,2,4,5,2.62,12,Home,0.0,1
PT-100655,56,Other,Heart Failure,Medicaid,5,3,2,4,4,5.38,2,Home,1.49,1
PT-100656,73,Female,Heart Failure,Medicare,2,0,0,5,3,1.26,8,Home,1.82,1
PT-100657,64,Male,Pneumonia,Medicaid,2,2,1,6,2,4.78,10,Home,1.86,1
PT-100658,23,Male,COPD,Medicaid,3,0,2,5,2,0.12,3,Home,0.26,0
PT-100659,39,Male,COPD,Private,2,0,1,6,1,1.91,9,Home,0.06,0
PT-100660,30,Male,Other,Private,2,0,1,4,3,3.11,7,Home,0.9,0
PT-100661,71,Female,Other,Private,1,1,2,5,1,1.34,11,Home,1.8,1
PT-100662,20,Female,Heart Failure,Medicaid,1,0,1,5,1,4.62,12,Home,0.0,1
PT-100663,32,Female,Pneumonia,Medicare,3,2,0,6,1,5.51,1,Home,0.63,1
PT-100664,61,Male,Diabetes,Medicaid,8,0,2,7,1,1.75,10,Home Health,1.46,1
PT-100665,68,Female,COPD,Medicaid,7,0,2,8,3,1.09,10,Rehab,2.49,1
PT-100666,54,Male,Heart Failure,Private,11,1,0,5,1,2.38,17,Home Health,0.0,1
PT-100667,80,Female,Pneumonia,Medicaid,2,1,3,6,2,0.62,12,Home,2.03,1
PT-100668,85,Male,Kidney Disease,Medicare,6,1,1,9,3,2.95,9,Home,1.77,0
PT-100669,27,Male,Other,Private,4,2,0,5,3,6.27,6,Home,0.42,1
PT-100670,87,Male,Heart Failure,Private,2,1,0,7,1,2.91,2,Home,1.95,0
PT-100671,62,Male,Pneumonia,Private,8,1,0,3,2,1.39,10,Home,1.22,1
PT-100672,64,Male,Pneumonia,Private,4,0,0,3,5,2.53,5,Home,1.5,1
PT-100673,24,Female,Diabetes,Medicare,1,1,0,4,6,3.77,4,Skilled Nursing,0.35,1
PT-100674,63,Female,Diabetes,Medicare,7,1,0,4,5,2.83,7,Home,1.77,1
PT-100675,70,Male,Diabetes,Self-pay,5,1,1,5,7,6.7,10,Home Health,2.07,1
PT-100676,60,Female,Other,Medicare,4,0,2,9,0,0.35,13,Home Health,0.37,0
PT-100677,24,Male,Other,Private,1,1,1,5,1,3.09,9,Home,0.23,0
PT-100678,56,Female,Kidney Disease,Medicaid,5,1,0,4,1,3.89,9,Home,1.24,1
PT-100679,86,Male,Pneumonia,Private,10,0,2,4,2,5.01,6,Home,2.01,1
PT-100680,70,Male,COPD,Private,5,1,2,3,2,4.27,6,Home Health,2.0,1
PT-100681,28,Female,Diabetes,Medicare,1,2,0,6,4,2.28,7,Home,0.37,0
PT-100682,88,Female,COPD,Medicare,5,3,4,5,2,0.93,9,Home,1.58,1
PT-100683,87,Female,Heart Failure,Medicaid,5,2,0,6,4,2.42,2,Home,2.08,1
PT-100684,30,Female,COPD,Private,7,0,3,12,0,0.92,3,Home,0.21,0
PT-100685,76,Male,COPD,Medicare,5,0,1,4,2,3.4,13,Home,0.72,1
PT-100686,47,Male,Other,Medicare,2,3,1,4,1,1.34,8,Home,1.09,1
PT-100687,61,Male,Pneumonia,Private,4,0,0,1,1,7.79,1,Skilled Nursing,1.89,0
PT-100688,50,Male,Heart Failure,Private,3,1,0,9,1,1.35,10,Home,0.64,0
PT-100689,75,Male,Heart Failure,Medicaid,5,0,1,6,1,4.08,8,Home,1.0,1
PT-100690,90,Male,COPD,Medicaid,8,0,0,6,3,2.09,9,Home Health,0.89,1
PT-100691,76,Male,Other,Private,2,1,1,6,2,1.41,8,Home,1.61,0
PT-100692,85,Male,Other,Private,12,1,4,7,0,6.4,16,Home,2.34,1
PT-100693,87,Female,Heart Failure,Private,5,0,1,8,2,0.6,8,Home Health,1.55,1
PT-100694,24,Female,Pneumonia,Private,7,1,2,7,2,3.33,1,Home,0.24,1
PT-100695,36,Male,Pneumonia,Medicare,6,0,3,4,2,2.87,15,Home,0.0,1
PT-100696,70,Other,Pneumonia,Medicaid,5,1,0,8,1,3.99,13,Home Health,1.35,1
PT-100697,61,Female,Diabetes,Private,6,2,1,3,4,2.2,5,Home,0.86,1
PT-100698,21,Female,COPD,Medicare,1,0,1,6,0,1.98,5,Skilled Nursing,0.03,0
PT-100699,24,Female,COPD,Medicare,6,0,0,4,4,2.45,13,Home,0.4,1
PT-100700,55,Female,Heart Failure,Private,2,1,1,0,1,2.6,21,Home,0.69,0
PT-100701,62,Female,Diabetes,Private,4,0,1,4,3,4.09,11,Home Health,1.74,1
PT-100702,30,Female,Other,Medicaid,5,2,0,5,2,1.72,4,Home,0.0,1
PT-100703,30,Male,Kidney Disease,Medicare,8,1,1,4,2,1.59,11,Home Health,1.35,0
PT-100704,27,Male,Kidney Disease,Private,2,1,1,5,1,5.5,4,Home Health,0.33,1
PT-100705,59,Female,Diabetes,Private,3,1,1,3,1,3.39,4,Home,0.92,1
PT-100706,18,Male,Diabetes,Private,3,1,0,5,1,5.64,7,Home,0.0,1
PT-100707,59,Male,Heart Failure,Private,5,1,3,7,3,2.71,12,Home Health,1.73,1
PT-100708,52,Female,Kidney Disease,Medicare,3,3,1,4,0,3.74,13,Home Health,0.56,1
PT-100709,52,Female,Other,Medicare,6,0,3,4,3,6.6,1,Home,1.66,1
PT-100710,67,Male,Heart Failure,Private,1,2,0,6,2,5.41,5,Home,1.88,1
PT-100711,56,Female,Pneumonia,Medicare,4,1,2,7,2,1.96,1,Home,0.6,1
PT-100712,71,Female,Heart Failure,Medicare,11,1,2,3,0,1.14,13,Home,1.65,1
PT-100713,73,Male,Heart Failure,Medicare,3,0,1,4,3,5.91,10,Home,0.67,1
PT-100714,85,Male,COPD,Medicaid,5,2,0,6,2,5.3,10,Home,2.31,0
PT-100715,76,Female,Pneumonia,Medicare,7,1,0,4,3,2.15,8,Home,1.83,1
PT-100716,55,Female,Pneumonia,Medicaid,5,0,1,9,1,1.56,9,Home,0.74,0
PT-100717,53,Male,Diabetes,Medicaid,13,2,3,6,1,4.18,9,Home,0.26,1
PT-100718,35,Female,Heart Failure,Medicaid,4,0,0,5,1,2.02,10,Home,0.55,0
PT-100719,61,Female,Diabetes,Medicaid,6,0,2,9,0,4.13,4,Home,0.93,1
PT-100720,28,Male,Diabetes,Self-pay,5,0,0,8,3,0.58,12,Home Health,0.0,1
PT-100721,85,Male,Heart Failure,Medicaid,9,1,3,4,2,2.22,14,Home,2.07,1
PT-100722,79,Male,Kidney Disease,Medicare,3,1,1,4,4,1.1,9,Home Health,2.44,1
PT-100723,26,Female,Diabetes,Private,13,1,1,8,1,5.41,7,Home,1.17,1
PT-100724,75,Male,Pneumonia,Medicare,2,1,0,6,3,2.38,18,Skilled Nursing,1.33,1
PT-100725,26,Male,Other,Medicaid,11,0,0,2,2,1.66,12,Home,0.0,0
PT-100726,70,Male,COPD,Private,2,0,0,4,0,3.76,1,Home,1.47,1
PT-100727,24,Female,Kidney Disease,Self-pay,6,0,1,5,1,2.76,11,Home,0.0,0
PT-100728,53,Female,Pneumonia,Medicare,4,2,1,3,2,2.02,14,Home,0.5,0
PT-100729,66,Male,Kidney Disease,Medicaid,7,1,0,4,5,1.7,7,Home,1.95,1
PT-100730,71,Female,Other,Self-pay,5,3,1,5,0,2.31,2,Home,1.94,1
PT-100731,48,Female,Diabetes,Medicare,7,0,1,6,3,3.67,14,Home,1.24,1
PT-100732,85,Female,Other,Medicaid,2,1,1,5,1,2.66,10,Home,1.44,1
PT-100733,74,Male,COPD,Medicaid,1,3,0,6,2,2.05,14,Home,1.78,0
PT-100734,33,Male,Pneumonia,Medicare,1,2,0,3,2,0.41,9,Home,0.93,0
PT-100735,66,Male,COPD,Private,1,1,1,2,0,2.48,1,Rehab,1.2,0
PT-100736,71,Male,Diabetes,Medicare,2,2,0,9,1,4.03,12,Home,0.18,1
PT-100737,42,Female,Heart Failure,Medicaid,3,0,1,3,3,1.5,11,Home,0.33,1
PT-100738,71,Male,COPD,Private,3,0,0,3,2,2.88,3,Home,1.7,1
PT-100739,83,Female,Diabetes,Medicare,4,2,2,2,1,0.3,21,Home,1.34,0
PT-100740,77,Male,Diabetes,Medicare,2,3,0,3,0,2.56,3,Rehab,1.82,1
PT-100741,73,Other,COPD,Medicare,2,2,2,4,2,2.04,4,Home,1.68,1
PT-100742,64,Female,Diabetes,Private,3,3,1,2,3,6.77,16,Home,1.57,1
PT-100743,37,Male,Heart Failure,Medicaid,8,1,1,4,2,2.99,1,Home,1.24,0
PT-100744,76,Female,COPD,Medicare,3,0,3,12,2,0.48,8,Home Health,1.35,0
PT-100745,44,Male,Kidney Disease,Medicare,4,0,1,4,5,3.34,5,Home,1.29,1
PT-100746,56,Female,Other,Private,4,2,1,8,0,1.79,8,Home Health,0.78,0
PT-100747,40,Female,Pneumonia,Medicaid,2,0,1,5,3,6.98,3,Home,0.75,1
PT-100748,40,Female,Kidney Disease,Private,3,1,0,5,1,1.81,18,Home,0.89,0
PT-100749,29,Female,Other,Private,2,0,1,5,2,2.56,4,Home Health,0.0,0
PT-100750,88,Male,Kidney Disease,Medicaid,7,0,1,1,1,6.17,12,Home,1.82,0
PT-100751,28,Male,Other,Medicare,7,1,2,6,5,1.1,1,Home Health,0.19,0
PT-100752,24,Male,Pneumonia,Medicare,2,1,1,4,0,2.48,7,Home Health,0.0,0
PT-100753,86,Female,Heart Failure,Private,4,0,2,3,2,4.87,15,Home Health,1.48,1
PT-100754,58,Female,COPD,Medicaid,6,2,0,11,3,2.84,9,Home,0.89,1
PT-100755,49,Male,Pneumonia,Medicare,5,3,1,3,3,1.99,15,Home,1.54,1
PT-100756,71,Female,Heart Failure,Private,5,0,1,2,2,3.43,7,Home Health,1.33,1
PT-100757,45,Male,Pneumonia,Medicare,2,0,0,9,2,1.13,11,Home,1.83,1
PT-100758,27,Male,COPD,Medicaid,11,2,1,4,2,1.39,9,Home Health,0.57,0
PT-100759,71,Other,Diabetes,Medicare,3,0,3,5,3,1.3,3,Home,1.16,1
PT-100760,30,Female,Heart Failure,Private,2,0,4,4,1,4.46,14,Home,0.63,1
PT-100761,58,Male,Diabetes,Medicare,1,2,0,4,5,2.06,4,Home,1.53,0
PT-100762,87,Male,Pneumonia,Medicare,4,1,1,6,1,1.97,10,Home,2.16,1
PT-100763,86,Female,Pneumonia,Medicaid,8,2,1,2,3,4.58,7,Home,1.81,1
PT-100764,44,Female,Other,Medicaid,5,3,3,4,3,2.23,10,Rehab,0.86,1
PT-100765,74,Female,Kidney Disease,Private,4,0,0,6,3,1.62,8,Home,1.56,1
PT-100766,62,Male,Diabetes,Private,7,1,0,6,3,3.28,18,Home,1.22,1
PT-100767,52,Female,Diabetes,Private,8,0,1,3,1,4.22,12,Home Health,1.42,1
PT-100768,28,Female,Other,Medicaid,7,1,1,2,3,3.07,6,Home,0.0,1
PT-100769,45,Male,Pneumonia,Private,1,1,3,4,1,0.99,7,Home,1.05,0
PT-100770,65,Female,Other,Medicaid,7,0,2,7,3,2.41,8,Home Health,2.38,1
PT-100771,90,Female,Diabetes,Medicare,6,1,2,11,1,1.43,6,Home Health,2.28,1
PT-100772,18,Female,Diabetes,Medicare,2,2,0,2,3,2.28,2,Home Health,0.59,1
PT-100773,70,Male,Diabetes,Medicare,6,2,3,3,2,2.23,18,Home,1.58,1
PT-100774,79,Female,Other,Private,8,1,1,5,2,3.62,13,Home Health,1.12,1
PT-100775,87,Female,Diabetes,Private,3,0,0,11,2,3.05,5,Home,0.56,1
PT-100776,48,Male,Diabetes,Medicaid,7,1,1,9,1,6.35,9,Home,1.01,1
PT-100777,26,Male,Diabetes,Private,5,2,1,5,2,6.12,14,Home Health,0.29,1
PT-100778,37,Male,Other,Private,1,1,0,0,4,5.2,6,Home,0.0,1
PT-100779,80,Female,Diabetes,Medicare,4,0,0,8,1,1.93,1,Home,2.23,1
PT-100780,82,Female,Pneumonia,Private,5,0,0,3,1,1.59,4,Home,1.23,0
PT-100781,64,Male,Pneumonia,Private,3,0,2,7,1,5.97,2,Home,1.09,1
PT-100782,26,Male,Pneumonia,Self-pay,5,0,2,2,1,6.95,8,Home Health,0.22,1
PT-100783,26,Female,Other,Private,4,3,0,4,1,2.35,1,Home,0.61,0
PT-100784,52,Female,Diabetes,Private,15,1,0,5,5,2.75,12,Home,1.73,1
PT-100785,60,Female,Heart Failure,Private,3,2,2,3,2,1.1,9,Home,0.69,0
PT-100786,20,Female,Diabetes,Medicare,2,2,0,10,5,3.3,11,Home,0.0,1
PT-100787,68,Male,Other,Medicaid,7,2,0,3,3,0.8,11,Rehab,1.47,0
PT-100788,57,Male,COPD,Self-pay,3,0,1,4,4,3.93,3,Home Health,0.93,1
PT-100789,18,Female,Pneumonia,Self-pay,4,1,1,5,3,3.92,1,Skilled Nursing,0.51,1
PT-100790,24,Female,Other,Self-pay,4,0,1,3,4,1.48,12,Home,0.0,0
PT-100791,51,Female,Diabetes,Private,7,1,1,6,4,1.84,4,Home,1.29,1
PT-100792,70,Female,Kidney Disease,Private,2,4,2,7,1,3.08,11,Home Health,1.9,1
PT-100793,78,Female,Pneumonia,Private,7,1,0,7,0,2.44,7,Home Health,0.68,1
PT-100794,49,Female,COPD,Self-pay,6,0,2,6,1,5.85,9,Home,0.94,1
PT-100795,39,Male,Other,Medicaid,12,1,3,5,4,5.3,13,Home,1.16,1
PT-100796,88,Female,COPD,Private,5,0,0,4,0,2.13,4,Skilled Nursing,1.24,1
PT-100797,51,Female,Diabetes,Medicaid,2,2,3,4,2,5.05,4,Skilled Nursing,0.13,0
PT-100798,41,Female,Other,Private,5,0,1,2,2,1.6,15,Home Health,0.0,0
PT-100799,50,Female,Diabetes,Medicare,5,0,1,4,1,3.53,13,Home Health,0.52,0
PT-100800,18,Female,Kidney Disease,Medicaid,9,0,0,3,4,3.96,10,Home,0.37,1
PT-100801,40,Female,Diabetes,Private,2,0,0,7,2,4.74,1,Home,0.62,0
PT-100802,55,Male,Diabetes,Medicare,1,1,0,2,2,3.2,7,Home,0.55,1
PT-100803,85,Female,Other,Medicaid,5,0,0,13,1,6.47,3,Home,2.12,0
PT-100804,71,Female,Kidney Disease,Medicaid,12,0,6,3,1,2.14,5,Home Health,2.16,1
PT-100805,75,Male,Other,Medicaid,6,1,0,4,2,2.39,4,Home,1.26,1
PT-100806,57,Male,Diabetes,Self-pay,7,0,2,3,4,2.43,3,Skilled Nursing,1.16,1
PT-100807,26,Male,COPD,Medicaid,1,0,1,5,1,1.22,8,Home,0.0,0
PT-100808,46,Male,Other,Private,4,1,0,2,2,3.03,4,Home Health,0.76,0
PT-100809,90,Male,COPD,Private,9,0,2,7,1,1.99,6,Home,2.07,1
PT-100810,21,Male,Heart Failure,Private,5,2,1,6,1,1.27,4,Home,0.92,1
PT-100811,82,Female,Pneumonia,Private,1,2,1,4,3,2.26,15,Home Health,1.19,0
PT-100812,67,Male,Pneumonia,Private,4,0,2,9,1,4.65,9,Rehab,0.93,1
PT-100813,38,Female,Heart Failure,Private,6,0,5,3,1,1.94,11,Home,0.69,1
PT-100814,74,Male,Heart Failure,Medicare,4,0,1,2,0,0.6,7,Skilled Nursing,0.72,1
PT-100815,79,Female,Heart Failure,Private,2,0,0,5,1,3.92,8,Skilled Nursing,1.04,1
PT-100816,21,Female,Other,Medicare,7,0,0,7,3,1.49,9,Home,1.13,0
PT-100817,25,Male,COPD,Private,3,2,1,4,2,1.94,16,Home,0.8,1
PT-100818,66,Male,Other,Private,5,1,1,1,1,3.75,14,Home,1.38,0
PT-100819,90,Female,Other,Medicare,4,1,0,5,1,0.95,9,Home,1.62,1
PT-100820,19,Female,Other,Private,3,0,2,7,3,1.47,3,Home Health,0.0,0
PT-100821,66,Female,Other,Private,13,0,1,3,1,1.19,11,Home Health,1.73,0
PT-100822,27,Male,Heart Failure,Private,3,2,1,5,1,0.94,6,Home,0.63,1
PT-100823,65,Male,Other,Medicaid,4,0,0,5,2,1.55,6,Home,0.73,0
PT-100824,63,Female,Heart Failure,Medicare,4,0,0,2,2,0.61,7,Rehab,1.33,1
PT-100825,24,Female,Other,Medicare,5,0,0,6,2,0.81,9,Home,0.0,0
PT-100826,67,Male,Diabetes,Self-pay,13,1,2,5,2,2.54,13,Rehab,2.02,1
PT-100827,83,Male,Diabetes,Private,6,0,2,7,1,4.62,3,Home,1.04,1
PT-100828,81,Female,Other,Medicaid,3,2,1,1,0,2.44,11,Skilled Nursing,1.92,1
PT-100829,20,Female,Diabetes,Medicare,10,1,2,5,7,3.39,6,Skilled Nursing,1.25,1
PT-100830,35,Male,Kidney Disease,Medicaid,7,1,0,6,1,5.97,23,Home,1.3,1
PT-100831,35,Female,Heart Failure,Medicaid,3,1,0,5,2,4.52,7,Home Health,0.79,0
PT-100832,51,Male,Kidney Disease,Private,9,4,1,9,0,0.89,13,Home Health,1.97,1
PT-100833,28,Male,Other,Private,1,0,1,7,3,3.18,17,Home,0.0,0
PT-100834,80,Female,Diabetes,Private,2,0,0,3,3,4.56,3,Home,0.95,1
PT-100835,74,Male,COPD,Medicare,1,0,0,4,1,0.98,8,Home,1.22,0
PT-100836,77,Male,Diabetes,Medicaid,1,1,1,5,1,2.58,11,Home Health,0.6,1
PT-100837,32,Male,Heart Failure,Private,9,3,2,2,3,2.62,4,Home,2.11,1
PT-100838,19,Female,Pneumonia,Medicare,5,3,2,5,5,1.69,6,Skilled Nursing,1.24,1
PT-100839,84,Female,COPD,Medicare,1,0,3,7,3,2.22,7,Home,1.33,1
PT-100840,39,Female,Heart Failure,Private,4,0,0,11,2,4.68,12,Home,0.0,1
PT-100841,65,Female,Other,Private,7,3,3,5,1,1.51,16,Skilled Nursing,1.41,1
PT-100842,84,Female,Diabetes,Self-pay,2,4,1,3,1,1.64,7,Skilled Nursing,1.72,1
PT-100843,20,Other,Heart Failure,Private,3,0,1,6,3,2.3,3,Home,0.0,0
PT-100844,18,Male,Heart Failure,Private,14,0,2,3,1,1.14,19,Home,0.26,1
PT-100845,18,Female,Kidney Disease,Private,3,0,0,6,2,1.38,11,Home Health,0.01,1
PT-100846,29,Female,Heart Failure,Medicare,1,2,2,4,3,2.24,12,Home,1.43,0
PT-100847,21,Male,Other,Private,3,0,1,1,2,1.82,1,Home Health,0.2,1
PT-100848,77,Female,Pneumonia,Medicaid,1,1,0,4,1,2.32,1,Home,1.81,0
PT-100849,62,Male,Other,Medicare,6,1,0,2,0,1.22,6,Home,1.26,1
PT-100850,89,Female,Other,Medicaid,2,0,1,3,1,2.07,11,Home Health,1.84,0
PT-100851,76,Male,Kidney Disease,Private,2,1,3,5,6,1.25,8,Home,1.57,1
PT-100852,88,Male,Diabetes,Medicaid,15,2,1,8,4,1.02,5,Home Health,1.86,0
PT-100853,35,Male,Diabetes,Medicare,1,0,1,6,4,4.45,2,Home,0.67,1
PT-100854,39,Male,Pneumonia,Private,1,0,2,4,0,2.44,12,Home,0.04,0
PT-100855,80,Male,Heart Failure,Medicare,2,0,0,5,2,5.19,11,Home,0.94,1
PT-100856,35,Female,Pneumonia,Medicaid,8,0,2,5,4,3.25,5,Rehab,0.85,0
PT-100857,22,Male,Pneumonia,Private,6,0,3,2,0,5.09,8,Skilled Nursing,0.0,0
PT-100858,66,Female,Heart Failure,Private,3,0,0,6,0,2.2,4,Home Health,1.64,0
PT-100859,76,Female,Pneumonia,Private,2,1,0,3,1,4.16,4,Home,1.01,1
PT-100860,88,Male,Pneumonia,Self-pay,6,1,1,2,3,3.51,9,Home,0.61,1
PT-100861,85,Male,Diabetes,Private,5,0,1,8,2,0.46,18,Home,2.18,0
PT-100862,26,Male,Other,Private,4,0,1,6,1,3.65,10,Rehab,0.89,0
PT-100863,74,Male,Other,Private,6,0,1,6,3,1.15,11,Home,1.44,1
PT-100864,79,Male,Other,Private,2,0,2,1,1,3.79,7,Home,1.35,0
PT-100865,68,Female,Other,Medicaid,2,2,1,6,0,5.68,7,Home,0.88,1
PT-100866,77,Female,Kidney Disease,Medicare,6,0,2,7,3,4.14,11,Home Health,2.59,1
PT-100867,79,Male,Other,Private,5,0,2,6,1,1.02,9,Home,1.39,1
PT-100868,50,Female,Pneumonia,Medicare,4,1,2,5,1,1.65,11,Skilled Nursing,0.17,1
PT-100869,20,Male,COPD,Medicaid,14,0,1,5,3,3.25,2,Home,0.09,1
PT-100870,51,Male,COPD,Medicare,7,3,0,4,2,2.84,7,Home Health,1.47,1
PT-100871,32,Female,Heart Failure,Private,3,0,3,4,0,1.79,8,Home,0.74,0
PT-100872,26,Male,Diabetes,Private,2,0,1,4,0,0.97,11,Home,0.32,0
PT-100873,27,Female,Other,Private,5,2,1,7,2,4.51,10,Home Health,0.17,1
PT-100874,68,Female,Other,Medicare,9,1,1,5,3,5.71,4,Rehab,1.71,1
PT-100875,54,Female,COPD,Self-pay,1,1,1,3,2,2.81,14,Home,0.18,1
PT-100876,57,Male,Heart Failure,Private,5,0,1,5,4,3.51,15,Home,1.02,1
PT-100877,72,Male,Kidney Disease,Medicaid,3,0,2,7,1,2.99,5,Home,0.81,1
PT-100878,58,Female,Kidney Disease,Medicare,5,1,0,6,3,1.73,3,Home,2.31,1
PT-100879,63,Female,Other,Private,1,0,0,4,3,1.8,5,Home,0.78,1
PT-100880,24,Female,Pneumonia,Medicare,9,2,0,3,2,4.56,5,Skilled Nursing,0.74,0
PT-100881,80,Female,Heart Failure,Private,10,2,1,7,1,4.72,8,Home,2.39,1
PT-100882,50,Male,Other,Private,7,0,0,4,3,3.45,13,Home Health,1.38,1
PT-100883,29,Male,Other,Medicare,12,0,0,3,1,5.28,8,Home,0.03,1
PT-100884,77,Female,COPD,Private,3,0,2,5,1,3.76,14,Home Health,2.43,1
PT-100885,71,Male,Heart Failure,Private,5,0,1,3,2,3.1,16,Home,1.05,1
PT-100886,21,Male,Other,Medicaid,7,1,1,4,1,1.64,13,Skilled Nursing,0.0,1
PT-100887,32,Male,Pneumonia,Self-pay,5,0,1,8,1,2.74,13,Home,1.15,1
PT-100888,19,Female,Heart Failure,Medicare,3,2,3,2,3,1.06,12,Home,0.55,0
PT-100889,37,Male,Pneumonia,Medicaid,4,1,1,3,1,1.35,8,Home Health,0.45,1
PT-100890,25,Male,COPD,Medicare,10,0,2,7,2,0.36,3,Home,0.4,1
PT-100891,69,Female,Diabetes,Medicare,4,0,0,5,0,4.5,14,Home Health,0.09,1
PT-100892,56,Female,Other,Medicare,9,1,0,2,2,0.71,12,Home Health,0.16,1
PT-100893,89,Female,Diabetes,Medicare,4,1,2,6,4,1.72,1,Home Health,2.33,1
PT-100894,72,Female,Heart Failure,Medicare,8,1,0,5,1,6.86,7,Home,1.22,1
PT-100895,62,Male,Diabetes,Private,4,0,1,5,3,2.92,8,Home,0.74,1
PT-100896,55,Male,Other,Self-pay,6,2,0,4,2,1.7,6,Home,1.29,1
PT-100897,21,Female,Other,Medicaid,2,1,3,5,2,2.96,13,Home,0.0,1
PT-100898,23,Male,Heart Failure,Medicaid,5,0,0,3,1,5.35,12,Home,0.0,1
PT-100899,62,Female,Heart Failure,Private,2,1,0,6,2,0.84,12,Home,0.7,0
PT-100900,18,Female,Heart Failure,Self-pay,3,0,0,10,1,2.12,7,Home,0.2,1
PT-100901,21,Female,Other,Medicare,3,0,0,7,3,1.46,4,Home,0.0,0
PT-100902,33,Female,Diabetes,Private,4,1,2,4,1,3.58,14,Skilled Nursing,0.85,0
PT-100903,82,Female,Heart Failure,Private,8,1,1,3,2,2.98,4,Home Health,1.54,1
PT-100904,51,Male,Diabetes,Private,3,0,0,2,1,1.97,1,Home,0.13,0
PT-100905,69,Female,Pneumonia,Medicaid,5,0,1,4,2,5.35,7,Home,1.28,1
PT-100906,48,Male,Heart Failure,Medicare,9,0,3,8,3,1.15,7,Home,1.55,1
PT-100907,30,Female,Pneumonia,Self-pay,6,0,3,5,2,2.34,9,Home,0.0,1
PT-100908,45,Male,Pneumonia,Medicare,1,1,1,5,1,1.46,12,Home,0.0,1
PT-100909,24,Male,Other,Self-pay,1,0,1,1,3,4.04,13,Home,0.0,0
PT-100910,74,Female,Pneumonia,Private,5,0,2,6,1,6.6,11,Home Health,2.17,1
PT-100911,31,Male,Kidney Disease,Medicaid,3,0,1,9,0,0.94,5,Home Health,0.0,1
PT-100912,45,Male,Diabetes,Private,1,1,1,6,1,1.24,8,Rehab,1.11,0
PT-100913,89,Male,Heart Failure,Private,3,1,0,5,4,1.78,8,Home,1.83,1
PT-100914,61,Female,Kidney Disease,Medicaid,6,1,1,4,1,1.75,16,Home,0.79,1
PT-100915,51,Male,COPD,Private,3,0,0,5,3,4.16,3,Home Health,1.17,1
PT-100916,57,Female,Other,Private,4,1,0,5,2,1.83,5,Home Health,0.94,1
PT-100917,75,Male,Other,Private,3,0,0,6,1,1.29,17,Home Health,1.76,0
PT-100918,36,Female,Kidney Disease,Self-pay,2,1,1,5,1,1.72,15,Home Health,0.0,0
PT-100919,64,Male,COPD,Medicare,5,2,0,2,1,5.5,8,Rehab,1.26,1
PT-100920,81,Female,Other,Medicaid,1,0,1,4,3,5.95,7,Home,0.98,1
PT-100921,59,Female,COPD,Medicaid,2,1,1,5,3,1.34,13,Home,0.32,1
PT-100922,50,Female,Diabetes,Medicaid,7,1,3,2,3,1.2,13,Home Health,0.82,1
PT-100923,28,Female,Diabetes,Medicare,1,0,1,8,2,6.11,8,Home,0.0,0
PT-100924,36,Female,Heart Failure,Medicare,4,1,2,5,2,3.47,18,Home,0.32,1
PT-100925,87,Male,Kidney Disease,Private,3,2,0,5,1,4.4,7,Home,0.99,1
PT-100926,57,Male,Heart Failure,Self-pay,3,0,2,6,3,3.57,9,Home,0.89,1
PT-100927,39,Male,Diabetes,Medicaid,7,0,1,2,4,1.82,16,Home,0.61,1
PT-100928,48,Female,COPD,Private,8,0,6,1,0,1.7,7,Home Health,1.59,0
PT-100929,60,Female,Diabetes,Medicare,2,0,1,6,2,2.5,17,Skilled Nursing,1.2,1
PT-100930,57,Male,Heart Failure,Private,4,1,0,4,1,4.82,12,Home,0.0,1
PT-100931,69,Male,Kidney Disease,Private,1,0,1,3,3,3.69,5,Home Health,0.91,1
PT-100932,36,Male,Pneumonia,Self-pay,7,1,1,6,1,1.49,15,Skilled Nursing,0.76,0
PT-100933,65,Female,Other,Medicaid,4,1,0,6,1,6.23,6,Home,0.81,1
PT-100934,50,Female,COPD,Medicare,1,0,0,5,2,2.86,2,Home,0.24,0
PT-100935,86,Female,COPD,Private,2,2,0,5,4,0.71,8,Home,1.32,1
PT-100936,29,Male,Heart Failure,Private,2,0,0,4,3,1.95,5,Home,0.26,0
PT-100937,28,Male,Other,Private,2,0,1,3,4,3.67,7,Rehab,1.24,0
PT-100938,51,Male,Heart Failure,Self-pay,1,1,1,4,4,4.48,6,Home Health,0.5,0
PT-100939,55,Male,Other,Private,10,1,2,4,2,5.43,4,Home Health,1.76,1
PT-100940,68,Male,Kidney Disease,Private,2,0,0,1,4,1.96,1,Home,1.52,1
PT-100941,47,Male,Heart Failure,Self-pay,4,0,2,2,2,2.33,12,Home,0.44,0
PT-100942,84,Male,Heart Failure,Private,5,1,1,10,8,1.09,11,Home Health,2.56,1
PT-100943,52,Female,Diabetes,Medicaid,8,1,0,4,2,2.61,11,Home,0.19,1
PT-100944,27,Male,Kidney Disease,Private,4,1,0,4,3,5.7,9,Home,0.65,1
PT-100945,26,Female,Diabetes,Medicare,3,2,1,6,4,6.12,4,Home,0.38,1
PT-100946,89,Female,Pneumonia,Medicare,4,0,1,3,2,6.34,10,Home,1.7,1
PT-100947,27,Female,Other,Medicare,2,1,0,1,2,1.92,5,Home,0.17,0
PT-100948,87,Female,Other,Private,2,1,0,3,3,3.37,4,Home,2.22,0
PT-100949,38,Female,Diabetes,Medicare,3,0,2,3,2,4.53,1,Home Health,0.05,1
PT-100950,24,Female,Kidney Disease,Medicare,1,2,0,7,0,4.73,13,Skilled Nursing,0.0,1
PT-100951,40,Male,Heart Failure,Private,2,0,0,9,4,2.44,4,Home,0.0,1
PT-100952,62,Female,Other,Self-pay,3,0,0,1,2,2.91,11,Home,0.8,0
PT-100953,49,Female,COPD,Private,13,1,3,2,4,2.65,1,Home,2.48,1
PT-100954,75,Male,Pneumonia,Private,9,1,2,5,1,1.42,4,Home,1.35,1
PT-100955,62,Female,Heart Failure,Private,5,0,1,5,4,1.82,14,Home,2.01,0
PT-100956,47,Male,Diabetes,Medicare,7,0,2,5,1,3.15,12,Home,0.36,1
PT-100957,64,Male,Diabetes,Medicaid,2,0,3,4,2,2.08,14,Home,1.51,1
PT-100958,88,Male,Diabetes,Private,4,0,0,6,0,4.82,6,Home,1.16,1
PT-100959,48,Female,Diabetes,Private,7,0,3,3,2,0.8,3,Home,0.19,1
PT-100960,29,Male,Heart Failure,Private,2,1,2,3,3,1.97,10,Home,0.39,1
PT-100961,47,Male,Kidney Disease,Medicare,1,0,0,3,2,1.54,1,Rehab,0.66,1
PT-100962,79,Female,Diabetes,Private,5,1,0,6,2,4.88,5,Home,1.66,1
PT-100963,33,Female,Diabetes,Medicaid,1,0,1,5,0,3.84,4,Home,0.59,0
PT-100964,87,Female,COPD,Medicare,6,2,1,1,5,4.85,16,Home,2.46,1
PT-100965,60,Female,Diabetes,Medicare,8,0,2,5,1,1.76,5,Rehab,1.72,0
PT-100966,61,Male,Kidney Disease,Medicaid,2,1,0,5,1,0.64,9,Home,1.55,1
PT-100967,41,Male,Diabetes,Medicare,2,1,2,5,3,3.84,1,Home,0.67,1
PT-100968,85,Female,Pneumonia,Private,8,0,1,6,1,1.84,13,Home Health,0.75,1
PT-100969,20,Female,Diabetes,Private,4,1,2,3,1,1.31,12,Home Health,0.0,1
PT-100970,39,Female,COPD,Private,7,1,0,6,2,1.98,6,Home,0.85,1
PT-100971,48,Female,Heart Failure,Private,3,1,0,8,2,5.6,13,Skilled Nursing,0.77,0
PT-100972,52,Female,COPD,Medicare,4,0,0,8,1,1.34,15,Rehab,1.54,1
PT-100973,52,Female,Other,Medicare,4,0,2,6,1,1.21,6,Home Health,1.41,0
PT-100974,28,Female,Other,Medicaid,11,1,2,2,2,3.35,14,Rehab,0.85,1
PT-100975,34,Male,Pneumonia,Medicare,7,0,0,4,2,2.4,8,Home,0.54,1
PT-100976,24,Male,Pneumonia,Medicare,2,1,2,6,0,0.27,1,Home,0.0,0
PT-100977,59,Female,Diabetes,Medicaid,5,2,0,5,1,2.63,10,Home Health,1.39,1
PT-100978,43,Female,Other,Medicare,3,0,0,6,3,4.14,5,Home,0.59,1
PT-100979,59,Male,COPD,Medicare,3,0,1,4,2,6.97,2,Home,0.4,1
PT-100980,61,Female,Heart Failure,Private,6,1,0,5,0,1.13,9,Home,1.5,1
PT-100981,69,Female,Diabetes,Medicare,5,1,2,5,0,4.93,10,Home,0.21,1
PT-100982,57,Female,Heart Failure,Medicare,2,1,1,7,3,0.94,18,Home Health,0.69,0
PT-100983,65,Female,Other,Private,4,0,3,1,2,2.14,7,Home,1.01,1
PT-100984,60,Male,Other,Medicaid,3,1,1,3,2,1.59,2,Rehab,0.58,1
PT-100985,65,Other,Pneumonia,Private,5,0,2,8,0,0.84,6,Home Health,0.54,1
PT-100986,63,Male,Diabetes,Medicaid,3,0,1,6,3,3.1,13,Home,1.24,0
PT-100987,41,Female,Other,Medicare,4,0,1,7,5,5.6,18,Skilled Nursing,0.59,0
PT-100988,35,Female,Heart Failure,Private,3,1,1,7,2,3.49,12,Home Health,0.67,1
PT-100989,75,Male,Diabetes,Private,1,1,0,2,4,0.81,10,Home,1.57,1
PT-100990,43,Female,Pneumonia,Medicaid,11,2,0,1,2,4.65,6,Home,0.93,1
PT-100991,58,Male,Pneumonia,Private,4,1,2,7,0,3.49,5,Home Health,1.17,1
PT-100992,32,Female,COPD,Private,11,0,2,3,2,2.0,11,Rehab,0.08,0
PT-100993,49,Male,Diabetes,Private,4,1,2,8,3,2.29,9,Home,0.0,0
PT-100994,56,Female,Heart Failure,Medicare,6,2,1,2,0,1.86,1,Rehab,1.27,1
PT-100995,63,Male,Kidney Disease,Private,2,1,1,6,2,3.24,2,Home,1.0,1
PT-100996,56,Male,Other,Private,3,1,3,3,3,1.32,7,Home,1.37,1
PT-100997,44,Other,Other,Private,4,1,2,2,0,3.93,8,Home,0.0,0
PT-100998,88,Male,Pneumonia,Medicaid,11,3,1,2,0,3.2,5,Home Health,1.63,1
PT-100999,55,Female,Pneumonia,Private,2,1,5,7,1,1.8,10,Home,0.86,0
PT-101000,77,Female,Other,Private,1,1,0,9,0,2.2,9,Home,1.25,0
PT-101001,71,Female,Diabetes,Medicaid,8,2,0,10,3,4.28,10,Home,2.12,1
PT-101002,58,Male,Kidney Disease,Private,7,1,2,6,4,5.27,12,Home,1.04,1
PT-101003,82,Female,Diabetes,Self-pay,3,0,2,4,4,4.97,3,Rehab,0.72,1
PT-101004,27,Female,Kidney Disease,Medicaid,14,1,1,5,2,1.26,9,Home,0.08,0
PT-101005,85,Female,Kidney Disease,Private,14,0,1,8,1,2.28,9,Skilled Nursing,1.66,1
PT-101006,80,Male,Heart Failure,Medicaid,1,2,2,5,3,1.02,11,Home,1.9,1
PT-101007,54,Male,Diabetes,Private,2,1,2,6,2,4.55,8,Home Health,1.08,1
PT-101008,71,Female,Heart Failure,Medicaid,4,0,2,5,3,2.3,4,Home,0.84,1
PT-101009,55,Female,Other,Medicare,5,0,1,4,2,1.43,8,Home,1.41,0
PT-101010,37,Male,COPD,Medicaid,5,0,0,4,1,3.98,8,Home Health,0.0,1
PT-101011,76,Male,COPD,Medicare,4,4,0,5,1,4.92,8,Home,2.8,1
PT-101012,35,Male,Pneumonia,Medicaid,2,1,2,2,3,2.58,15,Home,0.42,1
PT-101013,40,Female,Kidney Disease,Private,6,1,1,4,2,3.34,5,Home Health,0.05,1
PT-101014,55,Female,Diabetes,Medicaid,6,0,3,3,2,1.03,9,Home,0.8,1
PT-101015,79,Female,Heart Failure,Private,8,0,2,3,2,2.61,1,Home Health,1.14,1
PT-101016,46,Female,Diabetes,Private,1,0,1,7,1,2.02,4,Home,0.0,0
PT-101017,54,Female,Pneumonia,Medicaid,3,1,2,4,1,4.64,5,Home,1.2,1
PT-101018,21,Other,Other,Medicaid,3,1,0,6,6,2.8,6,Home Health,0.96,1
PT-101019,26,Female,Heart Failure,Private,1,0,1,2,2,0.84,13,Home,0.0,0
PT-101020,22,Female,Other,Private,3,1,1,5,1,6.02,13,Skilled Nursing,0.0,1
PT-101021,23,Female,Diabetes,Private,2,0,2,3,4,2.48,1,Home,0.0,0
PT-101022,81,Male,Pneumonia,Private,1,2,1,7,1,3.93,7,Home,2.01,1
PT-101023,79,Female,Diabetes,Private,7,1,0,12,3,3.4,13,Home Health,1.43,1
PT-101024,77,Female,Diabetes,Medicaid,3,2,2,7,1,1.83,9,Home,1.97,1
PT-101025,22,Male,Kidney Disease,Medicare,2,0,1,5,4,2.77,7,Home,0.29,1
PT-101026,23,Female,Pneumonia,Private,9,1,1,3,3,2.85,6,Home,0.14,1
PT-101027,38,Male,COPD,Private,6,1,1,8,2,5.13,1,Home,0.03,1
PT-101028,59,Male,Pneumonia,Private,1,1,2,3,2,3.88,8,Skilled Nursing,1.86,1
PT-101029,42,Female,Other,Private,5,1,2,6,2,2.41,1,Home,0.95,1
PT-101030,53,Female,COPD,Medicare,5,1,2,6,1,4.95,7,Skilled Nursing,0.85,1
PT-101031,30,Other,Diabetes,Private,3,0,1,4,2,3.6,14,Skilled Nursing,0.76,0
PT-101032,71,Male,COPD,Medicaid,3,1,0,4,1,3.32,11,Home Health,1.28,0
PT-101033,40,Female,COPD,Private,1,1,1,6,1,1.1,3,Home Health,0.19,0
PT-101034,22,Male,COPD,Medicare,14,1,2,10,2,1.69,9,Home,0.0,1
PT-101035,72,Male,Pneumonia,Private,3,2,0,9,3,1.34,15,Home Health,0.82,0
PT-101036,83,Female,COPD,Private,5,0,1,7,1,0.91,7,Skilled Nursing,1.92,1
PT-101037,19,Female,Diabetes,Self-pay,4,2,1,4,2,3.25,10,Home,0.0,1
PT-101038,49,Female,Other,Medicaid,2,1,0,10,2,0.89,10,Home Health,0.22,1
PT-101039,78,Male,Other,Private,7,1,0,7,0,4.18,9,Home,1.73,0
PT-101040,69,Female,Pneumonia,Medicare,5,0,1,4,2,0.12,6,Home,1.08,1
PT-101041,80,Female,Diabetes,Medicare,3,2,2,6,4,1.75,19,Home,1.62,1
PT-101042,48,Female,Diabetes,Private,5,1,1,3,2,1.24,16,Home,0.1,1
PT-101043,45,Female,COPD,Private,4,0,3,5,0,2.72,9,Home,0.0,1
PT-101044,69,Male,COPD,Medicare,12,3,1,4,0,5.55,6,Skilled Nursing,1.48,1
PT-101045,29,Female,Heart Failure,Private,7,0,1,5,2,4.4,10,Home,0.27,0
PT-101046,35,Female,Heart Failure,Private,6,0,0,8,3,3.03,18,Home,0.31,0
PT-101047,61,Male,COPD,Private,1,0,0,4,3,2.36,10,Home Health,1.77,0
PT-101048,66,Male,Pneumonia,Private,6,1,2,5,0,1.86,13,Home,1.1,0
PT-101049,26,Female,COPD,Medicare,6,1,2,9,2,2.51,4,Home,0.5,1
PT-101050,55,Female,Other,Private,2,0,4,9,4,5.19,11,Rehab,0.5,1
PT-101051,44,Female,COPD,Medicaid,1,0,2,2,0,0.31,16,Home,0.26,0
PT-101052,54,Female,Other,Private,7,1,0,4,0,0.77,13,Home,0.65,1
PT-101053,87,Female,COPD,Self-pay,7,2,3,4,0,5.2,15,Home,1.5,1
PT-101054,23,Male,Pneumonia,Self-pay,3,1,1,3,2,2.06,7,Home,1.16,1
PT-101055,90,Male,Other,Medicare,2,0,1,5,0,1.78,6,Home,1.38,0
PT-101056,50,Male,Heart Failure,Private,4,0,2,9,4,2.76,13,Home,1.12,1
PT-101057,74,Female,Heart Failure,Private,3,2,1,4,2,5.53,5,Skilled Nursing,1.74,1
PT-101058,48,Female,Diabetes,Private,1,2,0,11,3,3.09,16,Home,0.73,1
PT-101059,40,Female,Heart Failure,Medicaid,2,1,0,5,1,6.12,13,Home,0.35,0
PT-101060,74,Male,Diabetes,Private,5,1,2,6,1,3.64,18,Home,1.79,1
PT-101061,68,Male,Kidney Disease,Private,2,1,1,4,1,3.69,6,Skilled Nursing,0.43,1
PT-101062,28,Female,Other,Medicaid,8,2,1,5,1,0.29,3,Home Health,1.14,1
PT-101063,69,Male,Diabetes,Private,6,0,3,4,1,2.83,12,Home,1.45,0
PT-101064,72,Male,Pneumonia,Medicare,5,3,0,4,0,3.45,9,Home,2.05,1
PT-101065,46,Male,Heart Failure,Private,4,0,0,13,2,0.43,3,Home,0.94,1
PT-101066,85,Female,Diabetes,Private,2,0,2,5,1,1.07,12,Home,0.62,1
PT-101067,64,Female,Heart Failure,Medicare,6,1,0,7,1,0.3,17,Home,0.65,0
PT-101068,42,Female,Kidney Disease,Self-pay,2,1,0,3,3,2.9,17,Home,0.42,1
PT-101069,18,Female,Pneumonia,Medicaid,8,0,1,5,2,6.74,8,Home,0.0,1
PT-101070,67,Male,Other,Self-pay,11,1,3,6,2,3.13,2,Home,1.44,1
PT-101071,33,Female,Diabetes,Private,5,1,0,5,2,2.35,5,Home,0.0,1
PT-101072,73,Female,Other,Self-pay,10,1,0,5,5,3.56,3,Home,1.67,1
PT-101073,56,Female,Pneumonia,Private,2,2,0,4,2,2.59,4,Home,0.5,1
PT-101074,52,Male,Diabetes,Medicare,6,1,2,7,6,8.32,9,Home,1.27,1
PT-101075,29,Female,Pneumonia,Private,4,1,1,1,0,3.17,4,Rehab,0.68,0
PT-101076,69,Female,Other,Medicaid,7,0,1,5,0,3.35,1,Rehab,0.73,1
PT-101077,30,Male,Diabetes,Private,1,1,1,10,3,0.61,3,Home,0.43,1
PT-101078,48,Female,Heart Failure,Private,7,0,2,4,1,6.34,15,Home,0.27,1
PT-101079,79,Female,Heart Failure,Private,2,1,1,2,3,2.79,12,Home Health,1.85,1
PT-101080,85,Male,Kidney Disease,Private,4,1,0,2,3,2.97,3,Home Health,1.42,0
PT-101081,90,Female,Diabetes,Private,14,0,1,9,4,5.2,11,Home,2.45,1
PT-101082,87,Female,Other,Medicaid,6,0,1,6,4,1.18,8,Home Health,0.97,1
PT-101083,58,Male,Pneumonia,Private,5,0,0,6,0,3.6,7,Rehab,0.06,1
PT-101084,32,Female,Other,Medicaid,5,0,2,6,0,1.95,7,Skilled Nursing,0.42,0
PT-101085,79,Female,Other,Private,8,0,1,5,2,2.54,15,Home,2.22,1
PT-101086,76,Male,Diabetes,Private,7,0,0,9,0,1.87,4,Home,1.73,1
PT-101087,90,Male,Heart Failure,Medicare,5,0,1,7,8,6.14,9,Home,2.49,1
PT-101088,65,Male,Heart Failure,Medicare,5,0,1,8,2,4.17,6,Home,0.83,1
PT-101089,28,Male,Pneumonia,Private,4,0,0,6,3,5.92,2,Home,0.0,1
PT-101090,54,Female,Heart Failure,Private,4,0,1,1,0,0.47,13,Home,0.56,0
PT-101091,50,Female,Kidney Disease,Private,1,0,1,8,1,4.61,14,Home,0.01,0
PT-101092,79,Female,Heart Failure,Medicaid,6,0,1,6,1,4.03,8,Home,1.19,1
PT-101093,46,Female,Diabetes,Self-pay,3,0,0,3,2,0.84,13,Home Health,0.8,1
PT-101094,41,Male,Kidney Disease,Private,4,0,0,4,2,3.36,6,Home,0.18,0
PT-101095,23,Other,Other,Private,7,0,1,2,0,0.81,12,Home,0.0,0
PT-101096,78,Female,Kidney Disease,Self-pay,4,1,1,2,1,2.75,8,Home,1.3,1
PT-101097,73,Female,Kidney Disease,Medicaid,4,0,1,7,2,1.07,4,Home,1.53,1
PT-101098,21,Male,Pneumonia,Medicaid,5,1,0,4,3,4.19,7,Home,0.01,0
PT-101099,49,Female,Pneumonia,Medicare,3,0,1,8,3,2.68,8,Home Health,1.39,0
PT-101100,53,Male,Other,Medicare,13,4,0,3,2,2.93,10,Home,1.72,1
PT-101101,52,Male,Pneumonia,Private,12,1,1,5,4,1.97,1,Home,1.91,1
PT-101102,85,Male,Pneumonia,Private,12,2,3,2,4,3.08,6,Home,2.47,1
PT-101103,28,Male,Kidney Disease,Medicare,5,0,1,5,4,3.76,14,Home,1.2,1
PT-101104,40,Male,Other,Medicaid,3,1,1,3,0,7.18,7,Home,0.43,1
PT-101105,31,Female,Heart Failure,Private,7,1,0,5,3,5.45,2,Home Health,0.74,1
PT-101106,35,Male,Kidney Disease,Medicare,3,1,0,5,8,2.12,13,Home Health,0.16,1
PT-101107,84,Male,Heart Failure,Medicare,8,1,1,1,1,1.95,11,Rehab,1.87,1
PT-101108,86,Female,Heart Failure,Private,2,0,1,4,1,0.44,4,Skilled Nursing,1.79,0
PT-101109,21,Female,Diabetes,Medicare,5,0,1,5,3,1.61,1,Home,0.35,1
PT-101110,64,Female,Pneumonia,Medicare,9,0,0,4,1,3.87,12,Home,1.53,1
PT-101111,34,Male,Kidney Disease,Private,3,0,1,2,3,3.24,6,Home Health,0.58,1
PT-101112,32,Male,Other,Medicaid,3,1,2,10,2,3.79,1,Home,0.32,1
PT-101113,39,Male,Kidney Disease,Private,1,2,0,5,1,2.02,2,Home,1.04,0
PT-101114,32,Female,COPD,Private,2,3,0,3,3,4.9,6,Home Health,0.0,1
PT-101115,53,Male,Kidney Disease,Private,5,2,1,4,0,2.17,17,Home,1.18,1
PT-101116,90,Male,Pneumonia,Private,6,0,1,9,4,0.99,12,Home,1.99,1
PT-101117,60,Male,Other,Private,6,1,1,6,2,1.95,1,Home,1.34,1
PT-101118,70,Male,Pneumonia,Medicare,1,1,2,4,3,2.28,4,Home,1.1,0
PT-101119,54,Male,COPD,Medicare,3,0,0,7,0,2.48,15,Home,0.87,1
PT-101120,19,Male,Heart Failure,Medicaid,1,1,1,7,0,5.07,2,Home,0.0,1
PT-101121,24,Female,Pneumonia,Medicare,5,0,1,6,0,2.63,12,Home Health,0.0,0
PT-101122,37,Male,Diabetes,Medicaid,1,2,1,7,0,3.62,4,Rehab,0.4,0
PT-101123,35,Female,Pneumonia,Self-pay,2,0,4,6,3,1.71,6,Skilled Nursing,0.13,1
PT-101124,79,Male,Heart Failure,Private,7,2,1,4,3,2.84,1,Home,2.34,1
PT-101125,79,Female,COPD,Private,3,0,0,5,3,1.34,7,Home,2.02,1
PT-101126,80,Male,COPD,Private,10,0,3,6,1,2.14,6,Home,1.36,1
PT-101127,64,Male,Heart Failure,Medicaid,6,1,3,6,3,1.18,6,Rehab,1.76,1
PT-101128,58,Other,Kidney Disease,Self-pay,3,0,1,3,2,3.55,18,Home,0.65,1
PT-101129,65,Female,Diabetes,Private,8,1,4,3,3,4.96,12,Home,2.29,1
PT-101130,47,Female,Heart Failure,Medicaid,4,0,2,8,4,5.35,4,Home,0.0,1
PT-101131,66,Male,Heart Failure,Self-pay,7,1,3,3,1,4.2,3,Home,1.69,1
PT-101132,75,Male,Pneumonia,Medicare,2,2,0,9,3,4.56,12,Home Health,1.94,1
PT-101133,73,Female,Diabetes,Private,8,2,4,2,1,3.39,2,Skilled Nursing,1.28,1
PT-101134,62,Female,Kidney Disease,Medicare,1,2,1,5,1,2.7,6,Home,1.21,1
PT-101135,22,Female,Diabetes,Private,2,1,1,2,0,6.26,13,Home,0.0,1
PT-101136,70,Male,Pneumonia,Medicaid,2,3,1,6,2,0.79,6,Skilled Nursing,1.08,1
PT-101137,44,Female,Other,Private,3,0,2,3,1,3.59,5,Home,1.01,0
PT-101138,72,Male,Pneumonia,Medicare,5,2,2,3,0,3.76,4,Home,2.06,1
PT-101139,57,Female,COPD,Private,4,0,2,7,3,1.51,4,Rehab,0.63,1
PT-101140,82,Female,Other,Medicaid,7,1,3,7,1,2.74,13,Home,2.21,1
PT-101141,42,Female,COPD,Medicaid,9,0,1,2,1,3.08,9,Skilled Nursing,1.07,0
PT-101142,85,Male,Diabetes,Medicare,1,0,1,9,2,0.39,7,Home,0.78,1
PT-101143,79,Female,Kidney Disease,Medicare,9,0,0,1,0,5.61,7,Home,1.07,1
PT-101144,42,Male,Other,Self-pay,4,1,0,3,0,1.94,12,Rehab,0.0,0
PT-101145,53,Female,Pneumonia,Private,12,1,3,2,3,1.13,5,Home,1.37,1
PT-101146,56,Male,Heart Failure,Private,2,0,2,2,3,1.96,8,Home Health,0.62,1
PT-101147,74,Male,COPD,Medicare,1,1,2,9,3,1.09,3,Rehab,1.48,1
PT-101148,68,Male,Diabetes,Medicare,6,0,1,1,1,2.63,16,Home Health,1.62,1
PT-101149,80,Female,Diabetes,Medicare,6,1,0,11,1,6.65,10,Home,1.74,0
PT-101150,45,Female,Diabetes,Self-pay,2,1,1,3,5,1.92,2,Home,0.62,1
PT-101151,54,Female,Diabetes,Medicare,2,0,1,4,3,3.81,5,Home,1.36,0
PT-101152,49,Male,Heart Failure,Medicare,7,0,0,5,6,2.9,5,Home,1.65,1
PT-101153,84,Female,Heart Failure,Medicare,5,1,0,0,1,5.2,7,Home,2.06,1
PT-101154,40,Male,Diabetes,Private,3,2,1,2,0,4.32,17,Home Health,0.85,1
PT-101155,60,Male,Heart Failure,Private,6,1,1,5,1,5.48,6,Home,0.45,0
PT-101156,26,Female,Pneumonia,Self-pay,5,1,1,3,6,2.8,7,Home,1.07,1
PT-101157,80,Female,COPD,Private,2,1,1,4,1,1.11,4,Home,1.25,1
PT-101158,46,Male,Other,Medicare,7,0,2,7,1,1.43,9,Home Health,0.51,0
PT-101159,42,Female,Other,Private,6,0,1,2,8,3.39,4,Home,1.21,1
PT-101160,60,Male,COPD,Medicaid,4,0,2,2,2,1.31,4,Rehab,1.07,1
PT-101161,54,Female,Pneumonia,Private,7,4,0,3,2,2.92,5,Home,0.28,1
PT-101162,79,Female,Heart Failure,Private,13,2,3,1,2,2.62,8,Home,2.21,0
PT-101163,56,Male,COPD,Self-pay,2,1,3,4,1,0.92,7,Home,0.96,1
PT-101164,55,Male,Heart Failure,Medicare,3,1,0,6,2,2.09,8,Home Health,0.98,0
PT-101165,25,Male,Heart Failure,Medicare,4,3,0,6,0,1.53,12,Home,0.0,0
PT-101166,19,Female,Heart Failure,Private,7,0,1,3,2,1.15,2,Home,0.0,0
PT-101167,47,Female,COPD,Private,3,1,0,4,4,1.39,9,Home,0.68,1
PT-101168,90,Female,Other,Medicare,7,0,0,4,1,5.93,14,Home,1.89,1
PT-101169,84,Female,Other,Private,3,1,1,7,0,2.0,13,Home,1.86,0
PT-101170,63,Female,Other,Private,2,0,1,4,4,1.69,9,Home Health,0.88,1
PT-101171,64,Male,Pneumonia,Private,4,1,3,2,2,1.59,11,Home,1.65,1
PT-101172,46,Female,Heart Failure,Private,3,1,0,8,1,3.69,14,Home,0.24,0
PT-101173,30,Female,Heart Failure,Medicare,5,0,0,8,2,1.35,4,Home,0.01,1
PT-101174,18,Male,Diabetes,Medicaid,5,0,1,8,2,3.21,6,Home,0.0,1
PT-101175,42,Female,Heart Failure,Medicaid,1,0,1,3,0,4.09,5,Skilled Nursing,0.01,1
PT-101176,41,Female,Heart Failure,Private,3,0,1,6,3,3.15,7,Home,0.76,1
PT-101177,31,Female,Heart Failure,Private,4,2,2,3,1,4.38,4,Home,0.01,1
PT-101178,36,Female,Diabetes,Self-pay,7,0,3,14,0,0.98,6,Home,0.62,1
PT-101179,19,Female,Other,Medicare,7,1,0,4,4,1.62,11,Home Health,0.34,1
PT-101180,62,Female,Other,Medicare,2,0,3,5,8,3.59,6,Home,1.04,1
PT-101181,85,Male,Kidney Disease,Medicaid,4,0,2,5,2,1.24,9,Skilled Nursing,2.11,0
PT-101182,68,Male,Diabetes,Medicare,6,0,1,8,1,2.32,4,Home,1.36,1
PT-101183,50,Female,Pneumonia,Self-pay,3,1,1,2,3,2.48,12,Home,1.01,1
PT-101184,48,Female,Pneumonia,Private,2,1,3,5,1,3.19,1,Home,0.42,1
PT-101185,40,Female,Kidney Disease,Self-pay,4,0,0,7,4,2.62,7,Home,0.0,1
PT-101186,28,Male,Other,Private,5,1,1,4,1,2.74,13,Home,0.38,0
PT-101187,61,Male,Pneumonia,Medicaid,2,3,1,4,3,0.46,6,Rehab,2.61,1
PT-101188,59,Other,COPD,Private,6,0,1,2,1,5.01,4,Home,0.0,1
PT-101189,18,Female,Diabetes,Medicaid,5,0,1,2,1,2.22,14,Home,0.35,0
PT-101190,48,Male,Heart Failure,Medicaid,6,1,1,6,1,3.97,4,Home,0.19,1
PT-101191,38,Male,Other,Private,4,0,3,4,2,2.12,6,Home,0.84,1
PT-101192,30,Male,Kidney Disease,Medicare,12,0,2,4,2,1.86,6,Home,0.02,1
PT-101193,69,Female,Other,Medicare,5,0,0,5,1,1.93,6,Skilled Nursing,1.44,0
PT-101194,56,Female,Other,Medicaid,7,0,2,4,4,1.62,14,Home,1.83,1
PT-101195,64,Female,Diabetes,Medicare,6,0,1,3,2,3.47,1,Home,1.19,1
PT-101196,70,Male,Diabetes,Medicare,4,2,0,4,2,2.81,5,Home Health,1.6,1
PT-101197,89,Female,Diabetes,Medicare,5,0,2,7,1,3.86,7,Home,1.82,1
PT-101198,76,Male,COPD,Private,3,0,1,2,2,3.4,11,Home Health,1.0,1
PT-101199,63,Female,Other,Medicare,11,0,0,4,2,4.06,2,Home,1.19,1
PT-101200,82,Male,Diabetes,Private,6,1,1,4,1,2.44,11,Home,1.85,0
PT-101201,52,Male,Pneumonia,Medicaid,2,2,3,6,3,2.27,10,Home,1.72,1
PT-101202,89,Female,Other,Private,10,3,0,5,0,1.47,1,Skilled Nursing,1.6,1
PT-101203,73,Female,Diabetes,Private,4,1,1,7,1,1.47,5,Home Health,1.54,0
PT-101204,65,Female,Diabetes,Private,7,0,0,3,2,5.14,7,Home,1.01,1
PT-101205,83,Male,Diabetes,Medicaid,1,1,1,4,0,1.43,14,Home,1.67,0
PT-101206,55,Female,Heart Failure,Medicaid,9,0,0,3,2,1.91,14,Home,1.35,1
PT-101207,70,Female,Kidney Disease,Private,5,0,2,5,5,2.4,12,Home Health,1.57,1
PT-101208,38,Female,Other,Medicaid,2,0,1,7,2,2.48,5,Home,0.61,1
PT-101209,88,Female,Heart Failure,Medicare,5,0,1,4,1,2.59,9,Home,0.9,0
PT-101210,63,Male,Pneumonia,Medicare,10,0,2,2,2,4.49,9,Home,1.59,1
PT-101211,75,Female,Diabetes,Private,3,1,0,6,0,2.48,2,Home,1.37,1
PT-101212,51,Female,Other,Self-pay,3,0,1,4,1,4.97,7,Home,1.17,1
PT-101213,81,Female,Pneumonia,Medicaid,4,2,0,9,1,4.11,16,Home Health,0.62,0
PT-101214,23,Male,Kidney Disease,Medicaid,4,2,1,7,2,4.14,2,Home,0.17,1
PT-101215,26,Male,Other,Medicaid,8,2,1,7,2,3.68,10,Home Health,0.0,1
PT-101216,55,Male,Diabetes,Medicare,6,0,4,14,5,3.1,8,Home Health,0.78,1
PT-101217,71,Male,Diabetes,Private,4,2,4,5,0,2.64,3,Home,0.34,1
PT-101218,77,Male,Pneumonia,Medicare,5,2,2,6,1,1.67,12,Home,1.67,1
PT-101219,50,Female,COPD,Private,12,0,0,2,2,2.21,5,Skilled Nursing,0.66,0
PT-101220,65,Male,Pneumonia,Medicare,6,1,0,5,3,1.27,14,Home,1.38,1
PT-101221,58,Female,Pneumonia,Medicare,4,0,1,2,1,1.33,20,Home,0.92,0
PT-101222,88,Female,Other,Private,3,1,0,4,0,2.3,8,Home,1.72,0
PT-101223,65,Female,Diabetes,Private,5,3,1,6,1,3.13,17,Home,1.59,0
PT-101224,48,Female,Pneumonia,Medicare,8,0,0,2,2,2.68,9,Home,1.44,1
PT-101225,88,Male,Pneumonia,Private,2,1,2,10,1,2.56,1,Rehab,1.63,1
PT-101226,25,Female,Diabetes,Private,7,1,1,8,2,3.62,7,Home,0.12,0
PT-101227,89,Female,Kidney Disease,Private,4,1,2,9,1,0.89,8,Skilled Nursing,1.17,0
PT-101228,29,Female,Pneumonia,Medicare,4,0,0,4,1,1.59,17,Home,0.34,0
PT-101229,39,Female,COPD,Medicare,17,0,4,4,4,2.03,9,Home,0.79,1
PT-101230,77,Female,Other,Medicaid,6,0,1,1,2,4.96,1,Skilled Nursing,1.59,0
PT-101231,71,Female,Diabetes,Medicare,3,0,0,9,3,3.0,10,Home Health,2.31,0
PT-101232,88,Male,Diabetes,Private,5,0,0,1,2,2.02,9,Home,0.93,1
PT-101233,72,Male,Kidney Disease,Private,8,3,0,5,0,4.34,7,Home,0.83,1
PT-101234,64,Male,Other,Private,6,0,0,4,1,1.85,8,Home,1.08,0
PT-101235,43,Female,Pneumonia,Medicare,1,1,2,6,0,2.33,14,Home Health,0.0,1
PT-101236,18,Male,Diabetes,Private,4,2,2,7,2,2.76,9,Rehab,0.74,1
PT-101237,27,Male,Other,Private,6,2,0,2,3,1.72,9,Home,0.0,1
PT-101238,39,Female,COPD,Medicare,5,2,2,5,1,0.94,5,Home Health,0.56,1
PT-101239,20,Female,COPD,Private,3,3,0,6,3,2.01,2,Home Health,0.47,1
PT-101240,55,Female,Heart Failure,Private,7,0,2,6,0,3.08,9,Home Health,0.14,1
PT-101241,74,Male,Pneumonia,Medicare,9,1,1,4,3,3.7,5,Home,1.7,1
PT-101242,88,Female,Diabetes,Medicaid,1,0,0,4,4,3.41,9,Home,2.46,1
PT-101243,53,Female,COPD,Private,1,0,1,8,2,1.28,1,Home,0.99,0
PT-101244,81,Male,Diabetes,Self-pay,5,0,2,6,2,0.78,9,Home,1.41,0
PT-101245,89,Female,Pneumonia,Private,7,1,1,8,3,4.3,8,Home Health,2.34,1
PT-101246,80,Male,Diabetes,Self-pay,3,0,0,7,3,4.05,8,Skilled Nursing,0.38,1
PT-101247,51,Male,Kidney Disease,Private,1,1,0,3,3,1.86,9,Rehab,0.54,1
PT-101248,41,Male,Other,Medicaid,4,0,2,8,3,2.35,10,Home,0.0,1
PT-101249,89,Female,COPD,Medicaid,5,1,2,6,2,1.07,11,Home Health,1.99,1
PT-101250,35,Male,COPD,Private,3,0,0,3,0,2.23,7,Skilled Nursing,0.15,0
PT-101251,48,Male,Diabetes,Medicare,8,1,1,6,0,1.25,13,Skilled Nursing,0.24,0
PT-101252,23,Female,Kidney Disease,Private,5,1,0,10,4,1.92,8,Home,0.85,1
PT-101253,75,Female,Diabetes,Self-pay,2,1,2,6,3,6.07,1,Home Health,0.54,1
PT-101254,65,Female,Diabetes,Medicare,3,0,1,8,0,4.08,12,Home,1.71,1
PT-101255,24,Male,Diabetes,Self-pay,4,2,2,7,2,2.09,7,Home Health,0.78,1
PT-101256,34,Other,COPD,Private,3,2,1,6,2,5.16,6,Rehab,0.51,1
PT-101257,58,Male,Heart Failure,Private,1,1,1,6,2,2.14,15,Home,0.67,0
PT-101258,57,Male,Diabetes,Private,5,3,1,7,1,0.57,7,Home,0.94,0
PT-101259,76,Other,Heart Failure,Medicare,3,1,2,6,3,4.97,9,Home,1.74,1
PT-101260,37,Male,Diabetes,Private,3,0,3,4,2,3.02,13,Rehab,0.15,1
PT-101261,85,Female,Diabetes,Self-pay,2,1,1,4,4,3.08,5,Home,1.76,1
PT-101262,50,Male,Other,Medicare,11,1,2,8,1,1.32,12,Home,1.13,1
PT-101263,78,Male,Other,Private,6,0,0,4,1,1.01,9,Skilled Nursing,1.66,1
PT-101264,35,Male,Heart Failure,Self-pay,12,0,0,6,1,4.24,15,Home,1.15,0
PT-101265,20,Male,Diabetes,Medicaid,3,1,2,13,3,2.3,5,Home,0.91,0
PT-101266,22,Male,Diabetes,Private,6,0,0,6,4,2.97,5,Home,0.23,1
PT-101267,45,Other,COPD,Medicaid,5,3,0,4,2,3.84,9,Home,0.04,1
PT-101268,87,Female,COPD,Private,3,0,0,7,5,2.42,3,Home,1.9,1
PT-101269,21,Other,Other,Medicare,3,1,1,6,6,2.12,14,Home,1.13,1
PT-101270,44,Male,Pneumonia,Private,6,0,3,2,6,1.92,7,Rehab,1.09,1
PT-101271,25,Male,Other,Medicaid,2,1,1,5,4,3.98,17,Home,1.14,0
PT-101272,86,Female,Diabetes,Private,8,1,1,2,2,4.05,3,Home,1.23,0
PT-101273,67,Female,COPD,Private,5,0,0,6,4,4.37,13,Home,1.58,1
PT-101274,73,Male,Kidney Disease,Medicaid,7,0,1,4,2,2.21,7,Home,1.63,1
PT-101275,70,Female,COPD,Medicaid,5,2,0,3,4,3.13,5,Home,2.44,1
PT-101276,65,Female,Diabetes,Medicare,1,0,1,4,5,5.87,10,Home Health,1.37,1
PT-101277,74,Male,Other,Medicare,4,2,0,6,2,5.97,9,Home,1.67,1
PT-101278,18,Female,Other,Medicaid,8,2,1,8,1,6.56,11,Home,0.46,1
PT-101279,81,Male,Heart Failure,Medicare,5,0,1,4,2,1.85,4,Home,1.02,1
PT-101280,72,Male,Diabetes,Medicaid,4,1,0,4,0,4.6,1,Home,0.84,1
PT-101281,71,Female,Diabetes,Private,5,1,2,4,1,0.76,11,Home,1.49,1
PT-101282,46,Male,Pneumonia,Medicaid,1,0,0,6,0,1.76,5,Home,0.41,0
PT-101283,76,Male,Heart Failure,Medicare,9,0,0,4,3,3.33,8,Home,1.47,1
PT-101284,45,Male,Diabetes,Medicare,1,1,1,5,4,0.82,11,Home Health,1.01,0
PT-101285,21,Male,Heart Failure,Private,10,2,1,9,1,3.01,9,Home,0.33,1
PT-101286,84,Female,Pneumonia,Private,3,1,0,5,1,4.01,7,Home,1.98,1
PT-101287,35,Female,Kidney Disease,Medicaid,6,1,0,3,2,4.31,5,Rehab,0.2,0
PT-101288,25,Male,Pneumonia,Self-pay,1,1,0,8,0,3.34,13,Home Health,0.02,1
PT-101289,63,Female,Diabetes,Medicaid,7,2,1,2,2,5.14,12,Home,1.12,1
PT-101290,35,Male,Diabetes,Private,6,0,1,4,5,2.01,14,Home,0.48,1
PT-101291,80,Male,Pneumonia,Private,6,1,1,6,1,2.74,2,Rehab,2.18,1
PT-101292,50,Male,Diabetes,Private,1,0,0,5,4,2.69,5,Home,1.3,0
PT-101293,18,Female,Pneumonia,Private,2,0,0,6,1,3.36,6,Home,0.0,0
PT-101294,87,Female,COPD,Private,5,1,0,4,1,3.76,10,Home,1.37,0
PT-101295,55,Female,Diabetes,Medicare,8,2,0,10,2,1.06,16,Home,1.76,1
PT-101296,37,Female,Pneumonia,Medicare,2,1,1,4,3,6.26,8,Skilled Nursing,1.45,1
PT-101297,67,Male,Kidney Disease,Medicare,2,0,1,4,1,1.42,6,Home,0.3,1
PT-101298,56,Female,Other,Private,5,0,1,4,2,0.57,9,Home Health,0.63,0
PT-101299,20,Female,Diabetes,Medicaid,16,0,1,3,4,0.31,1,Home,0.29,1
PT-101300,73,Male,Pneumonia,Self-pay,3,0,1,7,2,2.26,1,Rehab,1.19,1
PT-101301,47,Male,COPD,Private,3,0,0,2,1,1.64,2,Home,0.31,0
PT-101302,69,Female,Pneumonia,Medicaid,3,1,1,3,3,2.35,6,Home Health,1.3,1
PT-101303,83,Female,Heart Failure,Private,4,0,0,5,2,2.62,10,Home,1.87,1
PT-101304,62,Female,COPD,Private,9,1,2,4,1,4.65,14,Home Health,1.06,1
PT-101305,67,Male,Diabetes,Private,4,1,0,1,2,5.28,15,Home,1.0,1
PT-101306,36,Male,COPD,Private,17,1,0,5,2,5.09,13,Skilled Nursing,0.77,0
PT-101307,35,Female,COPD,Self-pay,4,0,0,4,1,0.77,1,Home,0.36,1
PT-101308,48,Female,Kidney Disease,Private,9,1,1,2,4,4.67,7,Home Health,1.18,1
PT-101309,80,Female,Pneumonia,Private,3,0,3,6,2,2.36,15,Home,1.71,1
PT-101310,56,Male,Other,Medicaid,1,0,2,2,4,3.81,1,Home,1.04,1
PT-101311,43,Female,Heart Failure,Medicare,4,1,3,6,1,1.13,8,Skilled Nursing,0.34,0
PT-101312,74,Female,COPD,Private,6,1,1,8,4,2.98,8,Home Health,1.85,1
PT-101313,80,Female,Pneumonia,Private,2,2,2,3,2,1.94,12,Home,0.85,1
PT-101314,83,Female,Diabetes,Medicare,9,1,2,9,3,1.15,1,Home,2.22,1
PT-101315,39,Male,Other,Private,3,1,2,5,3,3.44,11,Home,1.11,1
PT-101316,69,Female,Pneumonia,Medicare,2,1,1,6,1,3.04,2,Home,0.6,1
PT-101317,61,Female,Heart Failure,Medicare,15,2,1,4,1,1.54,12,Home Health,1.87,1
PT-101318,50,Female,Diabetes,Private,2,1,2,5,1,1.01,2,Rehab,1.44,1
PT-101319,46,Female,Heart Failure,Private,3,2,0,6,0,0.42,9,Home,0.09,0
PT-101320,26,Female,COPD,Private,7,1,0,6,1,1.69,1,Home,0.31,0
PT-101321,38,Female,COPD,Medicaid,3,1,0,3,4,2.54,3,Home Health,0.47,1
PT-101322,58,Male,Kidney Disease,Medicaid,2,1,0,1,1,4.94,10,Home,0.74,1
PT-101323,82,Female,Pneumonia,Medicare,3,1,0,4,2,1.49,5,Home,1.29,1
PT-101324,81,Other,Pneumonia,Medicare,13,0,3,0,4,3.77,11,Home,1.46,1
PT-101325,31,Male,Diabetes,Medicaid,6,0,2,3,1,3.52,10,Home,0.99,0
PT-101326,67,Male,Kidney Disease,Medicare,7,0,3,4,2,1.47,7,Home,1.32,1
PT-101327,24,Female,Kidney Disease,Medicaid,5,1,2,3,1,4.32,1,Home,0.2,1
PT-101328,67,Female,Diabetes,Private,6,1,0,6,0,5.9,9,Home,1.42,0
PT-101329,42,Male,Heart Failure,Private,3,1,1,5,2,7.0,11,Home,0.86,1
PT-101330,50,Female,Other,Private,5,0,0,6,1,2.61,11,Home,0.4,0
PT-101331,70,Male,Pneumonia,Medicare,1,0,0,5,3,4.63,4,Home Health,1.0,1
PT-101332,49,Female,Diabetes,Medicaid,8,0,5,5,1,2.55,9,Home,0.79,0
PT-101333,76,Male,Diabetes,Private,3,2,1,6,1,5.12,7,Home Health,1.95,0
PT-101334,56,Male,Kidney Disease,Medicare,2,3,0,8,5,3.5,9,Home,1.11,0
PT-101335,90,Female,Kidney Disease,Self-pay,5,0,1,8,1,1.27,14,Rehab,1.4,0
PT-101336,64,Female,Heart Failure,Medicare,4,0,1,9,1,0.63,9,Home,0.72,0
PT-101337,39,Male,Other,Private,8,2,0,6,4,1.7,5,Home,0.92,1
PT-101338,74,Female,Other,Medicaid,4,0,1,3,3,1.53,11,Home,1.62,0
PT-101339,47,Male,Other,Medicaid,3,1,2,4,1,1.51,8,Home Health,2.01,1
PT-101340,56,Female,Pneumonia,Medicare,4,0,1,1,2,2.1,13,Skilled Nursing,0.34,1
PT-101341,27,Male,Pneumonia,Medicaid,10,2,0,6,2,2.7,2,Home,0.0,1
PT-101342,26,Female,Heart Failure,Private,8,0,1,5,3,1.11,2,Home,1.16,1
PT-101343,59,Male,Pneumonia,Private,6,1,2,2,3,2.92,7,Home,0.16,1
PT-101344,31,Female,Diabetes,Private,8,0,2,2,0,3.66,1,Home Health,0.73,1
PT-101345,90,Female,Kidney Disease,Medicare,6,1,1,5,4,1.35,6,Home,1.73,0
PT-101346,80,Female,Other,Private,2,0,1,4,2,6.43,9,Rehab,1.38,1
PT-101347,69,Male,Pneumonia,Medicare,7,1,0,6,3,0.98,13,Home,1.38,0
PT-101348,71,Male,Pneumonia,Self-pay,9,0,2,7,2,2.31,6,Home Health,2.21,1
PT-101349,61,Female,Other,Medicaid,9,0,1,8,2,3.37,12,Rehab,1.01,1
PT-101350,22,Female,Other,Medicaid,2,0,1,3,1,1.93,9,Home,0.31,1
PT-101351,46,Male,Heart Failure,Private,3,0,2,5,2,3.36,7,Home,0.44,1
PT-101352,54,Male,COPD,Private,3,1,1,6,3,0.68,3,Home,0.61,0
PT-101353,84,Male,Diabetes,Private,3,1,3,7,2,1.19,5,Home,1.41,1
PT-101354,34,Female,Other,Private,6,1,2,8,3,3.94,5,Skilled Nursing,0.4,1
PT-101355,54,Female,Other,Private,5,2,0,6,3,4.24,6,Home Health,0.43,1
PT-101356,43,Male,COPD,Private,5,2,2,8,4,2.26,5,Home,0.85,1
PT-101357,27,Male,COPD,Medicare,1,1,0,5,3,3.47,12,Home,0.89,0
PT-101358,25,Female,COPD,Medicare,3,0,2,3,3,3.13,7,Rehab,0.62,1
PT-101359,44,Male,Other,Private,9,0,2,4,2,5.27,16,Home,0.78,1
PT-101360,24,Male,Diabetes,Medicare,9,1,1,3,1,0.11,3,Home,0.43,0
PT-101361,22,Male,Kidney Disease,Private,4,0,0,7,2,1.45,12,Home,0.0,0
PT-101362,43,Female,Heart Failure,Private,7,1,1,3,0,3.12,2,Home,0.59,0
PT-101363,32,Male,Other,Medicare,5,1,0,4,2,2.49,7,Home,0.56,1
PT-101364,58,Male,COPD,Private,7,1,0,5,0,5.28,7,Home,0.21,1
PT-101365,19,Male,Heart Failure,Self-pay,7,1,0,7,0,7.42,7,Home,0.14,1
PT-101366,40,Female,Diabetes,Private,4,0,0,2,4,4.41,13,Home Health,0.9,0
PT-101367,51,Male,Other,Medicaid,6,0,1,5,0,2.98,8,Home Health,0.32,1
PT-101368,88,Male,Pneumonia,Private,6,2,2,3,2,2.1,16,Home Health,1.69,0
PT-101369,64,Female,Diabetes,Medicare,4,1,0,7,1,1.73,14,Rehab,1.53,1
PT-101370,82,Male,Diabetes,Private,4,1,3,5,2,2.43,7,Home,2.28,1
PT-101371,43,Male,Diabetes,Medicare,12,1,1,4,0,5.67,13,Rehab,0.5,1
PT-101372,50,Male,Diabetes,Private,4,0,0,6,1,2.69,2,Home,0.93,1
PT-101373,48,Female,Pneumonia,Private,7,0,1,3,3,4.87,8,Home,1.65,1
PT-101374,82,Female,Diabetes,Medicare,11,0,1,6,0,4.97,7,Home,1.67,0
PT-101375,88,Male,Other,Medicaid,6,1,2,7,1,3.93,10,Home,1.15,1
PT-101376,88,Female,Diabetes,Private,6,0,1,7,1,1.48,11,Home Health,1.44,1
PT-101377,72,Female,Heart Failure,Self-pay,4,0,4,6,3,0.77,4,Home Health,0.8,0
PT-101378,54,Female,Diabetes,Medicare,6,1,2,6,4,0.82,10,Home,1.86,1
PT-101379,57,Female,Diabetes,Private,3,1,2,9,2,1.51,14,Home,2.04,1
PT-101380,89,Male,Diabetes,Medicare,19,0,0,5,2,2.06,11,Home,2.34,1
PT-101381,38,Female,Kidney Disease,Private,1,0,0,2,2,1.66,10,Home,0.0,0
PT-101382,43,Female,Diabetes,Medicaid,4,1,2,5,1,0.34,12,Home,1.04,0
PT-101383,83,Female,Diabetes,Private,6,0,1,1,7,5.43,1,Home Health,1.7,1
PT-101384,46,Female,Pneumonia,Medicaid,6,0,0,7,2,3.36,1,Home Health,1.63,0
PT-101385,35,Female,Kidney Disease,Private,3,1,0,6,4,0.04,16,Home,0.18,1
PT-101386,58,Male,Kidney Disease,Medicare,1,1,0,4,1,2.93,11,Home Health,0.89,1
PT-101387,41,Male,Kidney Disease,Private,2,0,3,6,0,1.69,9,Home Health,0.81,1
PT-101388,83,Male,Other,Private,5,0,2,6,3,1.88,8,Home Health,1.84,1
PT-101389,84,Female,COPD,Medicaid,1,1,2,6,1,3.11,8,Home,0.64,1
PT-101390,40,Male,Heart Failure,Medicaid,6,0,1,5,1,0.88,10,Home,0.71,0
PT-101391,56,Male,Diabetes,Private,9,1,0,7,0,1.21,9,Home,0.48,1
PT-101392,89,Female,Other,Medicare,7,0,0,4,3,3.18,6,Skilled Nursing,2.01,1
PT-101393,72,Female,Heart Failure,Medicare,8,0,0,7,1,1.14,9,Home,0.67,1
PT-101394,33,Female,Heart Failure,Private,1,1,1,8,1,3.12,9,Home,0.33,0
PT-101395,61,Male,Pneumonia,Medicare,4,2,3,9,2,3.15,5,Rehab,1.57,1
PT-101396,63,Male,Pneumonia,Medicare,2,0,0,3,0,3.3,13,Home,1.31,0
PT-101397,65,Male,Pneumonia,Medicaid,1,3,1,3,7,7.37,5,Home,2.18,1
PT-101398,19,Female,COPD,Private,3,3,1,5,2,2.49,4,Home Health,0.92,1
PT-101399,39,Female,Kidney Disease,Self-pay,11,3,1,3,1,1.27,6,Home Health,1.12,1
PT-101400,80,Male,Other,Medicaid,13,1,0,3,1,2.31,1,Skilled Nursing,1.58,0
PT-101401,35,Male,Pneumonia,Medicaid,2,0,3,9,3,5.68,7,Home,0.58,0
PT-101402,39,Female,Heart Failure,Medicare,4,0,1,5,3,2.11,6,Home,0.96,1
PT-101403,41,Female,Kidney Disease,Private,6,1,1,5,0,4.09,11,Skilled Nursing,0.0,1
PT-101404,30,Female,Pneumonia,Private,4,3,1,7,2,5.24,7,Home Health,0.0,1
PT-101405,29,Female,COPD,Medicare,9,1,3,2,2,4.42,1,Home,0.69,1
PT-101406,43,Male,Diabetes,Private,3,1,2,2,3,1.69,6,Home Health,1.84,1
PT-101407,81,Male,Other,Private,3,1,1,6,2,1.64,1,Home Health,2.13,1
PT-101408,18,Female,Diabetes,Medicare,2,0,1,6,2,2.37,13,Home Health,0.0,1
PT-101409,38,Female,Heart Failure,Private,4,1,1,3,1,3.22,13,Home,0.93,0
PT-101410,22,Male,COPD,Medicaid,1,1,1,1,3,0.36,10,Home,0.0,1
PT-101411,58,Female,Diabetes,Medicaid,4,1,1,4,2,4.71,11,Home,0.63,1
PT-101412,36,Female,Pneumonia,Medicare,5,2,1,5,1,2.67,8,Home,0.0,1
PT-101413,75,Female,Diabetes,Medicare,5,0,1,3,2,6.22,9,Home Health,1.36,1
PT-101414,60,Female,Kidney Disease,Medicaid,2,1,1,5,4,0.89,5,Home Health,0.83,1
PT-101415,75,Female,Other,Medicare,5,1,1,2,1,6.45,6,Home,1.82,1
PT-101416,64,Male,Kidney Disease,Private,5,1,1,5,3,3.52,11,Skilled Nursing,0.54,0
PT-101417,50,Male,Diabetes,Private,5,1,1,3,2,2.5,4,Home Health,1.2,0
PT-101418,80,Female,COPD,Private,7,0,1,6,3,1.88,9,Home,1.28,1
PT-101419,52,Male,Other,Medicaid,2,1,2,1,2,1.1,5,Home,0.96,1
PT-101420,87,Female,Pneumonia,Medicare,4,3,0,2,2,1.92,5,Home,1.53,1
PT-101421,90,Male,COPD,Private,1,2,0,5,2,0.88,13,Home,2.26,0
PT-101422,60,Female,Heart Failure,Medicaid,7,0,3,7,2,0.69,10,Home Health,1.05,1
PT-101423,67,Male,COPD,Private,2,2,0,3,1,3.62,9,Home,1.51,1
PT-101424,36,Female,Other,Private,8,0,3,5,1,2.57,3,Home,0.64,0
PT-101425,77,Female,Other,Medicaid,8,2,0,9,2,1.6,8,Home,2.13,1
PT-101426,67,Male,Kidney Disease,Self-pay,4,1,2,4,2,2.62,7,Home,1.05,1
PT-101427,83,Female,Pneumonia,Private,4,0,1,6,2,3.87,2,Home Health,2.31,1
PT-101428,37,Male,Diabetes,Medicare,1,1,1,7,2,3.23,10,Home,0.16,0
PT-101429,75,Male,Other,Medicare,4,1,4,7,2,1.07,10,Home,1.63,1
PT-101430,52,Male,Diabetes,Medicaid,7,1,0,9,1,0.73,1,Home Health,0.79,1
PT-101431,31,Male,Other,Private,5,2,0,9,1,5.33,7,Home,0.69,1
PT-101432,30,Female,Diabetes,Private,10,2,1,4,1,2.42,16,Rehab,1.22,1
PT-101433,59,Female,Other,Private,3,4,0,2,3,2.59,9,Home,1.27,0
PT-101434,41,Female,Diabetes,Private,3,0,1,11,4,4.3,16,Home Health,1.19,1
PT-101435,25,Female,Heart Failure,Medicare,2,0,2,6,2,1.74,10,Home,0.0,0
PT-101436,49,Female,Diabetes,Private,14,0,5,3,1,2.33,11,Home Health,1.24,1
PT-101437,65,Female,Kidney Disease,Private,1,1,1,4,1,3.5,7,Home Health,1.83,0
PT-101438,41,Female,Diabetes,Medicaid,7,1,0,6,1,2.76,4,Home Health,0.6,1
PT-101439,87,Female,Pneumonia,Medicaid,7,0,1,8,2,6.07,4,Home,1.97,1
PT-101440,74,Male,COPD,Private,7,1,2,6,3,0.8,13,Home Health,2.22,1
PT-101441,55,Male,COPD,Medicare,2,2,3,5,2,6.61,7,Home,0.78,1
PT-101442,86,Female,Kidney Disease,Private,4,2,1,4,3,2.32,6,Home,2.95,1
PT-101443,49,Male,Other,Medicaid,6,1,1,6,1,1.29,16,Home,0.65,1
PT-101444,28,Male,Heart Failure,Medicare,3,0,0,5,5,0.84,18,Home,0.63,0
PT-101445,20,Female,Pneumonia,Medicare,3,1,0,1,5,3.6,9,Rehab,0.0,1
PT-101446,86,Male,Diabetes,Medicaid,3,3,3,4,2,0.42,1,Rehab,2.48,1
PT-101447,88,Male,Heart Failure,Medicaid,5,0,0,4,0,4.37,8,Home,1.65,1
PT-101448,71,Female,Heart Failure,Medicare,4,0,3,9,3,1.57,3,Home,1.4,0
PT-101449,25,Female,COPD,Medicaid,11,1,1,4,4,3.82,2,Home,0.13,1
PT-101450,39,Female,Pneumonia,Self-pay,6,0,5,2,0,3.75,14,Home Health,1.5,1
PT-101451,20,Male,Kidney Disease,Medicare,2,0,1,1,2,2.07,2,Rehab,0.22,1
PT-101452,21,Male,Diabetes,Medicare,2,0,0,8,2,2.96,5,Home,0.8,1
PT-101453,35,Male,Heart Failure,Private,7,1,1,3,3,6.76,7,Home,0.8,1
PT-101454,59,Male,Pneumonia,Private,4,0,2,2,2,1.86,3,Home Health,1.19,0
PT-101455,22,Other,Other,Medicaid,14,0,1,7,0,3.92,5,Skilled Nursing,0.31,1
PT-101456,89,Male,Diabetes,Private,14,0,0,3,3,3.3,3,Home,1.8,0
PT-101457,51,Female,Pneumonia,Medicaid,2,2,1,10,3,1.43,2,Home,0.74,1
PT-101458,37,Male,Diabetes,Private,5,1,2,7,2,4.02,7,Home,0.62,1
PT-101459,55,Female,Pneumonia,Medicaid,2,1,0,6,0,1.82,8,Home,1.56,0
PT-101460,75,Female,Kidney Disease,Medicare,7,0,0,7,2,1.78,2,Home,0.32,1
PT-101461,40,Male,Diabetes,Medicare,12,2,1,6,2,1.44,2,Home,1.52,0
PT-101462,21,Female,Kidney Disease,Private,5,1,1,3,2,1.88,2,Home,0.0,1
PT-101463,21,Male,Pneumonia,Medicaid,3,0,1,5,2,3.04,2,Home,0.0,0
PT-101464,80,Male,Diabetes,Medicaid,6,0,1,8,1,4.99,7,Home,1.22,1
PT-101465,26,Female,Other,Medicaid,8,1,1,2,0,3.12,9,Skilled Nursing,0.49,1
PT-101466,64,Male,Heart Failure,Medicare,8,0,3,5,1,5.07,6,Home,1.94,1
PT-101467,46,Female,Other,Self-pay,3,0,1,7,6,2.74,14,Home Health,1.4,1
PT-101468,74,Male,Kidney Disease,Private,3,0,0,4,2,1.75,14,Home Health,0.89,1
PT-101469,22,Female,Heart Failure,Private,5,0,2,4,2,5.83,1,Home,0.25,0
PT-101470,83,Male,Diabetes,Medicaid,3,1,1,2,1,3.39,8,Home,1.96,1
PT-101471,68,Male,COPD,Medicare,9,1,0,9,5,2.13,1,Home,1.87,1
PT-101472,50,Female,Other,Medicare,3,1,0,3,0,1.57,8,Home,0.95,0
PT-101473,33,Male,Pneumonia,Medicaid,5,0,1,1,1,2.99,13,Rehab,0.82,0
PT-101474,89,Female,Heart Failure,Medicare,6,2,0,6,1,1.98,10,Home,1.55,1
PT-101475,40,Male,Other,Medicare,1,0,0,3,0,1.52,4,Home Health,0.19,0
PT-101476,53,Male,Pneumonia,Medicaid,3,0,2,7,0,2.08,13,Home,0.85,1
PT-101477,46,Female,Heart Failure,Private,14,0,1,2,3,2.55,4,Home Health,1.47,1
PT-101478,34,Female,Pneumonia,Private,8,2,0,8,2,2.39,9,Home,0.66,0
PT-101479,48,Male,COPD,Private,3,0,0,2,3,6.82,3,Skilled Nursing,0.0,1
PT-101480,29,Male,Pneumonia,Medicare,7,0,1,4,1,2.05,9,Home,0.25,1
PT-101481,18,Male,Kidney Disease,Medicare,9,0,2,5,1,3.08,7,Home,0.0,1
PT-101482,39,Male,Pneumonia,Private,4,1,4,3,2,5.21,1,Home,0.38,0
PT-101483,26,Male,Other,Private,7,6,1,3,2,1.8,6,Home,0.19,1
PT-101484,48,Female,Pneumonia,Private,7,0,0,5,0,4.86,11,Home,0.02,0
PT-101485,80,Male,Heart Failure,Medicare,2,0,2,6,3,3.24,14,Home,1.37,1
PT-101486,29,Female,COPD,Private,4,1,1,7,2,5.52,6,Home,0.0,1
PT-101487,18,Female,Heart Failure,Medicare,11,0,1,8,1,3.84,13,Home Health,0.0,1
PT-101488,26,Female,Kidney Disease,Private,13,2,0,4,1,3.79,5,Home,0.28,1
PT-101489,55,Male,Pneumonia,Medicare,8,0,0,3,2,6.12,18,Home,0.39,1
PT-101490,38,Female,Diabetes,Medicaid,3,0,2,3,4,1.28,4,Home,0.0,1
PT-101491,53,Female,Heart Failure,Self-pay,1,1,1,4,2,1.25,8,Skilled Nursing,1.47,0
PT-101492,20,Male,Diabetes,Self-pay,2,1,0,8,3,2.41,2,Home Health,0.23,1
PT-101493,42,Female,Other,Private,1,0,2,1,1,1.02,7,Home,0.06,0
PT-101494,47,Male,Diabetes,Self-pay,12,0,1,3,3,6.05,11,Rehab,1.03,0
PT-101495,49,Female,Other,Medicare,1,1,0,6,4,1.35,22,Home Health,1.66,1
PT-101496,58,Female,Other,Medicaid,2,1,1,7,2,0.47,5,Home,1.67,0
PT-101497,74,Male,Other,Medicare,5,1,1,2,4,3.42,1,Home Health,0.85,1
PT-101498,52,Female,COPD,Medicare,4,0,0,6,1,5.06,14,Rehab,0.59,0
PT-101499,79,Female,COPD,Self-pay,11,3,1,5,0,1.45,8,Home,1.85,1
PT-101500,56,Male,Pneumonia,Medicaid,6,0,1,4,0,0.79,15,Home,1.47,1
PT-101501,37,Male,Pneumonia,Private,4,1,1,7,5,0.57,2,Home Health,0.29,1
PT-101502,34,Female,Pneumonia,Private,10,4,0,7,1,0.92,18,Home,0.66,1
PT-101503,41,Female,Pneumonia,Private,3,1,1,6,0,1.7,5,Home,0.0,1
PT-101504,61,Female,Diabetes,Medicaid,12,2,3,8,3,2.61,7,Home,1.41,1
PT-101505,35,Male,Pneumonia,Private,2,1,1,3,0,4.19,9,Home Health,0.23,1
PT-101506,84,Female,Diabetes,Self-pay,4,2,0,9,2,4.7,2,Home,1.29,1
PT-101507,53,Female,Diabetes,Medicare,1,0,1,4,3,3.59,6,Home,0.65,1
PT-101508,81,Female,COPD,Private,8,1,1,3,3,2.09,1,Home,1.87,1
PT-101509,67,Female,COPD,Medicaid,5,1,0,11,2,6.34,11,Home,1.69,1
PT-101510,42,Female,COPD,Medicare,12,0,0,4,2,0.71,6,Skilled Nursing,0.36,0
PT-101511,34,Male,Diabetes,Private,4,0,1,3,3,3.79,1,Home,0.65,1
PT-101512,72,Male,COPD,Self-pay,1,2,2,6,4,5.21,6,Home Health,1.55,1
PT-101513,42,Female,Diabetes,Medicare,6,2,1,5,4,0.25,9,Home Health,1.34,1
PT-101514,36,Female,COPD,Private,3,0,1,8,4,6.15,10,Home Health,0.0,1
PT-101515,85,Male,COPD,Medicaid,7,1,1,4,2,3.38,17,Home,1.31,0
PT-101516,53,Male,Pneumonia,Private,2,3,1,4,1,2.88,9,Home,0.52,1
PT-101517,21,Female,COPD,Self-pay,10,3,0,6,1,1.42,7,Rehab,0.0,1
PT-101518,54,Female,Diabetes,Private,5,1,0,6,0,0.52,7,Skilled Nursing,0.78,0
PT-101519,51,Female,Other,Medicaid,4,3,1,8,5,0.67,16,Home Health,1.28,1
PT-101520,81,Female,Pneumonia,Private,10,1,2,7,3,1.68,3,Home,2.09,1
PT-101521,69,Female,Pneumonia,Private,8,1,0,9,0,0.67,6,Home,1.25,1
PT-101522,31,Male,Kidney Disease,Private,2,2,2,6,0,3.89,12,Rehab,1.18,0
PT-101523,28,Male,Kidney Disease,Private,8,0,0,7,1,6.02,9,Home,0.55,0
PT-101524,62,Male,Heart Failure,Medicaid,7,0,1,1,2,3.32,3,Home,1.43,1
PT-101525,21,Male,Heart Failure,Private,4,0,1,9,1,0.78,9,Home,0.0,1
PT-101526,41,Male,Diabetes,Medicaid,7,0,3,7,3,4.71,17,Home,1.63,1
PT-101527,28,Female,Heart Failure,Private,10,1,2,4,3,5.63,8,Skilled Nursing,0.46,1
PT-101528,19,Male,Heart Failure,Medicare,4,0,1,5,3,0.79,6,Home,0.38,1
PT-101529,85,Female,Other,Private,4,1,2,5,0,3.33,8,Home,1.39,1
PT-101530,24,Male,Other,Medicare,4,0,1,6,2,0.86,7,Skilled Nursing,0.23,0
PT-101531,18,Female,Kidney Disease,Private,2,1,2,5,3,1.59,19,Home,0.36,0
PT-101532,86,Female,Heart Failure,Medicaid,4,3,1,1,1,3.97,12,Rehab,2.23,1
PT-101533,31,Female,Heart Failure,Private,4,2,0,6,2,2.09,1,Home Health,0.0,1
PT-101534,77,Female,Kidney Disease,Private,4,0,1,5,3,2.86,15,Home Health,1.61,0
PT-101535,20,Female,Other,Medicare,4,2,0,4,2,2.7,6,Home,0.0,0
PT-101536,29,Male,Kidney Disease,Medicaid,2,0,0,7,4,1.8,9,Home,0.16,0
PT-101537,26,Male,Pneumonia,Private,9,0,1,3,1,3.13,13,Home Health,0.26,0
PT-101538,69,Female,Heart Failure,Medicaid,3,1,1,4,2,2.91,15,Home,1.42,1
PT-101539,63,Female,Pneumonia,Private,11,1,1,4,1,2.14,10,Home,1.25,1
PT-101540,52,Female,Other,Medicare,2,0,4,4,3,4.74,8,Home,0.49,1
PT-101541,35,Female,COPD,Private,12,0,0,3,0,1.45,6,Skilled Nursing,0.78,0
PT-101542,24,Male,Kidney Disease,Medicare,3,5,1,4,2,4.72,8,Home Health,0.0,1
PT-101543,59,Male,Heart Failure,Private,8,0,1,6,3,3.34,17,Home,1.36,1
PT-101544,34,Male,Pneumonia,Medicare,5,2,1,8,0,4.4,1,Home,0.39,1
PT-101545,61,Female,Other,Medicaid,2,1,2,5,2,2.62,7,Skilled Nursing,1.12,1
PT-101546,68,Male,COPD,Medicaid,2,2,0,3,3,3.68,12,Home Health,2.02,1
PT-101547,80,Male,Other,Self-pay,3,2,0,2,2,1.66,19,Home Health,1.69,0
PT-101548,54,Female,COPD,Medicare,3,1,1,8,4,3.29,18,Home,1.99,1
PT-101549,18,Male,Heart Failure,Medicaid,4,0,4,4,2,5.58,10,Skilled Nursing,0.81,1
PT-101550,38,Male,Heart Failure,Medicaid,6,0,2,9,1,2.47,12,Home,0.17,1
PT-101551,80,Female,Diabetes,Medicaid,4,0,2,3,1,2.93,13,Home,1.47,0
PT-101552,56,Male,Pneumonia,Medicaid,5,0,1,6,4,1.01,7,Home,0.92,0
PT-101553,63,Male,Heart Failure,Private,6,1,0,7,4,6.72,12,Home,2.02,1
PT-101554,51,Female,COPD,Private,4,1,0,7,2,4.22,6,Home,1.09,1
PT-101555,29,Female,Other,Medicaid,7,0,1,4,0,0.72,2,Home,0.0,1
PT-101556,83,Male,COPD,Private,8,3,0,1,2,0.99,12,Home Health,2.31,1
PT-101557,74,Female,Other,Medicaid,6,1,1,4,1,1.18,8,Home Health,1.45,1
PT-101558,90,Male,COPD,Private,6,2,1,3,2,5.74,13,Home,2.41,1
PT-101559,80,Male,COPD,Private,5,2,0,4,2,1.53,10,Home,1.01,1
PT-101560,39,Female,Other,Private,9,0,0,4,3,1.04,4,Home,0.65,0
PT-101561,36,Female,Diabetes,Self-pay,4,1,0,9,2,6.83,15,Home,0.65,0
PT-101562,36,Male,Pneumonia,Medicare,3,0,2,3,1,1.34,12,Home,0.04,1
PT-101563,85,Male,Diabetes,Private,4,0,0,4,1,5.67,12,Home,1.74,1
PT-101564,58,Female,Other,Medicaid,2,1,0,6,4,0.8,3,Skilled Nursing,0.88,0
PT-101565,51,Female,Other,Medicaid,1,2,1,5,3,3.65,5,Home Health,1.03,1
PT-101566,88,Female,Diabetes,Medicaid,8,0,2,5,3,4.68,6,Home,2.38,1
PT-101567,62,Female,COPD,Private,11,1,2,1,3,6.56,8,Rehab,1.66,1
PT-101568,84,Female,Diabetes,Medicare,3,0,1,3,2,1.51,19,Home Health,0.87,0
PT-101569,89,Female,Heart Failure,Self-pay,8,0,0,5,1,1.93,2,Home,2.44,0
PT-101570,23,Female,Other,Medicare,1,2,1,4,1,4.56,9,Skilled Nursing,0.47,0
PT-101571,44,Female,COPD,Private,6,0,0,5,1,1.57,3,Home,0.7,1
PT-101572,71,Female,Heart Failure,Private,4,1,2,6,6,3.89,4,Home,2.73,1
PT-101573,77,Female,Kidney Disease,Self-pay,12,0,1,3,1,3.38,7,Home,1.55,0
PT-101574,28,Male,Other,Private,4,2,1,3,3,2.66,11,Home,0.85,0
PT-101575,41,Male,Diabetes,Self-pay,2,2,2,3,2,2.64,1,Rehab,0.0,0
PT-101576,58,Male,Other,Medicare,1,0,0,3,1,3.4,1,Home,1.49,0
PT-101577,76,Male,Other,Medicaid,4,1,1,1,3,2.6,6,Home,1.96,1
PT-101578,26,Male,COPD,Medicare,5,1,3,4,3,5.39,7,Home Health,1.22,0
PT-101579,61,Male,Diabetes,Self-pay,4,0,2,5,1,2.82,3,Home,0.68,1
PT-101580,39,Male,Diabetes,Private,8,2,1,2,1,1.92,6,Home,1.72,1
PT-101581,33,Female,Other,Private,10,1,0,5,0,4.19,6,Home,0.74,0
PT-101582,55,Female,Diabetes,Private,3,2,1,7,2,2.27,11,Home,1.43,1
PT-101583,48,Male,Heart Failure,Medicare,1,3,1,4,2,2.52,9,Home,0.4,0
PT-101584,64,Other,Heart Failure,Private,5,1,1,6,4,1.92,8,Skilled Nursing,1.68,0
PT-101585,41,Male,Heart Failure,Private,9,0,2,5,0,2.02,14,Home,0.7,0
PT-101586,78,Female,Pneumonia,Private,3,1,1,4,0,4.71,12,Home,1.38,1
PT-101587,23,Male,Heart Failure,Private,6,0,3,5,2,1.29,7,Skilled Nursing,0.46,0
PT-101588,80,Female,Heart Failure,Private,2,0,1,3,2,1.84,1,Home Health,0.67,1
PT-101589,20,Female,Other,Private,5,1,0,6,1,0.24,7,Skilled Nursing,0.47,0
PT-101590,71,Male,Diabetes,Medicare,6,0,0,8,3,2.16,1,Home,1.0,0
PT-101591,43,Female,Other,Private,5,0,1,3,1,2.76,11,Home,0.51,0
PT-101592,45,Female,Pneumonia,Private,14,0,0,4,5,3.46,18,Home Health,1.08,1
PT-101593,19,Male,Diabetes,Private,11,1,1,5,0,2.22,10,Rehab,0.07,0
PT-101594,69,Male,Diabetes,Private,7,0,4,5,3,7.65,13,Home Health,0.87,1
PT-101595,30,Male,Other,Medicare,9,1,1,8,2,3.45,3,Home,0.0,1
PT-101596,66,Female,Other,Medicaid,5,1,2,2,0,1.95,9,Home,0.92,0
PT-101597,70,Female,COPD,Medicaid,4,1,0,4,1,3.6,7,Home,0.36,1
PT-101598,79,Female,Other,Private,3,1,1,4,1,1.09,4,Home,0.93,1
PT-101599,69,Male,Kidney Disease,Private,2,1,1,1,1,5.83,7,Skilled Nursing,1.42,1
PT-101600,40,Male,Pneumonia,Medicare,11,2,0,6,4,1.03,2,Home,0.85,1
PT-101601,71,Female,Diabetes,Medicaid,14,3,1,2,5,2.9,12,Home,1.97,1
PT-101602,78,Female,COPD,Private,4,0,1,8,3,1.07,6,Home,2.29,1
PT-101603,41,Female,Diabetes,Self-pay,5,1,0,4,4,1.07,4,Home Health,0.0,1
PT-101604,27,Female,Heart Failure,Private,7,2,2,7,1,2.07,9,Home,0.11,1
PT-101605,82,Female,Kidney Disease,Private,4,0,2,4,1,2.74,12,Home Health,1.58,1
PT-101606,28,Male,Diabetes,Private,2,2,1,4,2,1.17,13,Home,0.5,0
PT-101607,61,Male,Diabetes,Private,1,1,4,3,4,3.65,5,Home Health,0.65,1
PT-101608,35,Female,Heart Failure,Medicaid,14,1,3,3,3,5.09,8,Home,1.11,1
PT-101609,27,Female,Kidney Disease,Medicaid,1,1,0,2,0,4.36,13,Rehab,0.0,0
PT-101610,74,Male,Pneumonia,Private,6,0,0,3,4,1.68,3,Home,2.27,1
PT-101611,28,Female,Other,Private,1,0,0,7,1,2.53,8,Skilled Nursing,0.41,0
PT-101612,66,Female,Diabetes,Medicaid,4,0,2,6,1,2.76,8,Skilled Nursing,0.97,0
PT-101613,68,Other,Other,Self-pay,3,2,0,8,1,8.69,3,Home,1.17,1
PT-101614,22,Male,Heart Failure,Medicare,1,0,1,10,1,7.88,14,Home,0.01,0
PT-101615,30,Female,Diabetes,Private,7,1,1,8,2,3.34,7,Rehab,0.51,1
PT-101616,75,Male,Heart Failure,Private,2,1,0,8,4,2.81,15,Home,1.53,1
PT-101617,55,Male,Kidney Disease,Medicare,1,2,0,5,5,1.09,3,Home,1.08,0
PT-101618,26,Male,Diabetes,Private,7,5,4,4,3,4.48,1,Home,1.8,1
PT-101619,90,Female,Pneumonia,Medicaid,3,1,1,6,2,2.2,5,Home Health,2.23,1
PT-101620,37,Female,Diabetes,Private,2,2,0,7,2,4.4,10,Home,0.63,1
PT-101621,18,Female,Diabetes,Private,7,0,0,4,2,2.34,6,Home,0.31,0
PT-101622,85,Female,COPD,Private,2,0,2,5,1,4.1,9,Rehab,1.16,1
PT-101623,19,Male,Diabetes,Medicaid,1,0,1,2,1,1.82,8,Home,0.0,0
PT-101624,58,Male,Pneumonia,Private,10,0,2,7,0,2.51,4,Home,0.42,1
PT-101625,90,Male,COPD,Private,13,0,0,11,3,3.63,22,Rehab,2.07,1
PT-101626,60,Female,Other,Medicare,4,0,2,3,3,5.95,7,Home,0.64,1
PT-101627,60,Male,Pneumonia,Medicaid,1,1,1,4,1,4.12,5,Home Health,0.73,0
PT-101628,46,Male,COPD,Private,4,0,0,6,2,4.01,21,Home,0.5,1
PT-101629,27,Male,Other,Medicaid,8,0,2,2,2,5.23,3,Home,0.04,1
PT-101630,59,Male,Other,Medicare,9,0,0,7,2,1.12,9,Home,1.52,1
PT-101631,83,Male,Diabetes,Self-pay,2,0,0,2,1,1.33,5,Home Health,2.55,0
PT-101632,24,Male,COPD,Medicaid,4,1,1,8,3,3.19,2,Skilled Nursing,0.0,0
PT-101633,82,Female,Pneumonia,Medicaid,5,0,1,5,1,4.3,13,Home,1.88,1
PT-101634,48,Female,Pneumonia,Medicare,7,2,1,11,1,4.56,8,Home,0.8,0
PT-101635,57,Male,Other,Medicare,7,0,1,6,3,3.68,2,Home,0.55,0
PT-101636,30,Male,Diabetes,Medicaid,6,1,0,2,1,3.09,18,Rehab,0.0,0
PT-101637,63,Male,Kidney Disease,Private,9,0,0,7,4,1.61,8,Home,1.46,1
PT-101638,31,Male,Other,Private,4,3,2,6,3,1.4,15,Home,0.67,0
PT-101639,37,Female,Pneumonia,Private,11,3,1,4,3,2.08,15,Home,1.13,1
PT-101640,70,Female,Diabetes,Medicare,3,0,0,7,5,0.92,1,Home,1.08,0
PT-101641,21,Male,Kidney Disease,Medicaid,7,0,0,12,4,0.48,12,Home Health,0.0,0
PT-101642,50,Other,Other,Medicare,3,1,0,7,3,4.02,14,Home,0.91,1
PT-101643,61,Female,COPD,Private,4,0,0,7,3,5.98,9,Home Health,1.62,1
PT-101644,27,Female,Kidney Disease,Medicare,5,0,4,8,2,1.52,14,Home,0.0,1
PT-101645,39,Male,Kidney Disease,Medicare,3,0,2,8,2,2.52,6,Home,0.85,1
PT-101646,43,Female,Diabetes,Private,9,1,2,9,2,3.62,16,Home,0.93,1
PT-101647,66,Male,Heart Failure,Medicaid,3,0,3,5,2,0.59,6,Home Health,1.89,1
PT-101648,89,Female,Diabetes,Medicaid,4,2,1,4,2,0.4,16,Home,2.11,1
PT-101649,79,Male,Pneumonia,Private,6,1,1,5,3,3.88,11,Home,2.63,1
PT-101650,31,Male,COPD,Private,18,0,0,5,3,1.97,10,Home,1.36,0
PT-101651,19,Female,Diabetes,Private,7,0,1,4,2,2.19,2,Home,0.0,1
PT-101652,21,Male,Pneumonia,Medicare,5,2,2,8,2,4.59,16,Home,0.0,1
PT-101653,61,Female,Pneumonia,Medicare,1,3,2,5,0,0.05,4,Home,0.13,1
PT-101654,29,Male,Pneumonia,Medicare,4,0,1,7,2,1.48,17,Skilled Nursing,0.88,0
PT-101655,34,Female,Other,Medicare,3,2,0,6,3,4.2,10,Home,0.41,1
PT-101656,79,Female,Heart Failure,Medicare,3,1,1,5,1,1.71,11,Home Health,1.61,0
PT-101657,81,Male,Pneumonia,Medicaid,3,1,1,7,3,0.72,6,Home,0.8,1
PT-101658,79,Female,Diabetes,Medicaid,6,0,2,6,2,3.3,6,Home,0.75,1
PT-101659,36,Male,Heart Failure,Self-pay,4,0,1,4,3,1.77,1,Home,0.28,0
PT-101660,63,Female,Diabetes,Private,2,0,0,1,3,1.04,13,Home,1.02,0
PT-101661,62,Female,COPD,Medicare,8,0,3,4,1,0.42,10,Skilled Nursing,0.73,1
PT-101662,31,Male,Other,Medicare,2,2,0,0,0,3.36,16,Home,0.03,1
PT-101663,58,Female,Heart Failure,Medicare,4,0,1,5,1,0.73,7,Skilled Nursing,0.93,0
PT-101664,56,Female,Heart Failure,Medicaid,4,0,1,0,4,3.64,19,Home,1.31,0
PT-101665,46,Female,Other,Medicaid,6,0,1,1,3,1.8,3,Skilled Nursing,0.66,1
PT-101666,72,Female,COPD,Medicare,9,0,0,7,2,4.52,10,Home,1.84,1
PT-101667,67,Male,Heart Failure,Medicare,20,2,1,1,1,4.57,12,Home,2.08,1
PT-101668,56,Male,Heart Failure,Private,5,2,1,2,2,0.89,11,Home,1.85,1
PT-101669,70,Male,COPD,Private,3,0,1,4,3,3.16,7,Home,2.13,1
PT-101670,73,Female,Other,Medicare,2,0,2,10,2,0.94,2,Rehab,1.13,1
PT-101671,59,Male,Heart Failure,Medicare,2,0,2,7,1,3.54,9,Home,0.26,1
PT-101672,37,Male,Kidney Disease,Private,5,1,1,4,4,2.58,6,Home,0.58,1
PT-101673,73,Female,Heart Failure,Private,1,1,0,1,4,2.73,18,Home Health,1.7,0
PT-101674,70,Male,COPD,Medicare,2,0,1,3,0,5.27,11,Home,0.87,1
PT-101675,89,Male,COPD,Medicare,5,1,1,4,2,2.93,9,Home,1.73,0
PT-101676,28,Female,Diabetes,Private,8,1,2,7,1,1.05,16,Home,0.39,1
PT-101677,48,Male,Heart Failure,Medicaid,8,0,1,6,2,3.15,12,Home,0.62,1
PT-101678,85,Female,Diabetes,Medicare,5,0,0,6,2,3.18,1,Rehab,1.28,1
PT-101679,55,Male,Diabetes,Medicare,8,1,1,7,4,3.1,13,Home,0.78,1
PT-101680,86,Female,Diabetes,Private,9,1,0,7,2,2.16,11,Home,2.31,1
PT-101681,18,Female,Pneumonia,Private,3,1,1,5,4,2.63,11,Home Health,0.12,1
PT-101682,20,Female,COPD,Medicare,9,1,3,5,3,4.93,8,Home,0.68,1
PT-101683,76,Female,COPD,Medicaid,1,0,2,4,3,3.24,6,Home,1.45,1
PT-101684,44,Female,COPD,Private,1,2,2,6,0,2.76,3,Home,0.15,1
PT-101685,55,Male,COPD,Self-pay,3,0,0,8,3,3.06,13,Home,0.71,0
PT-101686,49,Female,COPD,Medicaid,1,0,3,2,3,0.47,6,Home,0.05,1
PT-101687,47,Male,COPD,Private,7,1,0,3,1,5.52,5,Home,0.84,1
PT-101688,86,Female,COPD,Private,3,0,3,7,0,4.26,24,Rehab,2.39,1
PT-101689,24,Female,Pneumonia,Private,4,0,0,1,4,3.34,6,Home,0.39,0
PT-101690,74,Female,COPD,Self-pay,4,2,2,6,1,1.89,5,Home,1.87,1
PT-101691,82,Male,Other,Medicare,3,1,1,8,2,6.46,11,Home,0.99,1
PT-101692,65,Male,Pneumonia,Medicare,2,0,0,3,1,4.94,7,Home,0.0,1
PT-101693,46,Male,Other,Self-pay,6,1,0,5,2,1.48,16,Home Health,0.56,0
PT-101694,29,Male,COPD,Medicare,3,0,0,2,3,4.19,11,Skilled Nursing,1.54,0
PT-101695,67,Female,Pneumonia,Private,4,1,1,2,0,3.6,9,Home,0.18,0
PT-101696,52,Female,Other,Medicaid,6,1,1,1,2,2.14,12,Home,1.5,1
PT-101697,28,Female,Other,Private,9,0,2,5,4,4.02,10,Home Health,0.75,0
PT-101698,44,Male,Heart Failure,Medicaid,9,0,3,2,2,3.37,4,Home,1.12,1
PT-101699,88,Male,Diabetes,Medicaid,3,1,1,3,4,1.95,10,Home,2.05,1
PT-101700,37,Male,COPD,Private,2,1,1,2,8,5.06,2,Home,0.76,1
PT-101701,31,Female,Other,Medicare,10,1,2,9,0,6.16,2,Home,0.19,1
PT-101702,67,Male,Diabetes,Medicaid,3,0,2,5,1,6.35,5,Skilled Nursing,1.47,1
PT-101703,32,Female,Other,Private,6,1,2,11,1,5.23,7,Home,0.82,1
PT-101704,85,Female,Kidney Disease,Medicaid,1,0,0,8,1,0.72,9,Rehab,0.64,1
PT-101705,80,Female,Diabetes,Medicare,1,0,0,8,2,1.8,1,Home,1.41,1
PT-101706,89,Male,Diabetes,Private,5,3,0,5,2,1.21,6,Home,1.78,1
PT-101707,84,Female,Other,Self-pay,4,1,1,3,2,5.64,1,Home Health,1.05,1
PT-101708,35,Male,Pneumonia,Self-pay,7,0,4,4,4,2.21,11,Home Health,1.41,1
PT-101709,33,Male,Pneumonia,Medicare,2,0,3,7,1,3.6,6,Rehab,0.07,1
PT-101710,43,Female,COPD,Medicaid,5,0,0,6,4,1.09,7,Home Health,0.84,1
PT-101711,52,Female,Pneumonia,Private,7,1,1,3,3,3.74,3,Home,1.67,1
PT-101712,82,Male,Pneumonia,Medicare,3,0,0,5,4,1.87,11,Home,2.12,1
PT-101713,71,Female,Heart Failure,Medicare,3,0,0,6,2,3.16,1,Skilled Nursing,1.87,1
PT-101714,65,Female,Heart Failure,Medicare,2,2,1,4,0,0.31,6,Home,0.47,1
PT-101715,82,Female,Pneumonia,Medicare,7,0,0,2,1,1.43,5,Home,2.29,0
PT-101716,65,Male,Other,Medicare,6,2,1,1,4,2.05,17,Home,1.25,0
PT-101717,45,Male,Diabetes,Private,7,2,1,6,5,1.24,1,Home Health,0.72,1
PT-101718,48,Female,Pneumonia,Medicaid,4,0,2,6,1,2.97,16,Home,0.92,0
PT-101719,55,Female,Diabetes,Private,6,0,4,3,1,6.09,6,Home Health,0.76,1
PT-101720,24,Female,Diabetes,Medicare,4,1,0,9,1,2.33,7,Home Health,0.42,0
PT-101721,72,Female,Other,Private,12,0,0,7,3,7.05,14,Home,1.23,1
PT-101722,65,Female,Other,Private,4,0,0,8,0,3.44,13,Home Health,0.95,1
PT-101723,71,Male,Other,Private,8,1,2,4,2,2.25,9,Rehab,2.34,0
PT-101724,56,Female,COPD,Private,4,0,2,8,5,3.04,11,Home,1.5,1
PT-101725,75,Female,Pneumonia,Medicaid,10,0,0,3,5,2.5,1,Home Health,1.78,1
PT-101726,87,Male,Heart Failure,Medicare,2,1,0,3,5,1.57,2,Home,2.12,1
PT-101727,59,Male,Heart Failure,Medicaid,6,1,0,3,3,4.65,11,Home,0.02,1
PT-101728,50,Male,COPD,Medicaid,3,1,1,5,4,3.38,3,Home,0.89,0
PT-101729,25,Female,Heart Failure,Private,5,1,1,9,1,3.26,8,Home,0.0,1
PT-101730,74,Female,COPD,Medicaid,3,0,1,1,4,2.58,6,Home Health,1.38,1
PT-101731,83,Female,Pneumonia,Private,4,1,1,9,3,2.1,1,Home,1.18,1
PT-101732,69,Female,Other,Private,3,1,2,5,3,2.78,13,Home Health,1.55,1
PT-101733,81,Male,Heart Failure,Private,7,2,1,2,0,1.91,12,Home,0.57,1
PT-101734,80,Female,Heart Failure,Private,6,1,2,7,2,2.41,7,Home,1.64,1
PT-101735,76,Male,Heart Failure,Medicaid,3,0,1,4,0,3.43,16,Home,1.83,1
PT-101736,54,Female,Other,Medicare,3,1,1,4,1,3.01,1,Skilled Nursing,1.28,0
PT-101737,25,Male,COPD,Medicare,2,0,2,5,3,2.95,4,Home,0.17,1
PT-101738,18,Female,Other,Private,2,0,1,5,1,2.3,4,Home,0.3,0
PT-101739,32,Female,Other,Medicaid,7,1,2,9,3,1.6,7,Home,0.56,1
PT-101740,49,Female,COPD,Medicaid,2,0,0,8,1,5.27,7,Home Health,0.55,0
PT-101741,72,Female,Kidney Disease,Medicare,6,0,2,3,2,1.7,12,Skilled Nursing,0.95,0
PT-101742,51,Male,Kidney Disease,Medicare,3,0,3,5,0,5.06,19,Home,0.53,0
PT-101743,19,Female,Other,Private,8,0,1,2,3,3.17,11,Home,0.72,1
PT-101744,33,Male,Heart Failure,Private,13,0,0,5,3,4.06,8,Home Health,0.99,1
PT-101745,89,Female,COPD,Medicaid,1,0,0,2,3,1.11,16,Rehab,2.58,0
PT-101746,90,Female,Diabetes,Private,2,2,0,3,3,3.56,9,Home,2.33,1
PT-101747,45,Male,Pneumonia,Private,3,0,1,4,0,0.3,8,Home,0.0,0
PT-101748,76,Female,Pneumonia,Private,4,0,0,6,3,2.38,10,Home,0.45,1
PT-101749,70,Female,COPD,Private,4,0,2,7,1,3.36,10,Home,1.47,0
PT-101750,85,Male,Diabetes,Private,1,0,1,4,3,5.15,13,Home,1.97,0
PT-101751,82,Male,Kidney Disease,Medicaid,13,2,2,5,1,3.27,1,Home,1.93,1
PT-101752,63,Male,Diabetes,Medicaid,4,0,0,11,2,1.94,11,Home,1.84,1
PT-101753,46,Female,Pneumonia,Private,6,2,1,3,1,1.55,9,Home Health,0.87,0
PT-101754,63,Male,Other,Private,6,1,0,9,1,2.64,7,Rehab,1.56,1
PT-101755,41,Female,COPD,Self-pay,1,1,0,7,4,4.21,13,Skilled Nursing,0.83,0
PT-101756,43,Female,COPD,Medicare,3,1,4,5,0,1.13,12,Home,0.65,1
PT-101757,62,Male,Diabetes,Private,7,1,0,8,3,5.56,5,Home,1.87,1
PT-101758,59,Male,Heart Failure,Private,10,1,1,1,3,5.85,8,Home Health,2.4,1
PT-101759,60,Male,Pneumonia,Medicare,3,0,4,7,3,2.98,11,Home,1.17,0
PT-101760,46,Female,Pneumonia,Medicaid,1,1,1,5,5,2.13,7,Home Health,1.26,1
PT-101761,47,Male,Pneumonia,Medicaid,3,1,0,4,1,2.07,4,Home,0.82,0
PT-101762,18,Female,Other,Private,3,1,0,4,1,2.39,9,Home Health,0.0,0
PT-101763,61,Female,COPD,Private,3,2,0,6,3,2.19,15,Home,0.82,1
PT-101764,60,Female,COPD,Private,2,1,0,2,1,6.12,7,Home,1.43,1
PT-101765,86,Female,Heart Failure,Private,1,0,0,6,1,2.77,11,Home Health,2.19,0
PT-101766,54,Male,Heart Failure,Medicaid,2,0,2,7,2,1.42,20,Home Health,0.87,0
PT-101767,52,Male,Pneumonia,Medicare,3,3,1,4,2,1.41,1,Home,0.79,1
PT-101768,22,Female,Heart Failure,Medicare,7,0,1,5,0,0.84,12,Home,0.49,0
PT-101769,32,Male,Diabetes,Private,9,1,0,8,3,2.23,4,Home,0.15,1
PT-101770,42,Female,COPD,Medicaid,5,2,2,5,1,2.22,5,Home Health,0.88,1
PT-101771,45,Male,Pneumonia,Private,2,0,1,8,1,6.12,7,Home Health,0.69,1
PT-101772,44,Female,Diabetes,Self-pay,3,3,2,4,4,3.74,4,Home,1.09,1
PT-101773,46,Female,Diabetes,Medicaid,1,0,2,7,4,1.21,11,Rehab,1.36,1
PT-101774,74,Male,Other,Medicare,11,3,2,7,5,2.99,2,Home,2.31,1
PT-101775,27,Male,Pneumonia,Self-pay,3,1,0,4,2,4.44,12,Skilled Nursing,0.2,1
PT-101776,42,Female,Diabetes,Medicaid,6,0,1,9,0,0.97,13,Home,0.17,0
PT-101777,29,Female,Kidney Disease,Private,8,4,1,5,1,2.57,1,Home,0.47,1
PT-101778,40,Male,Pneumonia,Medicare,12,2,1,8,3,2.69,1,Home,0.8,1
PT-101779,67,Female,Other,Private,8,2,1,5,1,2.94,5,Rehab,1.24,1
PT-101780,21,Male,Kidney Disease,Medicare,3,0,1,6,3,0.82,13,Home,0.48,0
PT-101781,42,Female,COPD,Private,6,1,1,6,1,3.19,4,Skilled Nursing,0.28,1
PT-101782,19,Female,Other,Private,12,0,1,6,1,2.41,9,Home Health,0.53,0
PT-101783,87,Male,COPD,Medicaid,3,3,0,3,7,5.6,1,Home,2.81,1
PT-101784,71,Male,Other,Private,1,0,0,1,2,1.57,4,Home,1.94,0
PT-101785,35,Female,Other,Medicare,2,1,0,5,1,3.51,3,Rehab,0.57,0
PT-101786,32,Male,Diabetes,Private,6,2,2,2,0,5.65,4,Home,0.54,0
PT-101787,25,Female,Kidney Disease,Medicare,3,1,0,9,3,0.98,7,Skilled Nursing,0.65,1
PT-101788,52,Female,Other,Self-pay,4,2,1,3,3,1.15,9,Home,1.38,0
PT-101789,73,Male,Pneumonia,Private,7,2,1,4,1,5.37,10,Skilled Nursing,1.9,0
PT-101790,60,Male,Diabetes,Private,2,0,1,7,2,0.98,2,Home,0.33,0
PT-101791,82,Male,COPD,Private,4,2,3,3,2,0.92,15,Home,1.32,0
PT-101792,43,Female,Diabetes,Medicare,3,0,0,6,2,2.02,7,Rehab,0.15,0
PT-101793,38,Female,Diabetes,Medicaid,12,1,3,7,0,2.01,14,Rehab,1.41,0
PT-101794,52,Female,COPD,Private,7,0,1,4,0,2.71,12,Home,0.0,1
PT-101795,32,Male,Pneumonia,Medicaid,3,0,2,3,0,1.69,11,Home,0.7,0
PT-101796,89,Male,Diabetes,Medicare,3,1,2,6,2,1.63,15,Skilled Nursing,1.78,1
PT-101797,31,Female,Diabetes,Private,13,0,0,6,2,2.78,4,Home,0.56,0
PT-101798,52,Male,Kidney Disease,Medicaid,12,0,0,6,3,1.74,11,Home,1.24,1
PT-101799,56,Female,Pneumonia,Medicare,6,1,1,4,3,5.75,1,Home,0.13,1
PT-101800,22,Female,Diabetes,Medicare,4,0,0,5,1,1.68,9,Home,0.0,0
PT-101801,52,Female,COPD,Private,2,1,0,6,3,5.34,11,Home Health,1.12,1
PT-101802,51,Male,Pneumonia,Medicare,2,1,0,2,1,1.9,4,Home,1.08,0
PT-101803,36,Female,Pneumonia,Medicare,1,2,3,1,4,1.68,9,Home,1.17,0
PT-101804,27,Female,Other,Medicare,9,1,0,2,4,3.44,1,Home,0.61,1
PT-101805,21,Male,Diabetes,Private,2,0,1,3,1,3.56,3,Home,0.56,0
PT-101806,18,Male,COPD,Medicaid,3,0,2,2,0,0.86,8,Home,0.0,1
PT-101807,53,Female,Heart Failure,Private,1,0,0,8,2,5.22,2,Home,0.89,1
PT-101808,24,Female,Kidney Disease,Medicare,1,1,2,3,0,1.18,18,Home,0.24,1
PT-101809,88,Female,Heart Failure,Medicare,7,2,1,2,2,1.26,11,Home,1.68,1
PT-101810,35,Male,COPD,Private,5,0,0,7,1,4.01,8,Home,0.51,0
PT-101811,65,Female,Other,Private,4,1,2,6,2,4.19,9,Home,1.14,1
PT-101812,67,Male,Pneumonia,Medicare,3,0,0,8,4,5.32,10,Skilled Nursing,1.22,0
PT-101813,54,Male,Pneumonia,Medicaid,1,0,0,3,2,5.98,2,Home,0.95,0
PT-101814,82,Female,Kidney Disease,Medicare,3,0,0,4,2,5.4,11,Home,1.81,1
PT-101815,26,Male,Pneumonia,Medicaid,4,1,1,7,2,4.39,10,Rehab,0.29,0
PT-101816,35,Female,Heart Failure,Medicare,6,1,1,6,2,4.97,5,Home,0.51,1
PT-101817,36,Female,Diabetes,Self-pay,8,1,2,6,0,1.4,10,Home Health,0.68,1
PT-101818,27,Male,Pneumonia,Medicare,7,1,0,3,4,1.99,7,Home,0.61,1
PT-101819,39,Male,Diabetes,Private,5,2,0,2,1,1.82,11,Rehab,0.12,1
PT-101820,40,Other,COPD,Self-pay,4,0,1,5,1,1.11,14,Home,0.91,0
PT-101821,73,Male,Pneumonia,Self-pay,5,1,0,5,2,3.37,8,Home,1.06,1
PT-101822,40,Male,Heart Failure,Medicaid,3,1,2,7,0,2.19,17,Home,0.94,1
PT-101823,81,Male,Other,Medicare,5,3,0,2,2,1.41,6,Home,2.04,1
PT-101824,74,Male,COPD,Private,4,0,2,2,1,1.64,3,Home,1.58,0
PT-101825,83,Female,Kidney Disease,Private,16,2,1,6,3,1.07,9,Home Health,2.78,1
PT-101826,25,Female,Other,Private,5,0,2,7,2,2.61,3,Home,0.41,1
PT-101827,89,Female,Other,Medicare,1,0,0,3,3,2.22,10,Home Health,2.88,1
PT-101828,62,Female,Pneumonia,Private,3,0,2,3,1,0.9,2,Home Health,0.97,1
PT-101829,89,Female,Heart Failure,Medicaid,3,2,2,9,2,1.32,12,Home,0.92,1
PT-101830,43,Female,Heart Failure,Medicare,8,0,1,5,4,3.54,7,Skilled Nursing,0.75,0
PT-101831,87,Male,Other,Medicare,5,0,0,9,1,3.86,17,Home,2.33,1
PT-101832,60,Male,Diabetes,Private,5,1,1,9,3,2.67,16,Home Health,2.33,1
PT-101833,23,Female,Heart Failure,Private,10,0,0,5,1,3.82,13,Skilled Nursing,1.22,1
PT-101834,47,Male,Heart Failure,Medicaid,12,0,0,7,0,1.2,3,Home,1.46,1
PT-101835,28,Male,Pneumonia,Private,7,2,5,5,0,1.93,4,Home,0.46,1
PT-101836,86,Female,Other,Private,3,2,2,10,4,1.79,9,Rehab,1.95,1
PT-101837,40,Male,Kidney Disease,Medicare,3,1,2,4,2,2.01,11,Skilled Nursing,1.61,1
PT-101838,34,Male,Other,Medicare,9,0,1,7,2,1.46,8,Home,0.84,1
PT-101839,58,Female,Heart Failure,Private,3,0,0,4,0,3.24,7,Home,0.58,0
PT-101840,49,Female,Pneumonia,Medicare,4,2,0,5,2,5.02,11,Home Health,1.34,0
PT-101841,25,Male,COPD,Private,3,2,0,4,3,0.36,15,Home,0.0,1
PT-101842,77,Male,Diabetes,Medicare,2,1,1,3,2,2.46,17,Home,1.05,0
PT-101843,79,Male,Heart Failure,Medicare,15,0,1,3,2,2.15,17,Skilled Nursing,1.16,1
PT-101844,72,Male,Kidney Disease,Medicaid,4,1,0,6,0,1.87,1,Home Health,1.25,1
PT-101845,63,Male,Heart Failure,Private,11,4,1,5,4,0.82,1,Home,2.26,1
PT-101846,47,Male,Diabetes,Medicare,3,0,0,2,1,2.32,11,Home,0.74,0
PT-101847,57,Male,Heart Failure,Private,3,1,0,4,2,0.52,13,Home Health,0.3,1
PT-101848,56,Male,Heart Failure,Private,6,1,1,2,1,4.0,13,Home,1.11,0
PT-101849,30,Female,Kidney Disease,Private,8,0,1,8,1,2.78,13,Home Health,0.01,1
PT-101850,23,Female,COPD,Private,9,1,0,7,3,2.27,13,Home,0.0,1
PT-101851,36,Female,Heart Failure,Self-pay,4,1,0,7,1,1.27,8,Home,0.0,0
PT-101852,51,Female,Diabetes,Medicaid,7,0,0,1,2,0.3,10,Home Health,1.39,1
PT-101853,29,Male,Diabetes,Private,3,2,2,9,1,2.48,12,Home,0.47,0
PT-101854,25,Female,Other,Private,4,0,1,3,1,4.11,12,Home,0.55,0
PT-101855,80,Female,Other,Medicare,3,1,4,6,2,5.61,7,Home,2.76,1
PT-101856,45,Female,Other,Self-pay,3,1,1,3,4,2.8,3,Home Health,0.98,0
PT-101857,60,Male,Heart Failure,Medicare,5,2,1,4,5,7.03,1,Home,2.13,1
PT-101858,56,Female,Diabetes,Medicaid,2,2,0,3,0,6.26,6,Home,0.6,1
PT-101859,71,Male,Kidney Disease,Medicare,8,2,2,3,1,0.96,2,Home Health,1.45,1
PT-101860,72,Male,Heart Failure,Medicare,3,0,0,3,3,2.48,8,Home,1.53,0
PT-101861,39,Male,Other,Medicare,8,1,1,6,1,2.28,12,Rehab,0.65,1
PT-101862,79,Female,Kidney Disease,Private,2,1,0,3,3,3.01,10,Home,1.78,1
PT-101863,45,Female,Other,Medicare,3,1,1,3,5,1.32,8,Home,0.35,1
PT-101864,78,Male,Kidney Disease,Medicaid,2,0,0,5,3,3.76,11,Skilled Nursing,2.02,1
PT-101865,47,Female,Pneumonia,Private,2,1,1,9,6,2.27,3,Home Health,0.83,1
PT-101866,26,Female,Heart Failure,Medicaid,2,1,0,3,1,4.54,12,Home,0.07,0
PT-101867,73,Male,Other,Private,2,0,2,1,1,2.87,9,Home,1.37,0
PT-101868,20,Male,Kidney Disease,Private,2,1,3,7,1,2.41,5,Home,0.7,1
PT-101869,74,Male,COPD,Medicare,4,1,1,4,2,4.44,12,Home,1.86,1
PT-101870,21,Female,Other,Medicaid,6,2,1,3,1,2.23,1,Home,0.0,1
PT-101871,33,Male,Heart Failure,Medicare,7,0,0,4,2,3.79,8,Home,0.0,1
PT-101872,62,Female,Heart Failure,Self-pay,1,1,1,5,3,2.28,6,Home,1.5,1
PT-101873,86,Male,COPD,Private,3,0,0,6,1,6.32,4,Home,2.19,0
PT-101874,47,Female,Pneumonia,Self-pay,3,0,0,5,2,1.58,5,Home,0.21,0
PT-101875,26,Female,Pneumonia,Medicare,10,1,2,7,2,0.38,11,Home,0.71,1
PT-101876,35,Male,Heart Failure,Medicare,4,0,3,1,1,3.6,6,Home,0.63,0
PT-101877,83,Female,COPD,Private,4,1,0,1,0,2.72,14,Home,2.03,1
PT-101878,71,Other,Diabetes,Private,1,0,1,5,5,1.56,1,Home,1.26,0
PT-101879,25,Female,COPD,Private,2,1,1,2,0,4.82,9,Home,0.4,0
PT-101880,46,Female,Diabetes,Medicaid,1,0,2,3,1,2.74,3,Home,0.39,0
PT-101881,37,Male,Diabetes,Self-pay,4,0,2,2,2,2.72,15,Home,0.02,1
PT-101882,30,Male,Other,Medicaid,10,0,0,2,1,2.83,11,Rehab,0.0,1
PT-101883,79,Male,Pneumonia,Medicare,2,0,1,4,1,1.8,3,Home,1.35,1
PT-101884,63,Female,Heart Failure,Private,4,1,1,3,1,0.44,11,Home Health,1.36,1
PT-101885,31,Male,Heart Failure,Private,2,1,0,9,2,1.29,14,Rehab,0.39,0
PT-101886,65,Female,Other,Private,3,0,1,10,3,3.79,7,Home,1.06,0
PT-101887,48,Female,Heart Failure,Private,5,2,0,2,1,2.24,8,Home,0.61,1
PT-101888,22,Male,COPD,Medicaid,13,0,0,5,4,1.74,10,Home,0.0,1
PT-101889,50,Male,Heart Failure,Medicaid,10,1,0,6,2,3.07,8,Skilled Nursing,0.07,0
PT-101890,31,Female,Other,Medicaid,12,2,2,4,2,2.22,14,Home,0.14,1
PT-101891,35,Male,Pneumonia,Medicare,8,1,0,3,3,3.4,9,Home,0.0,1
PT-101892,82,Female,Other,Private,4,5,0,6,3,5.73,10,Home,2.78,1
PT-101893,69,Male,Diabetes,Medicaid,3,0,1,4,1,1.9,11,Home Health,1.33,1
PT-101894,27,Male,Kidney Disease,Medicare,2,0,0,2,0,1.78,10,Skilled Nursing,0.3,0
PT-101895,80,Male,Pneumonia,Private,1,1,1,3,4,2.92,8,Home,1.86,1
PT-101896,59,Male,Diabetes,Medicaid,3,1,1,3,4,1.44,6,Home,0.96,0
PT-101897,81,Female,COPD,Medicare,10,1,0,6,1,2.53,10,Home,1.48,1
PT-101898,72,Male,Diabetes,Private,10,0,0,9,1,1.03,10,Home Health,0.43,0
PT-101899,42,Male,Heart Failure,Medicare,16,1,1,6,1,1.98,10,Home Health,0.58,1
PT-101900,57,Male,Pneumonia,Private,5,0,1,6,2,1.41,1,Home,0.59,1
PT-101901,56,Female,Pneumonia,Medicaid,2,0,3,4,3,1.1,11,Home,0.12,1
PT-101902,70,Male,Pneumonia,Self-pay,6,1,1,7,3,2.63,10,Home Health,1.8,1
PT-101903,36,Female,Diabetes,Medicaid,13,1,0,9,6,3.57,11,Home Health,0.99,1
PT-101904,42,Female,Diabetes,Medicaid,11,0,2,1,3,6.18,2,Home,1.5,1
PT-101905,35,Male,COPD,Private,3,2,0,3,2,4.49,8,Home,1.02,1
PT-101906,39,Male,COPD,Private,2,0,3,5,2,4.22,10,Home,1.45,1
PT-101907,29,Female,Kidney Disease,Self-pay,2,3,2,6,4,3.17,9,Home,1.2,0
PT-101908,20,Female,Other,Self-pay,2,0,3,5,1,2.12,12,Home Health,0.09,1
PT-101909,86,Female,Other,Medicare,3,0,0,7,1,2.43,8,Home,1.44,0
PT-101910,23,Male,Pneumonia,Private,3,2,3,6,0,3.55,1,Rehab,0.0,1
PT-101911,82,Female,Diabetes,Private,7,0,1,12,2,2.03,1,Home,2.26,1
PT-101912,18,Female,Kidney Disease,Private,3,0,1,4,2,3.25,3,Home,0.0,0
PT-101913,74,Male,Kidney Disease,Private,4,0,0,5,1,3.15,3,Home Health,1.21,0
PT-101914,41,Female,Other,Private,1,1,0,9,3,3.79,13,Home,0.62,1
PT-101915,55,Male,Heart Failure,Medicare,2,0,0,5,6,3.43,14,Home Health,1.2,1
PT-101916,38,Female,Pneumonia,Private,2,0,0,3,3,1.28,13,Home,0.0,0
PT-101917,53,Female,COPD,Medicare,1,0,2,4,1,2.17,8,Home,0.67,1
PT-101918,50,Female,Heart Failure,Medicare,3,1,1,10,2,3.46,1,Home Health,0.68,1
PT-101919,56,Male,Other,Medicaid,1,2,2,8,1,1.58,6,Home,1.48,1
PT-101920,46,Male,Kidney Disease,Private,3,1,1,8,1,2.47,17,Home,1.16,1
PT-101921,57,Female,Other,Self-pay,5,1,3,5,0,3.16,3,Home Health,0.5,1
PT-101922,78,Male,Other,Private,10,1,0,5,0,0.73,11,Home Health,2.0,0
PT-101923,49,Male,Diabetes,Medicare,2,0,0,4,2,1.55,8,Home,0.28,1
PT-101924,44,Female,Diabetes,Private,4,0,0,1,2,5.2,6,Home,0.32,0
PT-101925,27,Male,Diabetes,Medicaid,3,1,0,6,2,3.0,7,Home,0.22,1
PT-101926,44,Female,Other,Medicare,1,0,0,7,0,0.83,13,Home Health,0.58,0
PT-101927,27,Male,Heart Failure,Medicare,10,0,1,6,0,4.83,1,Home,0.0,1
PT-101928,31,Female,Heart Failure,Medicaid,5,0,1,3,1,2.57,9,Skilled Nursing,0.47,1
PT-101929,87,Female,Pneumonia,Self-pay,6,0,0,5,2,6.04,1,Home,1.57,1
PT-101930,24,Male,Diabetes,Medicaid,12,1,2,3,0,2.21,7,Home,0.0,1
PT-101931,53,Female,Pneumonia,Medicare,3,4,2,5,4,3.04,11,Skilled Nursing,0.77,1
PT-101932,78,Female,Pneumonia,Medicare,1,1,3,3,2,1.99,12,Home,1.69,1
PT-101933,87,Female,Heart Failure,Medicaid,2,0,1,4,4,0.56,10,Home,2.25,1
PT-101934,28,Male,Diabetes,Private,1,0,2,5,2,3.84,7,Home Health,0.0,0
PT-101935,29,Female,Diabetes,Private,9,2,0,8,2,5.74,11,Home,0.0,1
PT-101936,45,Male,Diabetes,Private,14,1,2,6,3,2.34,17,Home Health,0.66,1
PT-101937,58,Female,Other,Medicare,5,0,4,2,0,1.61,11,Home,1.13,1
PT-101938,88,Male,Heart Failure,Private,7,0,0,4,4,3.37,1,Home Health,2.2,1
PT-101939,33,Female,Other,Private,8,1,0,4,4,1.55,10,Rehab,0.76,1
PT-101940,30,Male,Diabetes,Medicare,12,0,1,9,2,0.83,13,Home,0.0,1
PT-101941,36,Male,Other,Medicare,13,0,2,2,5,1.76,9,Home Health,0.96,0
PT-101942,81,Female,COPD,Medicaid,1,2,1,7,4,2.07,4,Home Health,0.9,0
PT-101943,20,Male,COPD,Medicaid,3,2,2,2,1,5.28,14,Rehab,0.16,1
PT-101944,45,Male,Kidney Disease,Private,4,0,0,4,2,0.57,7,Home Health,1.0,1
PT-101945,26,Female,Kidney Disease,Private,2,1,1,2,3,1.58,2,Home,0.0,0
PT-101946,29,Female,Pneumonia,Medicare,3,0,1,7,2,4.84,8,Home,0.0,0
PT-101947,84,Female,COPD,Private,6,3,1,2,5,1.75,13,Home,1.8,1
PT-101948,18,Female,COPD,Medicaid,5,0,1,1,3,4.73,8,Home,0.0,1
PT-101949,41,Male,Heart Failure,Medicare,8,1,6,3,3,5.62,5,Home Health,1.02,1
PT-101950,84,Female,Other,Self-pay,4,1,3,6,4,0.76,11,Rehab,2.76,1
PT-101951,62,Female,COPD,Private,1,0,0,8,2,4.96,11,Home,0.98,1
PT-101952,23,Male,Other,Private,3,0,2,6,3,3.04,3,Home,0.0,1
PT-101953,51,Female,Heart Failure,Medicare,5,1,1,4,2,1.84,6,Home,0.0,1
PT-101954,88,Male,Kidney Disease,Medicare,8,1,3,6,2,0.9,4,Rehab,2.56,1
PT-101955,47,Female,Pneumonia,Medicare,7,0,4,10,2,4.08,9,Rehab,0.71,1
PT-101956,56,Male,Kidney Disease,Private,4,1,0,6,2,1.59,16,Home,1.4,1
PT-101957,56,Female,Diabetes,Medicaid,2,2,0,3,3,2.9,15,Home,1.11,1
PT-101958,66,Female,Heart Failure,Private,4,0,0,6,2,3.44,8,Home,0.99,1
PT-101959,31,Male,Heart Failure,Medicare,1,2,0,3,1,4.93,1,Home,0.0,1
PT-101960,79,Male,Pneumonia,Private,3,1,0,1,0,3.51,8,Home,1.5,0
PT-101961,90,Male,Other,Private,9,1,0,6,3,5.2,7,Skilled Nursing,2.49,1
PT-101962,28,Female,Other,Private,4,3,1,10,3,4.3,3,Home,1.0,0
PT-101963,77,Male,Other,Medicaid,5,1,0,7,1,3.82,13,Home,1.62,0
PT-101964,77,Female,Kidney Disease,Private,1,1,0,6,3,1.09,13,Home,1.44,1
PT-101965,72,Male,COPD,Medicare,8,1,0,3,0,1.62,8,Home,1.65,1
PT-101966,45,Female,Diabetes,Medicaid,4,2,3,5,0,1.93,7,Home,0.28,0
PT-101967,52,Male,Pneumonia,Private,5,1,2,3,1,3.3,3,Home,1.32,1
PT-101968,79,Female,Other,Private,6,0,0,1,1,4.62,10,Home,0.87,1
PT-101969,29,Male,Heart Failure,Medicaid,8,0,3,4,2,0.79,12,Home Health,0.8,1
PT-101970,78,Female,Diabetes,Private,5,1,3,4,0,1.69,11,Skilled Nursing,1.89,1
PT-101971,85,Female,Pneumonia,Medicare,4,0,0,5,3,0.59,9,Skilled Nursing,1.78,1
PT-101972,67,Female,Kidney Disease,Private,2,0,1,1,1,3.07,17,Home,1.14,0
PT-101973,42,Male,COPD,Medicare,1,3,0,5,1,4.73,10,Skilled Nursing,0.65,1
PT-101974,58,Male,Pneumonia,Private,5,2,2,9,2,4.86,7,Rehab,1.01,0
PT-101975,21,Male,Heart Failure,Private,5,2,1,3,2,3.4,5,Home,0.0,0
PT-101976,86,Male,Other,Medicare,6,0,0,3,1,2.54,3,Home,1.76,0
PT-101977,42,Male,Kidney Disease,Private,2,2,0,7,2,4.53,19,Home Health,0.59,0
PT-101978,22,Female,COPD,Private,3,4,1,3,0,1.28,12,Home,0.23,1
PT-101979,75,Male,Pneumonia,Medicare,5,1,1,3,3,3.19,15,Home Health,1.88,1
PT-101980,66,Female,COPD,Private,3,4,2,10,1,0.91,9,Skilled Nursing,1.82,1
PT-101981,63,Female,Kidney Disease,Medicare,17,0,1,3,1,5.26,9,Home,1.21,1
PT-101982,21,Male,Kidney Disease,Medicare,3,0,2,4,0,0.8,4,Home Health,0.0,1
PT-101983,72,Female,Diabetes,Medicaid,6,0,0,1,2,6.79,7,Home,1.31,1
PT-101984,64,Female,COPD,Medicare,7,2,1,10,1,1.99,6,Skilled Nursing,1.14,0
PT-101985,75,Female,Diabetes,Medicare,7,0,0,3,2,1.84,3,Home,0.68,1
PT-101986,78,Female,Other,Medicare,3,1,0,6,3,6.36,11,Home,1.39,1
PT-101987,33,Female,Pneumonia,Private,6,3,2,4,1,2.01,26,Home,0.18,0
PT-101988,33,Female,Other,Medicare,6,0,2,6,3,3.26,2,Home Health,0.37,1
PT-101989,85,Female,Heart Failure,Private,6,0,0,6,4,1.04,11,Home,2.0,1
PT-101990,56,Male,Other,Medicaid,5,2,1,9,4,1.48,5,Home,0.18,1
PT-101991,49,Male,Heart Failure,Private,7,0,0,3,1,2.41,9,Home,0.77,0
PT-101992,38,Male,Diabetes,Private,5,1,0,2,1,3.84,16,Home,0.81,1
PT-101993,64,Male,Diabetes,Private,1,0,1,2,3,1.11,1,Home,1.33,1
PT-101994,73,Male,Other,Medicare,5,1,4,1,3,6.62,2,Home,1.26,1
PT-101995,18,Male,Heart Failure,Private,5,0,1,5,2,5.2,6,Home,0.9,0
PT-101996,58,Male,Pneumonia,Private,7,0,2,4,1,2.55,8,Home Health,0.46,1
PT-101997,90,Female,Pneumonia,Private,5,0,3,5,3,3.59,5,Home,2.06,1
PT-101998,38,Female,Other,Private,12,0,1,4,3,0.6,7,Home,1.69,1
PT-101999,38,Male,COPD,Medicaid,4,1,1,5,4,3.25,13,Home,0.5,0
PT-102000,82,Male,Heart Failure,Private,3,0,2,5,0,4.96,2,Home,1.25,1
PT-102001,22,Female,Other,Private,10,2,0,7,2,3.18,5,Home,0.4,1
PT-102002,47,Male,Heart Failure,Private,4,0,0,6,3,1.71,4,Home,1.03,1
PT-102003,51,Female,COPD,Medicare,4,3,0,4,2,2.42,14,Home,2.24,1
PT-102004,76,Female,Diabetes,Private,5,1,1,2,2,5.71,6,Home,1.66,0
PT-102005,27,Female,Other,Medicaid,5,0,2,4,1,2.57,5,Skilled Nursing,0.16,0
PT-102006,49,Male,Diabetes,Medicaid,6,2,0,3,3,2.42,7,Home,1.21,1
PT-102007,29,Male,Diabetes,Medicaid,7,0,1,4,0,5.47,8,Home Health,0.0,1
PT-102008,75,Female,COPD,Private,3,1,1,3,4,1.55,14,Home Health,2.22,1
PT-102009,64,Male,Other,Private,2,0,4,6,3,1.38,10,Home,2.39,1
PT-102010,54,Male,Pneumonia,Medicaid,2,0,1,3,0,2.8,18,Home,1.77,0
PT-102011,46,Female,Other,Private,9,0,1,4,1,2.38,5,Home Health,0.9,1
PT-102012,29,Male,Other,Private,4,1,1,6,1,4.24,12,Home Health,0.0,0
PT-102013,85,Male,Other,Medicare,7,1,1,5,4,2.18,15,Home,1.73,1
PT-102014,65,Male,Diabetes,Medicare,7,0,1,4,1,1.19,2,Home,1.1,1
PT-102015,41,Female,Kidney Disease,Private,4,1,2,2,2,3.45,1,Home,0.49,1
PT-102016,48,Male,Other,Private,2,3,0,1,4,4.85,6,Home,0.75,1
PT-102017,71,Male,Pneumonia,Medicaid,7,2,1,2,1,8.19,17,Home,1.08,1
PT-102018,70,Female,Diabetes,Medicare,4,0,2,4,0,4.27,9,Home,0.71,1
PT-102019,51,Female,Other,Medicare,2,0,1,4,0,3.55,10,Home Health,0.0,0
PT-102020,40,Female,Heart Failure,Private,3,0,1,2,1,5.43,7,Home Health,0.57,1
PT-102021,66,Female,COPD,Medicare,1,0,1,9,5,4.5,10,Home,1.98,1
PT-102022,66,Male,Other,Medicare,3,2,2,3,0,5.62,9,Home,1.35,1
PT-102023,61,Male,COPD,Private,4,2,2,5,2,2.01,1,Home,2.04,1
PT-102024,23,Female,Other,Medicaid,4,2,3,5,4,2.82,1,Home Health,1.02,1
PT-102025,52,Female,Pneumonia,Private,4,0,1,5,1,2.71,14,Home,1.16,0
PT-102026,62,Male,Diabetes,Private,4,0,0,4,3,2.02,1,Home,0.51,1
PT-102027,87,Female,Pneumonia,Medicaid,6,1,0,1,0,2.33,6,Home,1.12,0
PT-102028,56,Female,Pneumonia,Private,8,0,1,5,1,1.07,5,Home,0.71,1
PT-102029,43,Female,Pneumonia,Medicaid,8,0,0,3,0,4.46,7,Home Health,0.33,0
PT-102030,58,Male,Kidney Disease,Private,2,1,1,5,4,1.41,8,Home,0.61,1
PT-102031,30,Male,Heart Failure,Medicare,9,1,0,1,2,2.91,15,Rehab,1.15,0
PT-102032,24,Female,Diabetes,Private,4,2,1,8,0,2.81,10,Home Health,0.78,1
PT-102033,67,Male,Kidney Disease,Private,3,0,0,2,3,1.95,15,Skilled Nursing,0.79,0
PT-102034,89,Male,Heart Failure,Medicare,2,0,0,7,4,1.74,6,Home,1.7,1
PT-102035,79,Female,Heart Failure,Medicaid,1,2,2,3,3,1.56,7,Home,1.22,1
PT-102036,60,Female,Diabetes,Private,6,2,1,8,1,2.92,2,Skilled Nursing,0.7,1
PT-102037,20,Male,Diabetes,Medicaid,6,2,1,5,2,3.45,6,Home,0.77,1
PT-102038,90,Male,Heart Failure,Self-pay,3,0,3,5,2,2.35,10,Rehab,1.35,1
PT-102039,50,Female,Pneumonia,Medicare,3,0,1,8,1,1.39,1,Home,0.74,0
PT-102040,39,Female,Diabetes,Private,4,0,2,3,2,1.06,10,Home,0.0,0
PT-102041,83,Female,COPD,Medicare,3,0,3,10,3,3.0,1,Home,2.6,1
PT-102042,72,Female,Diabetes,Private,2,0,1,6,1,0.87,4,Home,1.19,0
PT-102043,72,Female,COPD,Medicaid,2,1,2,6,5,1.53,13,Home,2.09,1
PT-102044,38,Male,Pneumonia,Private,9,0,1,4,3,2.2,3,Home,0.86,1
PT-102045,90,Male,Pneumonia,Medicaid,3,1,2,5,3,0.64,4,Home Health,2.1,1
PT-102046,51,Male,Other,Self-pay,6,0,0,2,1,3.73,12,Home Health,0.31,1
PT-102047,56,Female,COPD,Medicare,6,2,1,1,3,1.28,9,Home,0.67,1
PT-102048,72,Male,Other,Private,6,4,1,3,1,5.2,1,Home,0.54,1
PT-102049,66,Female,Diabetes,Private,6,0,3,7,2,0.74,6,Home,2.21,1
PT-102050,30,Male,COPD,Medicare,6,1,1,5,0,1.93,6,Home,0.86,1
PT-102051,40,Male,Diabetes,Medicaid,3,0,0,4,0,1.93,8,Home,0.88,1
PT-102052,44,Male,Other,Medicare,3,0,2,3,3,0.72,9,Home,0.55,1
PT-102053,87,Female,Heart Failure,Medicare,9,0,1,5,8,3.99,5,Home Health,2.8,1
PT-102054,70,Male,Heart Failure,Private,3,0,0,6,0,1.99,23,Home,0.65,0
PT-102055,44,Male,Heart Failure,Private,4,0,2,4,1,1.19,6,Home Health,1.15,0
PT-102056,71,Male,Other,Private,6,1,1,7,2,5.47,10,Skilled Nursing,1.36,0
PT-102057,71,Male,COPD,Private,11,1,0,5,2,2.04,1,Home,1.32,1
PT-102058,46,Female,COPD,Private,8,0,1,6,2,4.55,5,Rehab,0.33,1
PT-102059,47,Male,Heart Failure,Private,2,1,1,4,6,1.73,8,Home,1.01,0
PT-102060,83,Female,Heart Failure,Private,5,0,2,3,0,4.17,2,Home Health,0.92,1
PT-102061,59,Male,Kidney Disease,Private,5,1,1,3,4,3.5,6,Home,0.51,1
PT-102062,28,Male,Pneumonia,Medicaid,3,0,2,1,3,4.08,9,Home Health,0.09,0
PT-102063,70,Male,COPD,Private,4,1,1,3,1,4.06,1,Home,1.41,1
PT-102064,61,Male,Pneumonia,Private,3,1,2,3,6,4.98,5,Home Health,1.34,1
PT-102065,55,Male,COPD,Medicare,4,0,2,5,2,6.41,8,Skilled Nursing,0.48,1
PT-102066,70,Male,Other,Self-pay,3,1,0,8,2,1.45,11,Home Health,2.82,1
PT-102067,84,Female,Heart Failure,Medicare,5,0,2,8,1,4.84,11,Home,1.36,1
PT-102068,42,Female,Kidney Disease,Medicaid,3,2,2,2,6,1.97,8,Home,1.75,1
PT-102069,48,Male,Diabetes,Medicaid,11,1,1,4,1,3.18,7,Home,0.0,1
PT-102070,31,Male,Kidney Disease,Private,5,1,0,2,4,1.87,15,Skilled Nursing,0.0,1
PT-102071,65,Male,Heart Failure,Medicare,4,1,1,2,1,4.73,17,Home Health,1.84,1
PT-102072,47,Female,Heart Failure,Private,4,2,0,6,2,5.79,17,Home,0.92,1
PT-102073,42,Female,Kidney Disease,Medicare,3,0,2,3,2,4.45,9,Home,1.02,1
PT-102074,68,Female,Kidney Disease,Private,2,1,1,11,3,3.78,7,Home,1.61,1
PT-102075,47,Male,Other,Private,7,1,2,7,2,5.56,8,Rehab,0.1,1
PT-102076,51,Male,Pneumonia,Medicaid,10,3,2,6,2,4.46,3,Home,1.35,1
PT-102077,50,Female,Kidney Disease,Medicare,3,1,3,9,4,3.24,5,Home,1.63,1
PT-102078,36,Male,Diabetes,Private,9,1,3,8,1,0.29,7,Skilled Nursing,0.0,1
PT-102079,27,Other,Heart Failure,Medicaid,17,1,1,4,1,1.3,10,Home,0.33,0
PT-102080,78,Female,COPD,Medicaid,13,0,2,5,2,4.89,12,Skilled Nursing,2.07,1
PT-102081,24,Female,Heart Failure,Private,10,0,0,6,0,3.66,15,Rehab,0.0,0
PT-102082,41,Female,Diabetes,Private,2,2,1,5,0,2.09,16,Home Health,0.92,0
PT-102083,66,Male,Heart Failure,Private,2,1,1,6,1,2.67,6,Home,0.65,1
PT-102084,27,Male,Diabetes,Private,6,0,2,4,1,4.53,9,Home,0.0,0
PT-102085,65,Female,Diabetes,Private,4,0,2,9,3,1.83,14,Home Health,1.47,0
PT-102086,71,Male,Other,Medicare,1,1,1,4,2,1.7,9,Home Health,1.8,0
PT-102087,66,Female,Diabetes,Medicaid,3,0,1,9,2,2.9,3,Home,1.84,1
PT-102088,40,Other,Pneumonia,Private,6,3,2,5,0,2.9,13,Home Health,1.51,1
PT-102089,19,Female,Kidney Disease,Private,4,2,1,5,0,5.03,5,Home Health,0.0,0
PT-102090,82,Male,Other,Medicare,4,1,1,7,3,0.7,1,Home,1.72,1
PT-102091,41,Male,Heart Failure,Private,2,2,0,5,1,1.65,4,Home,1.06,1
PT-102092,76,Female,Pneumonia,Self-pay,3,2,1,9,3,3.81,10,Home,1.95,1
PT-102093,32,Male,Other,Medicare,6,0,0,3,1,0.71,9,Home Health,0.07,0
PT-102094,29,Male,Kidney Disease,Medicare,3,3,0,5,0,1.1,6,Home,0.99,1
PT-102095,74,Male,Diabetes,Private,9,1,0,6,2,0.38,20,Home,1.87,0
PT-102096,86,Male,Diabetes,Private,4,1,0,6,4,3.16,2,Home,2.51,1
PT-102097,80,Male,Other,Private,6,0,1,5,3,0.92,5,Home,1.03,1
PT-102098,72,Female,COPD,Private,6,2,1,6,0,5.93,7,Skilled Nursing,1.12,1
PT-102099,36,Male,COPD,Medicare,6,1,0,6,1,3.21,1,Home,0.05,1
PT-102100,84,Male,Heart Failure,Medicaid,2,0,3,4,1,1.88,6,Home,1.5,1
PT-102101,66,Male,Pneumonia,Medicaid,2,0,0,7,4,4.86,1,Home,1.09,1
PT-102102,30,Male,Heart Failure,Medicare,1,0,2,9,2,1.77,11,Home Health,0.87,0
PT-102103,27,Male,Heart Failure,Private,3,1,1,4,1,5.42,9,Home,0.0,1
PT-102104,81,Male,Pneumonia,Private,2,1,1,6,1,2.58,9,Skilled Nursing,1.33,1
PT-102105,38,Male,Other,Medicare,3,0,1,9,4,1.97,14,Home,1.02,1
PT-102106,73,Female,Diabetes,Self-pay,4,0,3,4,2,0.9,8,Home,0.78,1
PT-102107,28,Male,Diabetes,Private,5,0,1,2,4,2.26,1,Home,0.37,1
PT-102108,38,Female,Other,Self-pay,4,3,1,2,0,5.26,6,Home,0.56,1
PT-102109,38,Male,Other,Medicaid,4,2,0,3,0,3.36,12,Home,0.14,1
PT-102110,38,Male,Diabetes,Private,5,1,0,4,1,5.21,4,Home,0.18,1
PT-102111,67,Female,Diabetes,Medicare,4,0,1,5,1,2.35,9,Home Health,1.23,0
PT-102112,84,Female,Heart Failure,Medicaid,7,2,2,6,2,1.98,4,Home,1.44,1
PT-102113,84,Male,Pneumonia,Self-pay,4,1,0,1,1,2.22,4,Home,1.66,1
PT-102114,72,Male,Heart Failure,Medicare,11,2,3,2,2,2.6,8,Rehab,1.5,1
PT-102115,32,Female,Pneumonia,Medicare,2,4,3,3,2,4.33,13,Home,0.73,1
PT-102116,88,Female,Diabetes,Medicaid,3,1,0,5,1,6.13,5,Home,1.96,1
PT-102117,57,Male,Other,Medicaid,3,0,2,9,0,3.84,14,Home,0.97,1
PT-102118,57,Female,Other,Medicaid,5,0,0,5,0,2.68,7,Home,0.59,1
PT-102119,69,Female,COPD,Private,2,0,1,3,2,3.49,6,Home,2.37,1
PT-102120,74,Female,COPD,Medicaid,1,0,3,5,4,1.08,3,Home,1.83,1
PT-102121,87,Male,Kidney Disease,Self-pay,2,3,0,8,2,4.88,8,Home,1.33,1
PT-102122,60,Female,Pneumonia,Private,1,1,0,5,3,3.97,8,Home,1.43,0
PT-102123,62,Female,Diabetes,Private,4,0,4,3,2,3.94,6,Home Health,1.0,1
PT-102124,72,Female,Diabetes,Self-pay,5,1,0,5,1,3.22,3,Home,1.57,1
PT-102125,36,Male,Pneumonia,Medicare,1,1,1,3,2,2.76,1,Home,0.57,1
PT-102126,40,Male,Diabetes,Medicare,3,3,1,10,2,1.51,6,Home Health,0.79,1
PT-102127,63,Other,Diabetes,Private,8,0,1,5,2,2.14,8,Home,1.44,1
PT-102128,22,Female,Other,Private,10,1,0,4,0,3.13,15,Home,0.0,0
PT-102129,41,Female,Heart Failure,Medicaid,7,0,1,4,5,4.78,8,Rehab,0.57,1
PT-102130,70,Female,Pneumonia,Private,1,3,1,4,0,5.94,13,Home,0.87,0
PT-102131,89,Male,COPD,Medicare,4,1,2,4,0,1.06,5,Skilled Nursing,1.41,0
PT-102132,55,Male,Pneumonia,Medicare,9,0,0,5,2,0.57,3,Home,1.74,1
PT-102133,47,Female,Kidney Disease,Medicaid,3,0,1,3,2,3.29,1,Rehab,0.91,1
PT-102134,50,Female,COPD,Private,2,0,0,5,4,1.44,6,Home,1.02,1
PT-102135,68,Female,Diabetes,Private,8,1,0,3,1,4.1,13,Rehab,1.23,1
PT-102136,57,Female,COPD,Medicare,9,1,2,4,1,6.72,1,Home,2.25,1
PT-102137,19,Male,Pneumonia,Private,4,0,0,6,2,4.04,7,Rehab,0.0,1
PT-102138,57,Male,Diabetes,Private,2,4,1,3,1,2.47,11,Home,1.49,0
PT-102139,47,Female,COPD,Medicaid,1,1,1,6,4,0.62,2,Rehab,1.31,1
PT-102140,69,Male,Heart Failure,Private,5,1,2,4,2,4.18,11,Home,1.78,1
PT-102141,81,Male,Other,Private,3,1,4,6,3,2.46,4,Home,1.61,1
PT-102142,88,Male,Diabetes,Medicaid,4,0,0,7,0,1.17,16,Home,0.96,0
PT-102143,62,Female,Pneumonia,Private,4,2,2,4,3,3.93,2,Skilled Nursing,1.56,1
PT-102144,44,Male,Other,Medicare,2,0,4,4,3,8.47,13,Home,0.82,1
PT-102145,50,Male,Heart Failure,Private,1,0,0,7,3,2.76,1,Home,0.62,1
PT-102146,30,Female,Pneumonia,Medicaid,3,0,0,8,0,1.29,12,Home,0.0,0
PT-102147,86,Female,Heart Failure,Private,5,0,1,3,2,3.85,7,Home,2.11,1
PT-102148,79,Female,Other,Medicaid,5,1,2,7,3,2.64,10,Home,1.64,1
PT-102149,80,Male,Diabetes,Self-pay,2,1,3,8,0,5.24,1,Home,0.94,1
PT-102150,41,Female,Pneumonia,Medicaid,9,0,1,3,1,2.53,6,Skilled Nursing,1.87,1
PT-102151,41,Male,Other,Medicare,2,0,3,2,3,0.97,12,Home,1.38,0
PT-102152,80,Female,Heart Failure,Private,8,2,1,3,1,0.66,8,Home Health,1.47,1
PT-102153,57,Female,Heart Failure,Medicaid,4,1,0,8,2,1.87,4,Home,1.87,1
PT-102154,69,Female,Pneumonia,Medicaid,3,1,4,7,4,1.14,15,Home,0.9,1
PT-102155,53,Female,Heart Failure,Private,6,1,1,3,2,5.23,8,Home,0.37,1
PT-102156,50,Male,Other,Medicaid,4,1,2,3,2,1.24,12,Skilled Nursing,0.63,0
PT-102157,64,Female,Other,Medicaid,1,1,1,2,1,6.9,1,Home,1.68,0
PT-102158,77,Male,Pneumonia,Medicare,2,1,2,1,0,0.75,7,Home,0.96,0
PT-102159,42,Male,Diabetes,Private,3,2,0,8,2,5.26,4,Home,1.07,1
PT-102160,77,Female,Other,Self-pay,3,2,2,4,6,0.48,5,Home,1.52,1
PT-102161,35,Male,COPD,Self-pay,8,2,0,5,1,4.01,20,Home,0.6,1
PT-102162,47,Male,Other,Private,3,1,1,6,0,2.24,12,Home,0.63,0
PT-102163,84,Male,Diabetes,Private,3,2,0,5,2,0.86,7,Skilled Nursing,1.36,0
PT-102164,87,Female,Kidney Disease,Self-pay,2,0,3,5,1,4.21,6,Rehab,1.86,1
PT-102165,85,Female,Kidney Disease,Private,2,1,1,2,1,1.77,1,Rehab,1.1,1
PT-102166,41,Female,Pneumonia,Private,2,0,2,5,0,4.18,2,Skilled Nursing,0.0,1
PT-102167,79,Male,Pneumonia,Private,1,0,0,5,3,3.59,11,Home,1.19,1
PT-102168,86,Male,Other,Medicare,5,0,0,3,0,2.05,7,Home,0.88,0
PT-102169,89,Female,Heart Failure,Medicaid,4,1,0,5,3,2.57,6,Home Health,1.24,1
PT-102170,19,Female,Other,Private,4,0,0,1,2,2.31,1,Home,0.8,0
PT-102171,72,Female,Kidney Disease,Private,1,0,1,3,2,1.81,7,Rehab,1.12,0
PT-102172,90,Male,Other,Medicare,5,1,0,6,1,2.19,21,Home Health,1.64,1
PT-102173,73,Female,Pneumonia,Medicaid,6,0,1,7,1,0.86,11,Home,1.16,0
PT-102174,35,Male,Diabetes,Private,10,1,2,3,1,3.57,6,Rehab,0.33,0
PT-102175,73,Male,Kidney Disease,Medicaid,6,0,0,3,2,4.52,9,Home,0.09,1
PT-102176,25,Male,Diabetes,Private,12,1,0,5,1,3.16,5,Home,0.79,1
PT-102177,53,Male,Heart Failure,Medicaid,2,0,2,7,0,2.68,17,Home Health,1.66,0
PT-102178,63,Female,COPD,Medicaid,11,0,1,4,1,3.21,13,Home Health,0.95,0
PT-102179,51,Male,Heart Failure,Private,6,0,0,5,3,0.86,9,Home,0.97,1
PT-102180,69,Male,Kidney Disease,Medicare,5,2,0,3,2,1.44,5,Home,1.51,0
PT-102181,35,Female,Diabetes,Private,4,2,1,8,1,4.0,12,Home Health,0.21,0
PT-102182,62,Male,COPD,Private,3,1,1,4,4,4.59,10,Skilled Nursing,1.01,1
PT-102183,65,Male,Diabetes,Medicare,3,2,2,4,0,3.73,11,Home,1.27,1
PT-102184,64,Female,Other,Medicare,11,1,1,3,3,3.53,11,Home,0.82,0
PT-102185,39,Female,Other,Private,3,1,0,3,2,3.01,8,Home,0.92,1
PT-102186,40,Female,COPD,Medicaid,6,0,2,7,0,1.52,1,Home,0.17,0
PT-102187,36,Female,Diabetes,Self-pay,7,0,0,5,0,0.9,9,Home,0.0,0
PT-102188,51,Male,COPD,Medicaid,6,3,1,5,0,3.43,5,Home Health,0.31,1
PT-102189,60,Male,Pneumonia,Self-pay,5,0,3,5,2,2.41,1,Home Health,0.95,1
PT-102190,44,Female,Heart Failure,Medicare,11,0,2,3,0,1.48,1,Home,1.1,1
PT-102191,47,Male,Diabetes,Private,5,0,1,5,2,4.23,7,Rehab,1.39,1
PT-102192,38,Male,Pneumonia,Private,3,2,1,3,1,2.8,2,Rehab,0.87,0
PT-102193,33,Female,Kidney Disease,Self-pay,3,1,4,5,0,5.44,1,Home,0.51,1
PT-102194,65,Female,Diabetes,Medicare,1,1,2,6,0,5.13,12,Home,1.36,0
PT-102195,77,Female,Diabetes,Private,5,1,0,3,1,1.22,14,Home Health,1.08,1
PT-102196,39,Female,Other,Self-pay,6,0,2,3,1,4.98,12,Home,0.77,1
PT-102197,80,Male,Heart Failure,Private,6,0,1,1,6,1.21,14,Home Health,2.54,1
PT-102198,59,Female,Kidney Disease,Medicare,6,3,1,5,5,1.32,2,Home,1.13,1
PT-102199,30,Female,COPD,Private,4,1,0,1,2,2.58,7,Home,0.0,0
PT-102200,44,Female,Heart Failure,Private,4,1,1,4,3,3.33,8,Rehab,0.54,1
PT-102201,18,Female,Heart Failure,Medicare,4,1,1,8,3,2.17,10,Home Health,0.0,1
PT-102202,20,Female,Kidney Disease,Medicaid,8,0,1,8,2,4.29,8,Skilled Nursing,0.76,1
PT-102203,42,Female,Kidney Disease,Private,1,0,1,5,3,3.26,1,Home Health,0.31,1
PT-102204,51,Female,Other,Private,3,1,1,6,3,2.43,5,Home,0.11,1
PT-102205,76,Male,Diabetes,Medicaid,2,2,0,5,3,0.69,8,Home Health,0.38,0
PT-102206,27,Female,Other,Private,13,1,1,4,3,2.51,6,Home,1.4,1
PT-102207,79,Female,Heart Failure,Medicare,9,2,2,4,0,0.86,11,Home,2.14,1
PT-102208,35,Female,COPD,Private,3,0,1,3,3,4.23,10,Home,0.05,1
PT-102209,28,Female,Other,Private,1,0,1,5,3,2.95,17,Home,0.56,1
PT-102210,69,Male,COPD,Medicare,2,0,2,3,2,1.96,11,Skilled Nursing,0.63,0
PT-102211,74,Female,Kidney Disease,Private,8,2,1,7,0,0.93,14,Home,1.39,1
PT-102212,62,Male,COPD,Medicare,1,1,1,6,5,0.72,4,Home,0.96,1
PT-102213,26,Male,Heart Failure,Medicare,4,0,0,9,2,2.53,15,Home Health,0.0,0
PT-102214,26,Male,COPD,Private,7,0,0,6,2,2.34,14,Home,0.66,0
PT-102215,46,Female,Kidney Disease,Medicaid,2,1,5,5,0,0.98,7,Home,0.82,0
PT-102216,50,Female,Pneumonia,Private,4,0,1,6,0,3.63,6,Home,0.39,1
PT-102217,90,Male,COPD,Self-pay,3,1,1,3,0,1.64,7,Rehab,1.96,0
PT-102218,38,Female,Other,Private,3,4,2,6,3,2.75,1,Home,0.92,1
PT-102219,32,Male,COPD,Self-pay,2,0,1,6,3,1.74,3,Home,0.0,1
PT-102220,87,Female,Pneumonia,Medicaid,7,1,4,0,1,0.94,10,Home Health,1.39,1
PT-102221,29,Female,Heart Failure,Medicare,10,1,2,6,1,6.37,14,Skilled Nursing,0.83,1
PT-102222,19,Female,COPD,Medicaid,3,1,0,8,3,1.01,12,Home,0.14,0
PT-102223,48,Female,COPD,Medicare,5,2,1,5,1,1.71,3,Home,0.65,1
PT-102224,47,Female,Diabetes,Private,4,0,1,3,4,1.72,14,Home,0.77,1
PT-102225,63,Female,Diabetes,Self-pay,1,1,0,4,1,1.75,13,Home,1.49,1
PT-102226,82,Male,Kidney Disease,Private,3,1,1,6,4,1.05,9,Home,2.16,0
PT-102227,86,Female,Diabetes,Private,1,0,0,3,1,0.41,14,Home,1.4,1
PT-102228,39,Male,Other,Medicaid,3,0,0,8,1,4.02,20,Home,1.46,1
PT-102229,89,Female,Other,Private,4,1,1,5,1,1.0,7,Home,1.7,0
PT-102230,64,Female,Pneumonia,Medicare,6,1,0,6,2,3.44,6,Rehab,1.47,1
PT-102231,23,Male,Diabetes,Private,5,1,1,6,1,2.62,5,Skilled Nursing,0.46,0
PT-102232,86,Female,Diabetes,Private,7,0,3,4,4,2.17,6,Home,1.17,1
PT-102233,28,Other,Pneumonia,Medicare,2,2,0,7,0,3.0,12,Home,0.0,1
PT-102234,60,Female,COPD,Private,9,0,1,4,2,1.78,1,Home Health,1.1,1
PT-102235,75,Male,Diabetes,Self-pay,10,0,1,3,1,1.81,1,Home,0.25,0
PT-102236,36,Female,Kidney Disease,Private,1,4,1,10,2,5.0,10,Home Health,0.76,1
PT-102237,37,Female,COPD,Medicaid,1,1,1,1,3,2.83,7,Home,0.0,1
PT-102238,52,Male,Heart Failure,Private,4,2,0,7,1,4.47,13,Home Health,2.19,1
PT-102239,82,Male,Diabetes,Medicare,3,3,1,4,0,1.49,1,Home,1.94,1
PT-102240,34,Female,Diabetes,Private,3,1,2,3,1,4.16,6,Home Health,0.0,0
PT-102241,66,Male,Other,Private,5,1,1,7,3,4.83,7,Home Health,2.51,1
PT-102242,51,Female,Diabetes,Medicare,7,0,1,7,4,0.96,12,Skilled Nursing,1.66,0
PT-102243,26,Female,Heart Failure,Medicare,2,2,2,5,2,1.16,7,Home,0.6,1
PT-102244,69,Male,Diabetes,Private,8,0,1,6,1,5.25,4,Rehab,1.47,1
PT-102245,78,Female,Diabetes,Private,2,1,1,4,0,2.86,10,Home,1.13,1
PT-102246,60,Female,Other,Medicaid,15,0,2,8,1,1.38,8,Home,1.17,1
PT-102247,30,Male,Other,Private,9,1,2,5,3,4.68,5,Home,0.92,1
PT-102248,29,Female,Other,Medicaid,3,0,1,6,2,0.76,2,Rehab,1.27,1
PT-102249,48,Male,Heart Failure,Medicaid,1,0,0,7,1,3.22,13,Home,0.89,0
PT-102250,54,Female,Heart Failure,Private,2,2,0,9,3,1.8,6,Home,1.87,1
PT-102251,58,Female,Other,Medicaid,2,0,1,5,0,2.52,8,Home,0.81,0
PT-102252,35,Male,Heart Failure,Private,6,2,0,9,1,2.24,11,Rehab,0.2,1
PT-102253,54,Male,Heart Failure,Medicare,1,1,1,7,2,7.4,3,Skilled Nursing,1.75,1
PT-102254,39,Male,Other,Private,1,0,0,5,2,2.42,11,Home,1.36,0
PT-102255,68,Male,COPD,Medicare,6,1,0,3,4,1.94,12,Rehab,0.97,1
PT-102256,76,Female,Other,Private,2,2,1,9,2,5.18,4,Home,1.47,0
PT-102257,65,Male,Kidney Disease,Medicare,3,0,0,4,0,1.59,6,Home,1.46,0
PT-102258,18,Male,COPD,Medicaid,7,0,1,5,1,2.39,4,Home,0.0,0
PT-102259,90,Male,Diabetes,Medicaid,8,1,1,1,2,3.17,7,Home,1.88,1
PT-102260,19,Female,COPD,Medicaid,9,0,1,5,3,5.86,11,Home,0.92,1
PT-102261,90,Male,Other,Medicaid,6,2,0,4,4,2.17,1,Home,2.2,0
PT-102262,20,Female,Diabetes,Medicare,3,1,1,6,2,1.25,8,Home,0.0,1
PT-102263,55,Female,Other,Medicare,3,1,2,2,2,1.87,9,Home,1.21,1
PT-102264,25,Male,Diabetes,Medicaid,3,0,0,6,0,3.51,10,Home,0.26,1
PT-102265,24,Male,Pneumonia,Medicaid,2,2,1,8,3,3.43,2,Home Health,0.0,1
PT-102266,67,Male,Other,Private,2,0,1,5,3,2.4,5,Home,2.33,1
PT-102267,71,Male,COPD,Self-pay,8,0,1,2,2,1.44,8,Home,1.55,1
PT-102268,26,Female,Pneumonia,Medicare,2,1,0,2,1,1.53,4,Home,0.55,0
PT-102269,89,Male,Other,Private,2,1,0,7,0,0.52,1,Skilled Nursing,2.1,0
PT-102270,41,Other,COPD,Private,8,2,0,7,1,2.77,14,Home,0.16,0
PT-102271,41,Male,Heart Failure,Self-pay,5,0,0,4,3,1.16,6,Skilled Nursing,0.0,0
PT-102272,39,Female,COPD,Private,11,1,1,8,1,4.15,7,Home,1.19,1
PT-102273,51,Male,Other,Medicaid,10,0,0,3,2,5.18,8,Home Health,1.47,0
PT-102274,30,Male,COPD,Medicare,2,4,0,3,0,4.22,14,Home,0.0,1
PT-102275,49,Female,Diabetes,Medicare,4,1,1,5,0,4.72,12,Rehab,1.36,1
PT-102276,33,Female,Other,Medicare,2,2,0,8,1,0.78,10,Home,0.0,0
PT-102277,21,Male,Pneumonia,Private,2,2,1,6,1,3.67,1,Home Health,0.0,1
PT-102278,44,Male,COPD,Private,3,1,0,6,1,2.09,17,Home Health,0.49,1
PT-102279,67,Female,Heart Failure,Private,6,0,0,6,4,0.57,8,Skilled Nursing,0.84,1
PT-102280,73,Female,Heart Failure,Medicaid,6,1,2,1,2,3.93,1,Home Health,1.3,1
PT-102281,43,Female,Pneumonia,Medicare,6,1,2,4,1,2.2,12,Rehab,0.88,0
PT-102282,41,Female,COPD,Medicare,3,2,1,7,1,4.68,3,Skilled Nursing,1.14,0
PT-102283,75,Female,Diabetes,Private,6,0,1,6,1,0.74,4,Skilled Nursing,1.44,1
PT-102284,67,Female,Other,Private,1,1,0,2,1,4.53,4,Rehab,0.89,1
PT-102285,78,Female,Diabetes,Private,5,1,0,3,3,6.64,1,Home,1.11,1
PT-102286,84,Male,Heart Failure,Private,4,0,1,7,2,0.52,6,Home,1.58,0
PT-102287,77,Male,Other,Medicare,3,3,2,3,6,1.06,13,Home,1.64,1
PT-102288,86,Female,COPD,Private,5,3,2,2,1,5.25,8,Home,1.38,1
PT-102289,48,Female,Other,Self-pay,1,0,2,5,3,1.49,5,Home,0.34,1
PT-102290,46,Female,Other,Private,2,2,2,2,0,3.92,5,Home,0.73,0
PT-102291,41,Male,Heart Failure,Medicare,6,0,2,1,2,5.58,6,Home,0.85,1
PT-102292,35,Male,Other,Private,4,3,2,3,1,1.42,2,Skilled Nursing,0.46,1
PT-102293,72,Female,Other,Private,1,2,3,5,0,2.29,10,Home,1.83,1
PT-102294,70,Female,Heart Failure,Medicare,4,0,0,6,0,4.52,12,Home,1.53,1
PT-102295,76,Male,Other,Medicaid,3,1,2,6,5,3.14,12,Home Health,1.36,1
PT-102296,30,Male,Other,Private,8,1,0,5,7,4.55,11,Home,1.69,1
PT-102297,53,Male,Kidney Disease,Medicare,2,2,1,3,1,5.34,10,Home,0.0,1
PT-102298,34,Male,Heart Failure,Private,2,1,2,5,0,3.8,6,Skilled Nursing,0.68,0
PT-102299,83,Male,Other,Medicaid,5,0,2,5,2,0.66,11,Home,1.78,1
PT-102300,37,Female,Heart Failure,Medicaid,4,0,1,4,2,0.72,9,Home Health,0.25,0
PT-102301,28,Male,Diabetes,Medicare,3,1,3,8,2,6.33,1,Home,0.16,1
PT-102302,59,Female,Diabetes,Private,15,2,2,7,3,4.96,5,Rehab,1.77,1
PT-102303,82,Male,Kidney Disease,Self-pay,6,2,0,3,5,3.08,10,Home Health,1.81,1
PT-102304,84,Female,Pneumonia,Medicare,3,0,0,7,0,3.55,9,Rehab,1.69,0
PT-102305,25,Male,Other,Private,1,0,2,5,0,1.41,5,Skilled Nursing,0.0,0
PT-102306,41,Female,Kidney Disease,Private,3,1,0,6,2,1.6,7,Skilled Nursing,0.34,1
PT-102307,29,Female,Heart Failure,Medicare,1,2,0,7,2,1.7,6,Home,0.45,0
PT-102308,40,Other,Diabetes,Medicare,2,0,2,5,1,2.19,8,Home Health,0.37,1
PT-102309,56,Male,Pneumonia,Medicaid,2,0,0,5,1,0.87,13,Home Health,0.18,1
PT-102310,38,Other,Diabetes,Private,8,0,0,8,2,1.47,16,Home,0.53,1
PT-102311,22,Female,Diabetes,Medicare,1,2,0,2,5,1.16,10,Home,0.62,0
PT-102312,55,Female,Other,Medicaid,7,1,1,2,1,6.3,1,Skilled Nursing,1.14,0
PT-102313,21,Female,Other,Private,5,0,0,2,1,7.11,3,Home,0.0,1
PT-102314,34,Male,Kidney Disease,Private,5,0,1,9,2,2.15,8,Home,0.7,1
PT-102315,18,Female,Other,Private,2,0,2,7,0,3.14,14,Home,0.0,0
PT-102316,24,Male,Heart Failure,Private,7,0,0,5,2,3.31,15,Skilled Nursing,0.0,1
PT-102317,49,Male,Other,Medicaid,2,0,2,5,1,0.7,14,Home Health,1.06,0
PT-102318,80,Male,Heart Failure,Private,10,1,3,6,4,4.08,5,Home,1.54,0
PT-102319,74,Female,Diabetes,Medicare,8,0,1,3,3,0.98,7,Home,1.63,1
PT-102320,25,Female,Other,Private,11,0,0,3,4,1.9,13,Home Health,0.0,1
PT-102321,20,Male,Kidney Disease,Private,4,0,2,6,1,1.2,1,Home Health,0.41,0
PT-102322,42,Female,Other,Medicare,4,0,2,4,2,3.77,5,Home,0.75,0
PT-102323,65,Male,Kidney Disease,Medicare,3,0,2,7,2,0.44,16,Home Health,1.81,1
PT-102324,72,Female,Pneumonia,Private,14,0,0,4,3,1.86,10,Home,2.39,1
PT-102325,78,Female,Other,Medicare,6,1,2,4,0,3.23,8,Home,1.48,1
PT-102326,42,Male,Other,Private,1,0,0,4,6,3.43,9,Home Health,0.19,0
PT-102327,30,Male,Pneumonia,Private,9,1,1,4,2,4.66,18,Home,0.25,1
PT-102328,19,Female,Other,Medicaid,3,1,1,3,2,3.7,10,Home,0.0,0
PT-102329,28,Male,Other,Medicare,1,3,2,4,1,1.92,13,Home,1.25,0
PT-102330,22,Male,Heart Failure,Private,2,1,1,6,1,3.32,13,Home Health,0.19,1
PT-102331,80,Female,Other,Private,8,1,3,2,2,5.31,22,Home,2.16,0
PT-102332,37,Male,Diabetes,Private,5,1,2,6,1,3.38,8,Home Health,1.27,1
PT-102333,78,Female,Heart Failure,Medicaid,6,1,1,7,1,3.89,10,Rehab,1.81,0
PT-102334,58,Male,COPD,Private,9,0,3,5,2,0.39,12,Home,1.35,0
PT-102335,57,Male,COPD,Medicare,1,1,1,4,3,5.39,3,Home,1.53,0
PT-102336,51,Male,COPD,Private,2,0,1,1,3,2.35,17,Skilled Nursing,0.0,0
PT-102337,77,Female,Other,Private,4,0,1,7,1,0.61,7,Home Health,0.76,0
PT-102338,21,Male,Other,Medicare,8,1,0,2,1,1.69,4,Home Health,0.19,1
PT-102339,24,Female,Kidney Disease,Medicaid,2,1,4,4,2,3.98,9,Home,0.75,1
PT-102340,48,Male,Other,Private,3,1,2,6,2,3.93,1,Home,0.83,1
PT-102341,46,Female,COPD,Private,4,0,0,1,2,2.27,6,Home Health,0.7,0
PT-102342,57,Male,COPD,Medicare,2,1,4,9,2,1.03,10,Skilled Nursing,0.16,1
PT-102343,71,Male,Heart Failure,Medicare,4,0,0,4,3,1.42,1,Home,1.94,0
PT-102344,60,Female,Diabetes,Private,4,1,0,3,0,2.26,9,Rehab,1.71,0
PT-102345,36,Male,Pneumonia,Medicare,3,0,2,5,1,2.97,2,Home,0.0,0
PT-102346,41,Male,Diabetes,Medicare,7,2,1,10,0,2.24,9,Home,0.0,0
PT-102347,72,Female,COPD,Medicaid,6,1,1,6,5,3.56,9,Skilled Nursing,2.15,1
PT-102348,32,Male,Pneumonia,Private,7,1,0,5,5,3.37,8,Home,1.22,1
PT-102349,54,Female,Other,Self-pay,7,1,1,2,2,3.33,8,Home,0.0,1
PT-102350,57,Male,Heart Failure,Medicare,11,0,5,3,1,2.08,14,Home,1.47,1
PT-102351,72,Female,Pneumonia,Private,1,1,0,4,2,0.94,1,Home,1.11,0
PT-102352,70,Female,Pneumonia,Self-pay,1,0,0,3,1,4.78,7,Home,0.74,1
PT-102353,51,Male,Pneumonia,Medicare,6,0,1,8,0,1.99,11,Rehab,0.0,1
PT-102354,40,Male,COPD,Medicaid,3,1,0,4,1,0.85,17,Home Health,0.55,0
PT-102355,44,Female,Pneumonia,Medicaid,3,1,0,1,2,0.97,5,Skilled Nursing,0.3,0
PT-102356,48,Female,Pneumonia,Private,2,2,1,5,5,2.03,8,Home Health,0.94,1
PT-102357,34,Female,Heart Failure,Self-pay,7,1,2,5,1,5.66,15,Home,1.48,1
PT-102358,63,Male,Heart Failure,Medicaid,14,0,1,6,0,1.64,7,Home,2.1,1
PT-102359,33,Female,Heart Failure,Self-pay,7,4,2,3,2,3.37,13,Home,1.28,1
PT-102360,65,Female,COPD,Medicare,3,1,2,7,2,1.49,12,Rehab,0.81,0
PT-102361,72,Female,Heart Failure,Medicaid,7,2,0,2,2,0.63,15,Home,1.21,1
PT-102362,88,Male,Diabetes,Medicaid,1,2,1,6,3,4.42,5,Home Health,1.81,1
PT-102363,26,Female,Diabetes,Medicaid,3,2,1,5,2,4.54,5,Home,0.82,1
PT-102364,73,Female,Kidney Disease,Private,1,1,0,5,2,6.2,1,Skilled Nursing,0.64,1
PT-102365,24,Male,Other,Private,3,0,2,13,2,2.63,5,Home,0.0,0
PT-102366,42,Female,Diabetes,Medicare,4,0,3,4,1,5.49,9,Home,0.63,1
PT-102367,30,Male,COPD,Medicaid,15,3,1,6,3,0.98,14,Home Health,0.75,0
PT-102368,29,Male,Other,Medicaid,8,0,1,3,2,1.51,9,Home,0.0,0
PT-102369,30,Female,Other,Medicare,1,1,0,4,1,3.03,11,Home,0.21,1
PT-102370,21,Male,Pneumonia,Medicare,1,1,2,8,1,2.64,3,Skilled Nursing,0.0,0
PT-102371,78,Male,Diabetes,Private,2,2,0,5,2,2.62,1,Home Health,1.41,1
PT-102372,22,Male,Kidney Disease,Medicaid,12,1,0,5,2,3.44,14,Rehab,0.0,1
PT-102373,47,Male,Pneumonia,Medicare,1,2,1,4,2,2.12,11,Home,1.1,1
PT-102374,69,Female,COPD,Medicare,2,0,1,5,3,1.7,12,Home,0.39,1
PT-102375,90,Female,COPD,Medicaid,2,0,2,9,1,4.32,1,Home,0.79,0
PT-102376,80,Female,Kidney Disease,Self-pay,5,0,3,4,1,2.45,4,Home,1.12,1
PT-102377,28,Male,Pneumonia,Private,7,1,1,2,1,3.75,3,Home,0.0,1
PT-102378,90,Female,Other,Private,6,1,3,8,0,1.73,6,Skilled Nursing,1.62,1
PT-102379,65,Female,Other,Medicaid,5,2,0,2,1,1.7,11,Home,0.9,1
PT-102380,31,Female,Heart Failure,Medicare,1,1,2,6,1,0.55,12,Skilled Nursing,0.4,0
PT-102381,50,Female,Other,Private,4,4,1,2,2,3.56,11,Home,0.83,0
PT-102382,85,Female,Other,Private,9,0,1,6,1,3.81,5,Home Health,1.87,1
PT-102383,46,Female,Other,Private,11,2,0,3,3,1.33,8,Home,0.95,1
PT-102384,31,Male,COPD,Medicare,5,1,2,4,1,1.17,10,Home,1.52,0
PT-102385,81,Female,Diabetes,Private,1,0,0,5,2,4.15,2,Rehab,0.75,1
PT-102386,87,Male,Heart Failure,Medicare,5,1,0,3,2,3.01,6,Skilled Nursing,0.94,0
PT-102387,89,Male,Heart Failure,Medicaid,4,1,1,6,0,5.46,7,Home,1.6,1
PT-102388,87,Female,Diabetes,Private,1,3,0,8,4,4.58,9,Home,1.37,1
PT-102389,81,Male,Heart Failure,Medicaid,2,0,2,9,1,5.34,10,Home Health,1.3,1
PT-102390,51,Male,COPD,Private,2,0,2,6,2,3.06,1,Home,1.35,0
PT-102391,32,Male,Diabetes,Private,6,3,3,7,1,0.54,2,Home,0.72,1
PT-102392,63,Male,Pneumonia,Medicare,11,0,0,1,3,5.1,2,Home,1.72,1
PT-102393,34,Female,Other,Medicare,6,0,2,3,1,3.13,12,Home,0.04,1
PT-102394,52,Female,Heart Failure,Private,6,2,2,2,2,1.61,3,Home,0.69,1
PT-102395,65,Female,Heart Failure,Private,4,3,1,5,3,1.8,5,Rehab,1.87,1
PT-102396,87,Male,COPD,Private,3,1,0,4,2,1.73,1,Skilled Nursing,0.89,1
PT-102397,39,Male,Pneumonia,Medicare,6,0,1,5,2,2.26,11,Home,0.65,0
PT-102398,36,Male,Kidney Disease,Private,5,1,1,4,1,2.89,8,Home,0.22,0
PT-102399,71,Male,Other,Private,2,0,2,3,2,1.51,17,Rehab,0.88,0
PT-102400,18,Female,Pneumonia,Private,5,2,0,4,4,4.51,1,Home Health,0.16,1
PT-102401,59,Male,Pneumonia,Medicare,4,1,0,6,2,3.44,1,Home,0.83,0
PT-102402,72,Female,Other,Medicare,3,0,0,3,3,5.04,10,Home,1.56,1
PT-102403,58,Female,Kidney Disease,Private,2,1,2,3,6,0.98,17,Home Health,1.49,0
PT-102404,46,Female,Heart Failure,Medicare,5,4,2,12,1,3.22,2,Rehab,0.42,1
PT-102405,78,Female,Other,Medicaid,3,2,1,4,4,2.19,1,Home Health,2.38,1
PT-102406,45,Male,Kidney Disease,Private,14,2,1,5,1,1.34,7,Home Health,1.69,1
PT-102407,69,Female,COPD,Medicaid,6,0,0,7,1,3.13,4,Home Health,1.28,1
PT-102408,51,Male,Pneumonia,Medicare,5,1,0,4,2,1.8,9,Home,1.33,1
PT-102409,19,Male,COPD,Private,3,1,0,5,2,2.54,17,Home,0.0,0
PT-102410,56,Male,Pneumonia,Medicare,3,2,1,2,3,6.0,5,Home,0.64,1
PT-102411,21,Female,Other,Private,1,1,2,3,3,4.33,7,Home Health,0.48,1
PT-102412,85,Female,Heart Failure,Private,2,0,1,5,0,4.73,6,Home,1.35,1
PT-102413,61,Male,Diabetes,Private,1,1,0,6,5,1.33,11,Home,1.35,1
PT-102414,45,Male,Diabetes,Medicaid,1,2,0,4,0,4.26,7,Home,0.39,1
PT-102415,53,Female,COPD,Medicaid,1,0,0,6,2,1.42,3,Home,1.16,1
PT-102416,63,Female,Kidney Disease,Private,9,1,0,2,1,2.25,13,Skilled Nursing,1.1,1
PT-102417,36,Male,Heart Failure,Self-pay,9,1,1,6,6,1.61,1,Home,1.04,1
PT-102418,39,Male,Heart Failure,Medicare,2,1,0,6,1,7.5,6,Skilled Nursing,0.76,0
PT-102419,48,Male,Other,Medicaid,1,1,0,5,1,2.97,7,Home,1.5,1
PT-102420,36,Male,Pneumonia,Private,3,0,1,5,3,4.2,1,Home,0.35,1
PT-102421,73,Female,Heart Failure,Medicare,6,1,0,3,1,4.83,13,Rehab,2.37,0
PT-102422,25,Female,Diabetes,Self-pay,8,0,0,6,2,2.87,5,Home,0.78,1
PT-102423,78,Male,Diabetes,Medicare,5,0,2,2,3,5.12,3,Home,1.86,1
PT-102424,43,Male,Other,Self-pay,5,2,1,6,2,2.77,15,Home Health,1.15,1
PT-102425,58,Male,Heart Failure,Private,5,2,2,3,0,4.96,9,Home,1.84,1
PT-102426,29,Male,Heart Failure,Private,1,0,1,8,0,2.97,4,Rehab,0.0,1
PT-102427,46,Male,Other,Medicare,1,0,2,8,3,0.21,7,Rehab,0.0,1
PT-102428,73,Male,Diabetes,Medicaid,11,0,1,6,2,1.77,9,Home,0.81,1
PT-102429,37,Female,Heart Failure,Medicare,5,1,0,3,1,0.44,8,Rehab,0.0,0
PT-102430,27,Female,COPD,Medicaid,1,0,0,6,4,1.98,10,Home,0.57,1
PT-102431,56,Female,Heart Failure,Medicare,5,1,1,6,2,1.45,8,Home,0.97,0
PT-102432,29,Female,Diabetes,Private,2,2,2,2,3,4.02,16,Home,1.35,1
PT-102433,40,Female,Pneumonia,Medicare,8,1,1,3,2,4.01,10,Home Health,1.16,1
PT-102434,50,Male,Kidney Disease,Private,7,1,0,5,0,2.39,10,Home,0.72,1
PT-102435,59,Male,Heart Failure,Medicare,6,3,0,7,3,2.39,2,Skilled Nursing,1.31,1
PT-102436,64,Female,COPD,Medicare,4,1,1,4,3,0.75,8,Home,1.11,1
PT-102437,67,Female,Pneumonia,Private,9,1,0,3,1,2.06,1,Rehab,1.11,1
PT-102438,79,Male,Other,Private,10,2,0,4,1,4.85,12,Home Health,1.71,1
PT-102439,22,Male,Heart Failure,Private,2,0,3,8,2,2.25,9,Home,0.0,0
PT-102440,44,Male,Heart Failure,Private,6,0,1,2,3,2.26,9,Home,0.0,1
PT-102441,18,Male,Heart Failure,Private,2,0,1,3,1,3.28,13,Home,0.0,0
PT-102442,18,Male,Kidney Disease,Medicaid,2,1,0,7,1,2.66,14,Home,0.0,0
PT-102443,33,Female,Pneumonia,Medicare,10,1,1,8,3,1.11,1,Home,0.59,1
PT-102444,61,Male,Heart Failure,Self-pay,7,1,1,3,4,2.91,6,Home,1.09,1
PT-102445,83,Male,Diabetes,Medicare,5,0,1,3,1,2.04,8,Home,2.19,0
PT-102446,74,Male,Diabetes,Private,2,1,0,11,0,0.46,2,Rehab,1.48,1
PT-102447,65,Male,Diabetes,Medicare,10,1,3,6,1,2.63,10,Home,1.3,1
PT-102448,74,Female,Diabetes,Medicaid,2,0,1,5,2,2.8,11,Home,0.97,1
PT-102449,30,Female,COPD,Medicare,1,1,3,4,1,3.38,6,Home,0.0,1
PT-102450,79,Male,Heart Failure,Medicare,4,0,0,5,3,8.72,11,Skilled Nursing,1.93,1
PT-102451,82,Male,Pneumonia,Medicare,6,1,3,5,2,1.15,8,Home Health,1.32,1
PT-102452,24,Female,Pneumonia,Private,3,0,2,6,0,4.24,3,Home,0.61,0
PT-102453,52,Male,Kidney Disease,Medicare,30,1,0,2,2,3.96,7,Home,1.94,1
PT-102454,78,Male,Diabetes,Private,4,3,2,9,2,5.21,1,Home,1.62,1
PT-102455,52,Male,Diabetes,Medicare,2,0,1,6,2,0.17,8,Home,0.38,1
PT-102456,79,Male,Diabetes,Private,3,0,0,4,3,1.21,11,Home,1.72,1
PT-102457,86,Male,COPD,Private,12,1,0,7,2,1.7,11,Home Health,1.8,1
PT-102458,52,Female,Other,Private,4,0,4,4,1,1.65,7,Home,0.61,1
PT-102459,22,Female,Kidney Disease,Private,10,2,2,3,3,2.34,7,Rehab,0.22,1
PT-102460,42,Female,Pneumonia,Private,1,0,1,6,2,6.15,12,Home,0.59,1
PT-102461,33,Male,COPD,Medicare,8,1,0,7,3,2.37,5,Rehab,0.23,1
PT-102462,52,Male,Pneumonia,Medicaid,2,1,1,8,3,1.55,3,Home,0.97,1
PT-102463,60,Male,Other,Medicare,7,2,1,3,4,5.63,16,Home,1.98,1
PT-102464,51,Male,Other,Medicare,2,1,1,7,4,1.21,5,Home,0.69,0
PT-102465,32,Male,Heart Failure,Medicare,3,0,3,5,3,4.07,2,Home,0.0,1
PT-102466,39,Other,Pneumonia,Self-pay,2,0,0,5,0,3.53,10,Home Health,1.14,0
PT-102467,67,Female,Kidney Disease,Private,7,1,1,6,2,3.05,3,Home,1.23,1
PT-102468,19,Female,COPD,Private,8,2,1,5,3,2.92,13,Home,0.72,0
PT-102469,33,Male,Pneumonia,Medicare,2,0,2,3,1,1.51,6,Home,0.15,1
PT-102470,83,Female,Diabetes,Private,1,1,1,4,1,3.69,6,Home,1.29,1
PT-102471,25,Male,Other,Self-pay,9,0,3,3,0,2.48,10,Rehab,0.6,1
PT-102472,48,Female,Heart Failure,Private,2,2,3,9,3,4.16,16,Home,1.58,1
PT-102473,33,Female,Diabetes,Private,4,0,1,5,4,6.55,10,Home,0.0,1
PT-102474,25,Female,COPD,Medicare,2,0,1,4,6,0.99,9,Home,0.0,0
PT-102475,48,Female,Other,Private,6,0,3,1,0,4.04,8,Home Health,0.96,1
PT-102476,56,Male,Other,Medicare,6,0,0,6,0,1.34,18,Home Health,1.39,0
PT-102477,30,Female,Diabetes,Medicare,11,0,0,4,3,4.2,11,Home,0.53,1
PT-102478,23,Female,Other,Medicare,8,0,1,2,2,5.01,3,Home,0.05,1
PT-102479,27,Male,Diabetes,Private,8,0,0,7,2,4.56,2,Home,0.28,0
PT-102480,65,Male,Kidney Disease,Medicare,4,2,2,4,0,2.15,11,Skilled Nursing,1.55,1
PT-102481,80,Male,COPD,Private,3,0,0,1,1,1.41,10,Home,1.62,1
PT-102482,31,Female,Pneumonia,Medicare,6,1,1,9,0,2.92,7,Home,0.0,0
PT-102483,41,Male,Other,Self-pay,4,1,2,9,3,2.25,1,Rehab,0.1,1
PT-102484,43,Female,Diabetes,Private,8,1,1,7,5,1.94,10,Home Health,0.27,1
PT-102485,44,Male,Other,Medicare,2,1,1,5,1,3.37,5,Home,0.57,1
PT-102486,35,Male,Diabetes,Private,1,2,2,8,3,0.02,4,Home Health,1.35,1
PT-102487,22,Male,COPD,Private,6,1,1,12,3,2.27,13,Rehab,0.0,0
PT-102488,56,Female,Other,Medicaid,3,1,0,3,3,4.0,6,Home,0.53,0
PT-102489,44,Male,COPD,Private,2,2,1,3,1,2.88,4,Rehab,1.07,1
PT-102490,42,Female,COPD,Private,15,3,1,7,2,2.31,8,Home Health,0.68,1
PT-102491,37,Female,Other,Private,4,1,2,8,0,0.73,7,Home,0.66,1
PT-102492,85,Male,Other,Medicaid,1,1,2,3,2,2.44,11,Home,1.29,1
PT-102493,62,Female,Pneumonia,Medicaid,2,2,2,3,2,0.65,7,Home,0.64,1
PT-102494,48,Female,Other,Medicare,3,0,0,2,7,1.08,6,Home Health,1.4,0
PT-102495,32,Female,COPD,Private,6,0,1,4,0,2.1,15,Rehab,0.0,1
PT-102496,76,Female,Diabetes,Private,2,1,0,7,1,5.44,10,Home Health,1.2,1
PT-102497,82,Male,Other,Self-pay,4,2,0,4,1,5.05,12,Home,1.48,1
PT-102498,20,Female,Other,Self-pay,5,2,1,5,2,0.28,12,Home,1.08,0
PT-102499,85,Male,COPD,Medicaid,5,1,1,7,3,3.44,6,Home,1.5,1
PT-102500,69,Male,Heart Failure,Medicare,4,0,1,4,2,0.39,8,Home Health,0.93,0
PT-102501,25,Female,COPD,Medicaid,12,0,0,7,1,3.02,8,Home,0.55,1
PT-102502,72,Female,Kidney Disease,Medicaid,6,2,1,8,0,6.28,17,Home,1.47,1
PT-102503,25,Female,Pneumonia,Private,6,2,2,4,1,1.82,1,Home,0.0,1
PT-102504,21,Female,Pneumonia,Medicare,6,0,2,2,1,3.26,7,Home,0.0,0
PT-102505,26,Female,Heart Failure,Self-pay,8,0,1,6,1,3.82,9,Rehab,0.0,1
PT-102506,51,Male,Diabetes,Private,5,0,2,2,0,2.29,1,Rehab,0.5,0
PT-102507,63,Male,Other,Private,2,2,3,8,2,3.46,1,Home,1.45,1
PT-102508,47,Female,COPD,Medicare,5,1,1,8,3,2.09,5,Rehab,0.46,1
PT-102509,26,Male,Heart Failure,Medicare,6,0,0,6,3,2.84,10,Home Health,0.0,0
PT-102510,32,Male,Diabetes,Medicaid,9,0,3,3,4,2.03,12,Home,1.47,0
PT-102511,80,Male,COPD,Medicaid,2,0,2,5,2,1.93,14,Home,1.39,0
PT-102512,88,Female,Other,Medicare,2,0,2,3,1,0.35,10,Home,1.97,0
PT-102513,73,Male,Kidney Disease,Private,4,0,1,7,2,3.78,6,Home,1.45,1
PT-102514,25,Female,Diabetes,Private,6,0,1,2,0,0.64,8,Home Health,0.0,0
PT-102515,77,Male,Diabetes,Private,1,1,3,2,0,2.36,5,Home,1.76,1
PT-102516,68,Female,Heart Failure,Private,2,0,2,3,1,0.6,10,Home,0.93,0
PT-102517,56,Male,COPD,Private,7,1,1,2,3,2.11,6,Home,1.24,1
PT-102518,28,Female,Heart Failure,Private,1,1,0,8,1,1.06,7,Home,0.0,1
PT-102519,90,Male,Diabetes,Medicaid,2,1,1,6,3,3.35,11,Home,1.26,1
PT-102520,50,Female,Other,Private,7,0,1,3,2,1.23,4,Home,0.28,0
PT-102521,21,Female,Pneumonia,Self-pay,6,1,0,5,1,3.38,13,Home Health,0.0,1
PT-102522,33,Male,COPD,Medicaid,2,2,5,4,3,0.44,2,Home,1.32,1
PT-102523,47,Female,Diabetes,Private,6,1,1,11,2,2.08,9,Home,0.41,1
PT-102524,22,Female,Pneumonia,Private,5,1,1,4,3,2.5,4,Rehab,0.13,1
PT-102525,41,Other,Diabetes,Self-pay,4,0,1,7,5,3.11,14,Home,1.24,1
PT-102526,52,Female,Other,Medicare,3,1,1,8,3,5.27,7,Home,1.68,1
PT-102527,87,Female,Diabetes,Medicaid,5,0,2,8,1,2.93,8,Rehab,1.56,0
PT-102528,24,Male,Diabetes,Private,1,1,1,6,1,6.11,7,Home,0.0,1
PT-102529,60,Female,COPD,Self-pay,5,0,1,4,1,1.26,10,Home,0.29,1
PT-102530,84,Female,COPD,Private,5,1,1,4,5,2.24,7,Home,1.09,1
PT-102531,76,Male,Other,Medicaid,5,0,2,2,3,0.76,1,Home,2.07,1
PT-102532,85,Female,Other,Private,2,0,0,4,1,3.86,7,Home,1.39,1
PT-102533,30,Male,Other,Medicaid,9,1,0,4,3,5.06,13,Home Health,0.82,0
PT-102534,76,Male,Heart Failure,Medicare,2,1,0,6,3,7.09,8,Home Health,1.67,1
PT-102535,89,Female,COPD,Private,3,1,2,2,0,1.06,1,Home Health,1.13,1
PT-102536,41,Male,Pneumonia,Private,4,0,1,2,4,3.08,9,Home Health,0.29,0
PT-102537,54,Female,Kidney Disease,Private,6,2,2,5,1,4.92,8,Rehab,1.24,0
PT-102538,56,Female,COPD,Private,5,0,0,6,2,3.99,11,Home,1.06,1
PT-102539,54,Female,COPD,Private,1,1,4,5,1,4.31,12,Home,1.38,1
PT-102540,39,Female,Heart Failure,Medicaid,4,0,1,7,4,5.01,4,Home,0.29,0
PT-102541,88,Male,Heart Failure,Medicaid,4,1,1,6,2,1.27,7,Home,1.31,1
PT-102542,87,Female,Kidney Disease,Private,10,1,1,5,1,2.21,3,Home,1.9,1
PT-102543,45,Female,Other,Medicaid,3,1,3,3,6,5.48,7,Home Health,1.82,1
PT-102544,76,Female,Other,Private,6,1,1,7,2,0.7,6,Home,2.27,1
PT-102545,47,Female,Heart Failure,Medicare,19,1,0,3,1,5.03,7,Skilled Nursing,0.54,1
PT-102546,76,Female,Pneumonia,Medicaid,9,0,3,4,3,3.38,6,Home,1.76,1
PT-102547,60,Female,Diabetes,Medicaid,2,2,1,3,1,3.32,11,Skilled Nursing,1.63,1
PT-102548,52,Female,Kidney Disease,Medicaid,7,0,0,7,2,6.6,17,Home,1.2,0
PT-102549,27,Male,Pneumonia,Private,5,0,3,4,1,1.39,6,Home,0.0,0
PT-102550,65,Male,Pneumonia,Medicare,3,1,1,3,1,4.29,11,Skilled Nursing,1.52,0
PT-102551,41,Female,Heart Failure,Medicaid,7,0,1,9,0,2.68,5,Home Health,0.04,1
PT-102552,33,Female,Other,Medicare,2,0,1,4,1,0.78,1,Home,0.34,0
PT-102553,32,Female,Other,Private,2,1,0,3,1,6.08,9,Home,0.4,1
PT-102554,89,Female,Diabetes,Private,4,0,1,6,3,0.76,9,Home,2.21,1
PT-102555,25,Female,Heart Failure,Private,3,0,0,2,2,0.72,17,Home,0.03,1
PT-102556,76,Other,Heart Failure,Private,6,2,2,5,2,2.49,11,Home,1.81,1
PT-102557,81,Female,Other,Medicare,4,0,0,9,2,3.15,6,Home,1.49,1
PT-102558,20,Female,Diabetes,Medicare,3,1,3,3,1,1.73,1,Rehab,0.1,0
PT-102559,61,Female,Diabetes,Medicare,8,1,2,3,1,2.51,9,Home,1.85,1
PT-102560,60,Female,Pneumonia,Private,6,3,1,7,0,2.66,13,Home,1.25,1
PT-102561,44,Female,Heart Failure,Medicare,1,2,0,3,1,0.5,21,Home,0.06,0
PT-102562,66,Male,Pneumonia,Medicare,1,1,0,5,3,4.12,9,Skilled Nursing,1.32,1
PT-102563,47,Male,Kidney Disease,Private,3,2,0,5,2,1.8,12,Home,0.57,1
PT-102564,50,Male,COPD,Medicare,1,1,1,9,5,1.54,8,Home,1.47,1
PT-102565,49,Female,Other,Medicaid,8,0,0,5,1,1.7,11,Home Health,1.07,0
PT-102566,76,Female,Heart Failure,Medicare,3,2,0,4,2,2.3,10,Home,1.73,1
PT-102567,64,Male,Other,Self-pay,6,1,2,2,4,1.36,1,Rehab,0.83,1
PT-102568,45,Female,COPD,Self-pay,7,1,3,3,2,0.66,8,Home,0.99,0
PT-102569,85,Female,COPD,Medicare,1,4,2,6,3,1.01,7,Home,1.4,1
PT-102570,76,Male,Kidney Disease,Private,3,1,3,6,1,7.26,9,Home,0.89,1
PT-102571,86,Male,Other,Medicare,3,0,1,4,1,2.41,12,Home,1.43,1
PT-102572,71,Female,Other,Self-pay,5,1,2,5,0,3.47,12,Home Health,1.5,1
PT-102573,46,Male,Diabetes,Private,7,2,1,8,2,4.13,6,Home,1.02,1
PT-102574,74,Male,COPD,Private,15,1,0,4,3,2.96,9,Home,1.56,1
PT-102575,42,Female,Other,Private,11,1,0,5,2,1.4,5,Home,0.82,1
PT-102576,37,Female,Other,Medicaid,4,0,0,2,2,3.25,2,Home,1.17,0
PT-102577,50,Male,Diabetes,Medicare,4,0,1,7,5,3.64,5,Home,0.74,1
PT-102578,88,Male,Other,Medicaid,10,1,0,5,3,3.85,7,Home,1.08,1
PT-102579,59,Male,Diabetes,Medicare,4,1,0,10,3,0.69,10,Home Health,1.08,0
PT-102580,46,Female,Other,Medicaid,3,0,0,5,1,1.98,22,Skilled Nursing,0.0,0
PT-102581,51,Female,Other,Medicare,8,2,2,3,3,4.78,10,Home Health,1.32,1
PT-102582,39,Female,Other,Private,5,0,2,5,0,0.76,2,Home,0.0,0
PT-102583,66,Female,Other,Private,1,0,1,4,4,3.23,9,Home,0.25,1
PT-102584,43,Female,Pneumonia,Private,3,2,0,7,3,2.15,7,Home,0.39,0
PT-102585,58,Male,COPD,Private,1,2,0,5,1,1.97,14,Home Health,1.38,1
PT-102586,44,Male,COPD,Medicare,1,0,2,9,1,5.5,5,Rehab,0.18,1
PT-102587,41,Female,Other,Private,12,0,0,6,2,2.81,10,Skilled Nursing,1.12,1
PT-102588,88,Male,COPD,Medicare,4,2,1,10,2,2.13,13,Home,1.84,0
PT-102589,43,Male,Pneumonia,Private,3,1,1,5,0,3.04,8,Home Health,0.0,1
PT-102590,23,Male,Other,Medicare,3,0,0,5,1,4.14,5,Home,0.0,0
PT-102591,45,Female,Kidney Disease,Private,4,2,1,7,4,3.73,12,Home,1.59,1
PT-102592,56,Female,Diabetes,Private,3,1,1,2,5,3.26,7,Home,1.4,1
PT-102593,24,Male,Kidney Disease,Private,2,1,2,6,3,4.47,16,Home,0.84,1
PT-102594,40,Male,Other,Medicare,3,0,0,5,3,1.1,7,Home Health,0.61,1
PT-102595,30,Male,Other,Medicare,10,0,2,2,0,5.83,7,Home Health,0.9,0
PT-102596,54,Male,Heart Failure,Medicaid,8,0,0,5,2,1.78,11,Home Health,1.08,0
PT-102597,70,Male,Other,Medicare,3,0,1,3,1,4.13,9,Home Health,0.32,0
PT-102598,88,Female,Pneumonia,Private,13,3,0,6,2,3.47,2,Home Health,1.67,1
PT-102599,46,Male,COPD,Medicare,4,0,1,3,2,4.8,5,Home,1.21,1
PT-102600,81,Male,Diabetes,Medicare,2,1,1,7,1,3.65,5,Skilled Nursing,1.09,1
PT-102601,33,Female,COPD,Medicaid,5,0,0,5,2,5.9,1,Home,0.33,0
PT-102602,74,Female,Heart Failure,Medicaid,11,0,1,8,3,2.57,4,Home,1.84,1
PT-102603,59,Female,Pneumonia,Medicaid,10,0,2,3,3,0.98,9,Home,1.22,1
PT-102604,73,Female,Pneumonia,Private,2,0,3,5,2,3.38,11,Home Health,1.13,1
PT-102605,73,Male,Pneumonia,Private,2,0,1,7,4,1.82,7,Home Health,1.7,1
PT-102606,56,Male,Pneumonia,Medicare,3,1,0,5,0,1.86,12,Home Health,0.67,0
PT-102607,36,Female,Other,Medicaid,6,1,0,4,2,5.84,4,Home,0.93,1
PT-102608,56,Male,COPD,Private,7,1,4,8,3,2.02,17,Home,0.74,1
PT-102609,78,Female,Pneumonia,Medicaid,9,0,1,6,3,4.79,14,Home Health,1.45,1
PT-102610,88,Female,Other,Medicaid,5,0,1,1,5,1.89,12,Home,2.9,0
PT-102611,85,Female,Other,Private,5,2,0,3,1,0.92,10,Home,2.49,0
PT-102612,31,Female,Diabetes,Medicaid,4,2,1,6,1,3.61,1,Home,0.28,1
PT-102613,61,Male,Other,Medicare,8,1,0,2,4,3.82,15,Home,0.84,1
PT-102614,25,Male,COPD,Medicare,7,2,2,3,3,1.02,4,Home,1.05,0
PT-102615,66,Male,Pneumonia,Private,2,1,1,0,2,1.23,7,Home,2.33,0
PT-102616,90,Male,Other,Medicare,6,3,0,6,1,0.83,6,Rehab,1.18,1
PT-102617,21,Male,Other,Self-pay,8,1,1,8,2,2.85,7,Home,0.69,1
PT-102618,65,Female,Heart Failure,Private,8,1,2,4,0,1.97,8,Home,1.44,0
PT-102619,87,Female,Heart Failure,Medicaid,5,2,2,8,2,2.72,19,Home,1.44,1
PT-102620,79,Male,Diabetes,Medicare,5,2,1,4,0,1.67,7,Skilled Nursing,1.95,1
PT-102621,46,Male,Diabetes,Medicare,4,0,2,5,1,3.75,7,Home Health,0.09,1
PT-102622,25,Male,Diabetes,Medicaid,4,0,1,7,2,2.76,11,Home,0.0,0
PT-102623,85,Female,Diabetes,Medicare,12,1,1,3,4,4.26,9,Skilled Nursing,2.03,1
PT-102624,85,Male,Diabetes,Medicare,4,0,1,7,5,5.87,11,Home,1.35,1
PT-102625,60,Male,Pneumonia,Private,2,0,2,7,1,3.5,16,Home,0.86,0
PT-102626,89,Female,Pneumonia,Self-pay,5,1,0,5,2,2.55,6,Home,1.2,0
PT-102627,18,Female,Diabetes,Self-pay,7,1,1,5,0,3.06,15,Home,0.0,0
PT-102628,63,Female,Other,Medicare,8,3,2,5,4,3.3,8,Home,2.32,1
PT-102629,20,Female,Diabetes,Medicare,2,2,1,4,2,4.6,5,Home Health,0.49,1
PT-102630,86,Male,Heart Failure,Medicare,10,0,1,2,4,4.2,4,Home,2.37,1
PT-102631,67,Female,Heart Failure,Private,7,0,3,3,2,2.02,11,Home,1.86,1
PT-102632,84,Female,Heart Failure,Medicare,10,1,0,7,1,5.58,10,Home Health,2.46,1
PT-102633,59,Female,Diabetes,Private,1,4,0,4,2,2.62,7,Home,0.29,1
PT-102634,24,Female,Diabetes,Private,8,0,1,3,2,2.93,10,Home Health,0.38,1
PT-102635,19,Male,Heart Failure,Medicare,2,0,3,5,2,3.8,5,Home Health,0.0,0
PT-102636,42,Male,Pneumonia,Private,3,1,1,5,1,3.12,16,Home Health,0.15,0
PT-102637,72,Female,Diabetes,Private,7,1,2,5,1,6.31,5,Home Health,0.79,1
PT-102638,29,Female,Pneumonia,Medicaid,2,0,0,4,1,1.05,8,Rehab,1.1,1
PT-102639,80,Male,Heart Failure,Private,3,3,0,4,3,3.54,1,Rehab,0.81,1
PT-102640,35,Female,Heart Failure,Private,1,0,1,2,3,3.8,15,Skilled Nursing,0.48,0
PT-102641,54,Female,Kidney Disease,Self-pay,7,2,2,8,4,6.71,15,Rehab,2.18,1
PT-102642,32,Female,Other,Self-pay,2,1,0,5,1,1.49,7,Home,0.14,1
PT-102643,52,Male,Pneumonia,Private,4,1,2,9,2,0.8,8,Home,0.0,1
PT-102644,51,Male,COPD,Medicare,5,1,1,5,1,0.8,1,Home,1.9,0
PT-102645,18,Male,Diabetes,Private,5,2,4,4,3,2.29,6,Home,1.35,1
PT-102646,59,Female,Heart Failure,Self-pay,5,0,2,4,1,1.79,8,Home,0.43,0
PT-102647,75,Female,Other,Medicare,5,1,1,2,1,3.3,7,Home,1.93,1
PT-102648,86,Female,Other,Medicaid,1,1,2,5,1,4.13,1,Home Health,1.75,1
PT-102649,42,Female,Pneumonia,Medicare,3,0,1,3,0,1.79,8,Home,0.0,0
PT-102650,82,Female,Heart Failure,Medicare,5,1,0,6,2,2.61,5,Rehab,2.15,1
PT-102651,82,Male,COPD,Medicare,4,3,1,9,2,0.47,2,Home Health,1.51,1
PT-102652,90,Male,Heart Failure,Private,4,0,1,2,1,4.35,2,Home,1.7,1
PT-102653,45,Male,Kidney Disease,Private,2,1,1,1,1,4.29,2,Home Health,0.9,0
PT-102654,80,Male,Other,Medicare,5,1,0,9,0,4.23,11,Home,1.63,1
PT-102655,59,Male,Diabetes,Medicare,6,0,3,3,2,4.54,17,Home,1.41,1
PT-102656,22,Female,Pneumonia,Private,3,0,2,9,0,3.66,25,Home,0.0,0
PT-102657,37,Male,Kidney Disease,Private,8,2,1,3,1,1.65,5,Home,0.0,1
PT-102658,67,Female,Diabetes,Medicare,10,0,1,1,2,0.97,1,Home,0.99,1
PT-102659,29,Female,Other,Private,4,0,0,5,3,3.37,5,Skilled Nursing,0.74,1
PT-102660,49,Male,Diabetes,Private,2,2,0,6,3,2.7,2,Home,0.27,1
PT-102661,74,Male,Other,Medicare,2,2,1,3,3,2.15,1,Home Health,1.48,0
PT-102662,28,Male,Heart Failure,Private,3,0,1,7,2,2.63,10,Home,0.32,0
PT-102663,54,Male,Heart Failure,Private,4,1,0,5,0,4.74,5,Home Health,0.64,0
PT-102664,33,Male,COPD,Private,1,2,0,3,1,2.17,8,Home,0.91,1
PT-102665,57,Female,Heart Failure,Medicaid,3,3,0,3,4,4.55,7,Home,1.0,1
PT-102666,35,Male,Other,Medicaid,8,3,1,4,1,0.93,5,Home,0.55,0
PT-102667,88,Female,Pneumonia,Private,1,2,1,10,2,3.77,1,Home Health,1.88,1
PT-102668,23,Female,Pneumonia,Private,4,1,0,5,3,5.09,3,Home,0.29,0
PT-102669,88,Male,Pneumonia,Private,3,1,3,3,1,1.36,1,Home,0.97,1
PT-102670,75,Male,Other,Private,4,1,0,6,5,1.16,3,Home Health,2.44,1
PT-102671,80,Female,Diabetes,Private,11,0,0,4,2,1.98,5,Home Health,2.19,1
PT-102672,80,Male,Diabetes,Private,4,0,2,6,4,5.18,9,Home,1.31,1
PT-102673,31,Female,Heart Failure,Private,4,0,0,5,2,2.06,6,Home,0.52,1
PT-102674,85,Male,Kidney Disease,Private,6,0,0,6,1,3.76,4,Home,1.37,1
PT-102675,61,Male,Kidney Disease,Private,5,1,1,10,3,2.94,7,Home,1.67,1
PT-102676,88,Female,Heart Failure,Medicaid,4,0,2,6,1,2.54,7,Home,2.4,1
PT-102677,82,Male,Pneumonia,Private,5,0,0,7,4,5.04,14,Skilled Nursing,0.94,1
PT-102678,60,Male,Kidney Disease,Medicaid,9,0,0,5,2,4.0,22,Home,2.02,0
PT-102679,45,Male,Heart Failure,Medicaid,7,0,1,5,2,2.82,1,Home,1.55,1
PT-102680,26,Male,Other,Medicaid,3,2,2,5,3,1.34,11,Home,0.0,1
PT-102681,25,Female,Diabetes,Medicaid,10,1,1,3,2,0.5,1,Home Health,0.0,0
PT-102682,46,Male,Kidney Disease,Private,3,2,0,9,4,3.45,10,Home,0.95,1
PT-102683,77,Male,Pneumonia,Self-pay,4,0,1,3,0,7.27,1,Skilled Nursing,1.4,1
PT-102684,54,Male,Pneumonia,Private,5,1,0,3,4,5.23,6,Home,0.62,1
PT-102685,53,Female,COPD,Private,3,0,2,3,0,2.3,3,Home,0.2,0
PT-102686,35,Female,Diabetes,Private,10,1,1,7,2,1.87,8,Home,0.97,1
PT-102687,59,Male,Other,Private,3,0,1,3,1,1.97,4,Skilled Nursing,0.85,0
PT-102688,64,Male,COPD,Medicare,4,1,2,3,0,2.51,7,Home,0.65,1
PT-102689,89,Male,Other,Medicaid,8,0,1,5,1,2.22,6,Rehab,2.13,1
PT-102690,71,Male,Diabetes,Medicaid,3,2,1,2,2,2.16,12,Skilled Nursing,1.43,1
PT-102691,62,Male,Other,Private,1,1,0,6,2,3.23,7,Home Health,2.0,1
PT-102692,84,Female,Kidney Disease,Medicare,4,2,0,8,2,1.95,17,Skilled Nursing,2.84,1
PT-102693,49,Male,Other,Private,2,1,1,4,2,2.87,5,Home Health,0.88,1
PT-102694,86,Male,Kidney Disease,Private,2,1,2,9,1,4.43,10,Home,1.55,1
PT-102695,45,Male,Diabetes,Medicare,1,1,1,8,4,3.87,1,Home,0.85,1
PT-102696,27,Female,Other,Medicaid,1,1,2,7,2,1.49,7,Home,0.0,1
PT-102697,48,Female,COPD,Private,1,0,1,7,5,4.43,4,Home,1.14,1
PT-102698,27,Female,Other,Medicaid,11,2,0,2,2,2.78,12,Rehab,0.05,1
PT-102699,26,Female,Heart Failure,Medicaid,1,0,1,1,0,3.56,10,Home Health,0.0,0
PT-102700,82,Female,Other,Medicare,2,0,1,9,1,2.22,8,Home Health,1.05,0
PT-102701,76,Male,COPD,Medicaid,4,1,0,9,2,1.0,4,Home,1.04,1
PT-102702,34,Female,Kidney Disease,Medicaid,6,2,0,7,1,2.75,11,Rehab,0.18,0
PT-102703,79,Female,Other,Self-pay,7,0,1,4,4,3.88,10,Home,1.54,1
PT-102704,23,Male,Diabetes,Private,2,0,2,6,2,1.16,15,Home,0.24,0
PT-102705,38,Male,Other,Medicaid,4,1,3,7,1,3.2,1,Home,0.71,1
PT-102706,69,Male,Other,Private,4,0,1,6,4,0.95,11,Home,1.45,1
PT-102707,40,Female,COPD,Medicare,4,1,0,3,1,2.8,10,Home,0.56,1
PT-102708,71,Male,Heart Failure,Medicaid,5,2,1,5,3,2.24,7,Rehab,1.81,0
PT-102709,81,Female,Other,Medicare,5,0,0,4,1,1.72,13,Home,1.0,0
PT-102710,22,Female,Kidney Disease,Private,3,1,0,5,0,4.11,11,Home Health,0.0,0
PT-102711,19,Female,Heart Failure,Private,9,0,0,5,0,3.36,5,Home Health,0.0,0
PT-102712,86,Male,Heart Failure,Medicaid,3,2,1,6,0,2.74,1,Home,1.21,1
PT-102713,55,Male,Heart Failure,Private,15,1,2,8,1,1.81,10,Home Health,1.69,0
PT-102714,54,Female,Other,Medicaid,3,0,0,10,1,4.24,12,Home,1.64,1
PT-102715,51,Female,Heart Failure,Medicare,4,0,1,4,1,2.31,1,Home,1.27,1
PT-102716,49,Male,Pneumonia,Medicaid,4,1,0,3,3,4.72,7,Skilled Nursing,1.29,1
PT-102717,68,Male,Heart Failure,Medicare,4,1,1,3,1,2.52,3,Skilled Nursing,1.35,1
PT-102718,60,Male,Kidney Disease,Medicaid,8,0,2,5,1,2.13,12,Home Health,1.19,0
PT-102719,29,Male,COPD,Private,4,1,0,4,3,0.67,11,Home,0.54,0
PT-102720,63,Female,Diabetes,Medicaid,2,0,0,8,3,1.65,6,Home,1.32,1
PT-102721,66,Male,Other,Private,3,1,0,7,5,2.13,6,Home,2.04,1
PT-102722,26,Male,Heart Failure,Medicaid,4,0,1,5,3,3.53,10,Rehab,0.13,0
PT-102723,45,Other,Heart Failure,Medicaid,5,2,0,4,4,4.99,8,Home,1.03,1
PT-102724,75,Male,COPD,Medicare,2,0,0,1,3,2.35,6,Home Health,1.95,0
PT-102725,63,Male,Heart Failure,Private,2,2,0,6,0,2.38,1,Home,0.62,1
PT-102726,27,Male,Kidney Disease,Private,5,0,1,4,0,1.41,3,Home,0.0,0
PT-102727,20,Male,Diabetes,Self-pay,5,0,2,3,1,1.54,14,Home,0.0,0
PT-102728,60,Male,Pneumonia,Private,7,2,1,3,1,4.03,16,Home,0.96,1
PT-102729,51,Male,Pneumonia,Private,3,0,1,7,2,3.27,6,Home,1.25,1
PT-102730,88,Male,COPD,Medicaid,6,0,1,3,2,5.24,9,Home Health,2.73,1
PT-102731,56,Female,Other,Private,4,2,2,5,4,1.87,7,Home Health,0.92,1
PT-102732,85,Female,Diabetes,Medicare,3,1,1,1,2,4.95,5,Home,0.96,1
PT-102733,33,Male,Diabetes,Medicare,4,1,0,8,3,2.74,5,Home,0.19,0
PT-102734,50,Male,COPD,Medicare,4,0,0,5,0,1.61,1,Home,0.57,1
PT-102735,28,Female,Heart Failure,Medicare,1,1,2,4,4,3.1,8,Home,0.24,1
PT-102736,59,Male,Diabetes,Medicare,2,0,3,7,2,0.99,9,Home,1.21,1
PT-102737,31,Female,Heart Failure,Private,6,1,1,4,3,3.08,6,Home Health,0.46,1
PT-102738,53,Male,Kidney Disease,Medicare,3,1,0,5,2,1.31,13,Home,1.32,0
PT-102739,43,Other,Diabetes,Private,5,0,1,7,4,1.64,3,Home,1.02,0
PT-102740,31,Male,Other,Private,6,1,4,8,2,1.83,4,Home,0.0,1
PT-102741,25,Female,Heart Failure,Medicaid,4,0,1,4,2,1.09,1,Home,0.0,0
PT-102742,55,Male,Pneumonia,Self-pay,6,0,1,5,4,0.84,16,Skilled Nursing,1.0,0
PT-102743,87,Male,Pneumonia,Private,4,1,2,3,4,1.85,4,Home,1.23,1
PT-102744,32,Female,COPD,Medicare,4,1,1,3,2,3.27,7,Home Health,0.61,1
PT-102745,47,Male,Heart Failure,Private,9,2,0,3,3,3.73,3,Home,1.48,1
PT-102746,34,Female,Diabetes,Private,4,0,1,6,0,2.41,12,Home,0.29,0
PT-102747,77,Male,Diabetes,Medicaid,6,0,1,8,4,3.7,11,Home,1.57,1
PT-102748,48,Male,COPD,Private,1,1,0,6,1,5.04,8,Home,0.46,0
PT-102749,89,Male,Other,Private,5,0,2,4,2,2.92,8,Rehab,1.44,1
PT-102750,35,Female,Diabetes,Medicare,10,1,0,5,1,4.0,9,Home Health,0.45,1
PT-102751,23,Female,Diabetes,Private,15,0,3,8,0,4.75,9,Home,0.0,1
PT-102752,60,Female,Pneumonia,Private,1,0,3,5,1,4.28,12,Rehab,0.67,0
PT-102753,65,Female,Other,Medicare,3,0,1,8,5,1.49,3,Rehab,1.04,1
PT-102754,90,Female,Diabetes,Self-pay,2,0,2,4,4,0.68,12,Home,1.58,1
PT-102755,81,Male,Other,Medicare,4,2,2,6,6,5.54,3,Home,3.2,1
PT-102756,82,Male,COPD,Private,7,0,0,5,2,2.37,8,Rehab,1.47,1
PT-102757,64,Female,Pneumonia,Medicaid,9,1,1,4,3,1.36,4,Home Health,1.63,1
PT-102758,44,Female,Pneumonia,Medicaid,9,1,0,10,2,3.81,8,Home,0.74,1
PT-102759,49,Female,Pneumonia,Medicare,1,1,1,5,0,4.4,9,Skilled Nursing,0.0,0
PT-102760,27,Male,Pneumonia,Medicare,4,4,0,5,2,0.86,12,Home,0.55,1
PT-102761,49,Female,Heart Failure,Private,3,0,1,1,2,3.75,14,Home,0.02,1
PT-102762,44,Female,Other,Medicare,3,1,1,7,3,3.48,9,Home,0.86,1
PT-102763,20,Female,COPD,Medicare,3,1,1,5,0,2.42,2,Home,0.0,0
PT-102764,32,Female,Other,Medicare,1,1,1,5,2,2.98,4,Home,0.19,1
PT-102765,57,Female,Other,Private,9,0,1,3,2,4.25,4,Home,0.54,1
PT-102766,44,Male,Other,Medicaid,2,1,0,11,4,1.25,13,Rehab,1.11,1
PT-102767,90,Female,COPD,Self-pay,3,0,1,2,5,2.49,1,Home,2.76,1
PT-102768,52,Male,Heart Failure,Medicare,10,1,1,2,2,3.77,7,Rehab,0.0,1
PT-102769,87,Male,Diabetes,Medicare,1,1,1,2,4,4.19,7,Home,1.47,0
PT-102770,66,Female,Heart Failure,Medicaid,5,0,1,4,1,3.12,13,Home,0.56,1
PT-102771,20,Female,Diabetes,Medicare,8,2,2,4,0,5.2,6,Home,0.0,1
PT-102772,32,Female,COPD,Private,9,3,0,7,1,1.19,5,Home,0.33,0
PT-102773,69,Female,Other,Private,5,0,1,6,4,1.41,12,Home,1.36,1
PT-102774,57,Female,Other,Medicare,6,1,1,5,2,1.95,10,Home,1.98,1
PT-102775,40,Male,Diabetes,Medicare,8,0,2,7,2,4.61,15,Home Health,0.49,1
PT-102776,56,Female,Other,Private,4,0,2,4,2,5.15,7,Home,1.19,0
PT-102777,83,Female,Heart Failure,Medicaid,2,1,0,2,2,2.15,5,Home,1.68,0
PT-102778,46,Female,Kidney Disease,Medicare,10,1,1,3,5,2.77,5,Home,1.23,1
PT-102779,21,Male,Heart Failure,Medicare,6,0,0,4,2,2.79,11,Home,0.49,1
PT-102780,40,Female,COPD,Private,4,1,1,9,4,2.21,15,Home Health,0.64,0
PT-102781,86,Male,COPD,Private,1,0,2,4,4,6.25,1,Home Health,2.26,1
PT-102782,73,Male,Heart Failure,Private,1,3,2,5,2,1.58,10,Home,2.36,1
PT-102783,79,Female,Kidney Disease,Self-pay,5,2,0,6,1,4.12,7,Home,1.05,1
PT-102784,84,Male,Other,Private,1,0,1,7,2,1.95,8,Home,1.99,1
PT-102785,26,Male,Diabetes,Private,4,2,0,5,3,2.35,15,Skilled Nursing,0.5,1
PT-102786,38,Male,Diabetes,Medicaid,2,0,1,6,1,2.38,13,Home,0.46,0
PT-102787,22,Male,COPD,Medicare,3,0,0,5,2,4.08,13,Home,0.0,0
PT-102788,18,Female,Heart Failure,Medicaid,9,1,0,6,1,5.36,10,Home,0.48,1
PT-102789,78,Male,Heart Failure,Medicare,2,1,0,3,2,4.25,9,Home,0.67,1
PT-102790,86,Male,Heart Failure,Medicaid,4,1,1,5,2,1.25,11,Rehab,1.66,1
PT-102791,29,Male,Other,Private,2,2,0,2,3,4.75,20,Home,0.0,1
PT-102792,70,Male,Other,Self-pay,5,1,4,3,4,7.67,9,Home Health,0.73,1
PT-102793,57,Male,Kidney Disease,Private,5,2,1,4,3,4.26,9,Skilled Nursing,1.73,1
PT-102794,23,Female,Pneumonia,Self-pay,4,0,2,10,0,3.72,5,Home,0.0,1
PT-102795,84,Female,Other,Private,8,3,0,7,2,2.67,1,Home,2.68,1
PT-102796,81,Female,Diabetes,Private,1,1,2,2,1,0.64,14,Home,1.69,0
PT-102797,59,Female,Pneumonia,Medicaid,1,0,2,4,2,1.46,7,Home,1.0,1
PT-102798,69,Female,Diabetes,Self-pay,2,1,1,7,5,1.41,11,Home,1.15,1
PT-102799,46,Male,Other,Medicaid,5,0,1,5,2,2.75,10,Home,1.13,1
PT-102800,75,Male,COPD,Medicare,6,1,2,6,1,1.91,15,Home,1.99,1
PT-102801,50,Male,Pneumonia,Private,1,0,0,10,1,3.64,6,Home,0.56,1
PT-102802,90,Female,Pneumonia,Private,6,0,3,5,1,1.11,1,Home Health,2.58,0
PT-102803,22,Female,Diabetes,Medicare,3,3,1,7,1,3.64,15,Home Health,0.09,1
PT-102804,30,Female,Pneumonia,Medicare,11,0,1,7,0,4.62,9,Home,0.1,1
PT-102805,88,Female,Diabetes,Medicaid,5,0,0,7,3,1.86,9,Home,1.9,1
PT-102806,39,Male,Heart Failure,Medicaid,10,0,1,2,2,2.46,1,Home,1.5,0
PT-102807,40,Male,Kidney Disease,Private,9,0,1,7,1,1.43,11,Home,0.15,1
PT-102808,75,Male,COPD,Medicare,3,0,2,4,0,2.33,1,Home,1.73,1
PT-102809,31,Female,Kidney Disease,Self-pay,7,1,0,3,2,4.18,12,Home,0.68,1
PT-102810,55,Male,COPD,Private,3,0,0,4,3,0.79,6,Home Health,1.23,0
PT-102811,38,Male,Diabetes,Private,11,1,3,2,3,1.83,11,Home,0.81,1
PT-102812,32,Male,COPD,Private,3,1,1,10,3,1.08,8,Home,0.15,1
PT-102813,88,Male,Heart Failure,Medicare,6,2,0,8,3,6.25,6,Home Health,2.14,1
PT-102814,32,Female,Heart Failure,Medicaid,13,1,1,4,2,4.48,4,Home,0.33,1
PT-102815,24,Female,Other,Medicaid,6,2,1,2,0,4.23,1,Home,0.2,1
PT-102816,67,Male,Heart Failure,Medicare,3,2,1,9,2,1.46,7,Rehab,1.19,1
PT-102817,81,Other,Diabetes,Private,1,0,0,6,1,2.81,9,Home Health,1.6,1
PT-102818,27,Male,Heart Failure,Medicare,1,2,0,5,3,3.39,10,Skilled Nursing,0.66,0
PT-102819,69,Male,Other,Private,6,0,1,6,1,0.69,12,Home Health,1.65,1
PT-102820,57,Male,Pneumonia,Medicare,4,1,1,5,0,1.78,10,Rehab,0.74,0
PT-102821,78,Male,COPD,Medicaid,2,1,0,3,1,1.0,18,Home Health,1.79,0
PT-102822,27,Male,Other,Medicaid,7,0,1,3,2,3.33,5,Rehab,0.89,0
PT-102823,89,Male,Diabetes,Private,7,1,2,5,3,0.28,17,Home,1.4,1
PT-102824,63,Female,COPD,Private,4,1,1,3,2,5.79,9,Rehab,1.33,1
PT-102825,79,Female,Other,Private,10,0,5,4,0,4.57,11,Rehab,0.86,1
PT-102826,44,Male,Kidney Disease,Medicare,1,1,0,7,4,1.42,13,Home,1.31,0
PT-102827,86,Male,Diabetes,Self-pay,3,2,2,10,4,6.48,1,Rehab,3.17,1
PT-102828,63,Male,COPD,Medicare,6,1,1,6,2,3.35,16,Home,1.33,0
PT-102829,27,Female,Other,Medicare,2,1,0,7,0,1.6,11,Rehab,0.0,0
PT-102830,85,Female,Pneumonia,Medicaid,7,1,1,5,4,1.92,4,Home,2.02,1
PT-102831,76,Female,Pneumonia,Medicare,8,1,1,6,3,0.97,6,Home,1.45,1
PT-102832,39,Male,Pneumonia,Private,1,0,2,4,2,1.26,12,Home,0.0,0
PT-102833,57,Male,Heart Failure,Medicaid,10,0,0,3,2,3.6,6,Rehab,0.0,1
PT-102834,46,Female,Other,Private,6,0,0,8,2,2.46,5,Home,0.26,1
PT-102835,57,Female,Pneumonia,Private,3,0,2,6,2,2.15,7,Rehab,0.77,1
PT-102836,88,Male,Kidney Disease,Private,1,0,2,6,2,5.93,3,Home,1.38,1
PT-102837,83,Male,Heart Failure,Medicare,8,1,0,4,2,1.42,2,Home,1.72,1
PT-102838,33,Female,Other,Private,1,0,2,6,2,4.28,8,Home Health,0.3,0
PT-102839,88,Male,Diabetes,Medicaid,6,2,1,9,2,3.24,1,Home,1.5,1
PT-102840,49,Female,Kidney Disease,Self-pay,2,0,2,8,0,3.17,10,Home Health,0.48,0
PT-102841,69,Male,COPD,Medicaid,4,1,2,6,1,2.4,3,Home,1.25,1
PT-102842,73,Male,Pneumonia,Private,7,3,2,9,2,0.91,18,Home,1.52,1
PT-102843,53,Female,Heart Failure,Medicare,3,2,0,5,3,1.56,11,Home,1.35,1
PT-102844,51,Male,Other,Medicaid,10,2,0,9,3,2.47,12,Home Health,2.46,1
PT-102845,51,Female,Pneumonia,Medicare,6,0,2,7,4,5.02,1,Home Health,1.49,1
PT-102846,80,Female,COPD,Private,2,0,1,3,3,2.03,13,Home,1.45,1
PT-102847,46,Female,Other,Private,1,0,0,7,1,3.87,1,Home,0.0,0
PT-102848,38,Male,Other,Medicare,2,2,0,6,2,1.24,6,Home,1.77,1
PT-102849,44,Male,Diabetes,Private,4,0,0,5,2,1.13,1,Home,0.88,0
PT-102850,32,Male,Other,Private,11,0,1,12,1,2.27,7,Home Health,0.4,0
PT-102851,46,Female,Other,Private,12,2,0,5,3,0.92,10,Home,1.48,1
PT-102852,26,Male,Pneumonia,Medicare,3,0,2,10,3,3.73,7,Home,0.42,1
PT-102853,24,Male,Pneumonia,Medicaid,3,3,0,3,2,1.82,4,Home,0.64,1
PT-102854,70,Male,Heart Failure,Medicare,7,0,2,3,1,2.8,11,Skilled Nursing,1.36,0
PT-102855,23,Other,Pneumonia,Self-pay,7,1,0,4,2,4.57,8,Home Health,0.0,1
PT-102856,59,Female,Heart Failure,Medicare,9,2,4,8,1,2.19,7,Home,1.18,1
PT-102857,74,Female,Kidney Disease,Private,9,1,0,8,0,5.2,10,Rehab,0.68,1
PT-102858,70,Female,Diabetes,Medicaid,2,1,2,3,2,3.36,2,Home,1.61,1
PT-102859,50,Female,Diabetes,Private,1,1,0,5,4,1.14,12,Home,1.18,1
PT-102860,32,Male,Other,Private,6,2,0,2,0,2.02,12,Home Health,0.67,0
PT-102861,85,Male,Pneumonia,Private,5,2,4,3,3,1.04,6,Home Health,2.54,0
PT-102862,78,Male,Diabetes,Private,1,0,1,4,2,4.25,9,Home Health,0.09,1
PT-102863,62,Female,Heart Failure,Private,1,2,0,5,0,3.75,9,Home,0.72,1
PT-102864,24,Male,Other,Private,6,0,4,8,4,0.75,13,Home Health,0.36,1
PT-102865,20,Female,COPD,Medicare,4,2,0,5,1,1.8,21,Home,0.0,1
PT-102866,41,Female,Other,Medicare,6,1,0,4,1,2.7,15,Home,0.53,0
PT-102867,29,Male,Other,Private,2,1,1,6,2,1.89,2,Home,0.0,0
PT-102868,80,Female,Heart Failure,Medicare,6,0,1,11,0,1.86,12,Home,1.97,1
PT-102869,33,Male,COPD,Medicare,5,2,2,3,1,3.28,22,Home,0.0,1
PT-102870,38,Male,COPD,Medicare,7,3,1,5,3,1.89,3,Home,0.15,1
PT-102871,89,Female,Pneumonia,Private,3,0,2,0,3,5.27,15,Home,1.26,1
PT-102872,77,Female,Heart Failure,Private,2,2,2,3,1,4.38,11,Home,1.73,1
PT-102873,33,Female,Diabetes,Medicare,1,1,3,4,3,5.82,9,Home,0.12,1
PT-102874,45,Female,Other,Private,3,1,1,4,0,3.13,9,Home,1.01,0
PT-102875,55,Male,Other,Medicare,8,0,0,4,3,2.73,6,Home,0.44,1
PT-102876,66,Male,Kidney Disease,Medicare,10,1,2,4,2,5.95,1,Rehab,1.39,1
PT-102877,86,Male,Diabetes,Self-pay,1,1,2,6,6,5.33,13,Home,2.22,1
PT-102878,81,Female,Pneumonia,Medicare,4,0,1,5,0,1.68,1,Home,1.52,1
PT-102879,89,Female,Kidney Disease,Private,11,0,1,3,1,1.64,7,Home Health,1.28,1
PT-102880,20,Male,COPD,Medicare,12,1,0,4,1,3.56,8,Home,0.2,1
PT-102881,35,Other,Heart Failure,Self-pay,3,0,1,6,3,4.19,6,Home,0.0,1
PT-102882,59,Male,Heart Failure,Private,9,1,0,6,3,4.69,9,Home,2.56,0
PT-102883,21,Female,Diabetes,Private,8,0,0,5,3,3.22,18,Home,0.73,1
PT-102884,43,Male,Heart Failure,Medicare,7,2,0,5,4,1.83,9,Home,1.43,1
PT-102885,29,Male,Other,Private,1,0,1,4,1,1.99,9,Home,0.0,0
PT-102886,86,Male,Pneumonia,Private,3,0,0,5,1,2.53,13,Home,1.42,0
PT-102887,22,Female,Diabetes,Private,4,0,4,3,1,4.35,11,Skilled Nursing,0.39,0
PT-102888,28,Male,Diabetes,Medicaid,4,1,1,3,1,4.51,9,Home,0.05,0
PT-102889,32,Female,Diabetes,Medicaid,4,0,0,5,2,3.24,6,Rehab,0.55,0
PT-102890,28,Female,Diabetes,Medicaid,13,1,3,10,3,1.58,9,Rehab,1.45,1
PT-102891,59,Male,Diabetes,Medicare,3,0,0,5,2,1.1,11,Home,0.37,1
PT-102892,44,Female,Other,Medicaid,5,0,0,6,2,0.69,11,Home Health,1.09,0
PT-102893,84,Male,Heart Failure,Private,5,1,1,7,4,2.54,3,Home Health,1.45,1
PT-102894,37,Male,Pneumonia,Private,4,0,2,5,3,4.26,1,Home,0.1,1
PT-102895,57,Female,Pneumonia,Self-pay,2,0,1,4,3,3.27,11,Home,0.95,0
PT-102896,66,Male,Diabetes,Medicare,4,1,1,4,0,6.85,4,Home,1.25,0
PT-102897,63,Male,Heart Failure,Private,1,1,2,10,3,3.88,9,Home,0.36,1
PT-102898,76,Female,Kidney Disease,Medicare,6,1,0,4,2,3.22,7,Home,2.11,0
PT-102899,32,Female,Heart Failure,Private,1,2,1,4,0,1.97,6,Home,0.0,0
PT-102900,55,Female,Kidney Disease,Medicare,5,0,1,10,1,3.16,11,Rehab,0.0,1
PT-102901,76,Male,Pneumonia,Private,2,1,0,10,2,2.39,8,Home Health,1.09,0
PT-102902,81,Female,COPD,Medicaid,2,0,1,5,0,5.5,14,Home Health,0.68,0
PT-102903,63,Male,COPD,Private,7,1,0,4,1,1.78,12,Home Health,1.11,1
PT-102904,65,Female,Pneumonia,Private,3,0,2,6,4,1.81,4,Home Health,1.44,1
PT-102905,81,Female,COPD,Private,4,1,0,5,2,3.96,6,Home,0.88,1
PT-102906,63,Male,Kidney Disease,Medicare,1,1,0,5,1,0.33,7,Home,0.81,0
PT-102907,87,Female,COPD,Private,10,1,0,1,2,4.92,5,Home,2.41,1
PT-102908,27,Female,Other,Medicare,4,1,2,4,3,4.87,14,Home,1.44,1
PT-102909,43,Male,Heart Failure,Self-pay,4,0,0,5,3,3.71,6,Home,0.49,1
PT-102910,26,Male,COPD,Medicare,6,1,2,4,0,2.68,8,Home,0.27,0
PT-102911,24,Male,Diabetes,Private,1,1,1,5,2,1.41,10,Rehab,0.0,1
PT-102912,52,Male,Diabetes,Medicare,11,0,0,5,4,2.64,2,Home,1.06,1
PT-102913,34,Female,Other,Private,3,0,2,5,2,4.84,8,Home,0.95,1
PT-102914,47,Male,Heart Failure,Private,10,0,2,10,4,2.81,16,Home Health,0.88,1
PT-102915,49,Male,Kidney Disease,Private,3,0,3,4,1,3.71,8,Home,0.28,1
PT-102916,63,Female,Heart Failure,Private,2,0,0,4,3,3.57,6,Home Health,1.01,0
PT-102917,87,Female,COPD,Private,5,0,1,6,4,3.6,12,Home,1.5,0
PT-102918,80,Male,Heart Failure,Private,14,2,2,7,0,1.89,12,Home,1.42,1
PT-102919,45,Male,Pneumonia,Private,9,0,3,4,3,2.06,1,Home,1.06,1
PT-102920,41,Male,Diabetes,Private,6,0,1,4,2,2.11,7,Home,0.14,1
PT-102921,74,Male,COPD,Private,5,0,0,5,0,3.46,10,Home,0.0,1
PT-102922,27,Male,Other,Private,4,1,2,1,0,6.12,12,Home Health,0.0,0
PT-102923,57,Male,Other,Private,10,2,3,5,4,2.58,14,Home,1.2,1
PT-102924,48,Female,Pneumonia,Private,7,0,0,6,3,5.8,7,Home,0.86,1
PT-102925,31,Male,Other,Medicare,1,0,2,3,1,0.92,8,Home,0.38,1
PT-102926,63,Male,Heart Failure,Private,2,0,1,2,0,1.44,5,Home,0.84,0
PT-102927,41,Male,Pneumonia,Medicare,6,1,5,4,1,4.77,14,Skilled Nursing,0.34,0
PT-102928,31,Female,Diabetes,Medicaid,2,0,1,3,1,0.29,1,Home,0.23,1
PT-102929,65,Male,Kidney Disease,Medicaid,4,0,1,5,1,2.31,1,Home,1.37,0
PT-102930,30,Male,Heart Failure,Private,7,1,1,6,3,4.8,16,Home,0.16,0
PT-102931,67,Female,Other,Medicare,6,1,0,4,1,1.47,8,Home Health,1.04,1
PT-102932,29,Male,Other,Private,1,0,4,6,2,1.29,6,Home Health,1.17,0
PT-102933,49,Female,Diabetes,Private,2,1,0,4,1,1.87,13,Home,0.93,0
PT-102934,76,Female,Heart Failure,Private,6,0,2,2,2,2.37,1,Home,2.19,1
PT-102935,34,Female,Diabetes,Medicare,13,1,0,4,2,3.8,9,Rehab,0.76,1
PT-102936,74,Male,Kidney Disease,Self-pay,4,0,0,5,1,1.34,12,Home,0.89,0
PT-102937,70,Male,Heart Failure,Private,7,0,1,7,2,1.81,8,Home,1.7,1
PT-102938,83,Female,Diabetes,Private,6,1,0,6,1,3.65,1,Home,1.36,0
PT-102939,30,Male,Heart Failure,Private,2,2,1,3,5,1.33,6,Home,0.0,1
PT-102940,70,Male,Kidney Disease,Medicare,7,1,1,4,4,3.31,3,Home Health,1.19,1
PT-102941,86,Male,Heart Failure,Medicaid,1,1,0,5,1,6.94,17,Home Health,1.69,1
PT-102942,73,Male,Pneumonia,Medicaid,7,0,0,4,4,0.93,13,Skilled Nursing,1.53,1
PT-102943,31,Male,Diabetes,Private,6,0,1,6,2,5.25,7,Home,0.17,1
PT-102944,78,Male,Other,Private,3,1,1,5,1,4.87,1,Home,1.2,1
PT-102945,25,Female,COPD,Medicare,2,0,1,5,1,0.35,8,Home,0.0,1
PT-102946,60,Male,Pneumonia,Private,3,1,2,2,2,4.37,2,Skilled Nursing,1.71,1
PT-102947,54,Female,Pneumonia,Medicare,2,0,1,11,1,1.05,11,Home,0.0,0
PT-102948,56,Female,Other,Medicare,3,0,2,8,2,4.66,10,Rehab,1.04,0
PT-102949,55,Female,Other,Medicaid,3,3,1,4,5,2.13,6,Home,1.92,1
PT-102950,20,Male,Diabetes,Self-pay,3,0,2,9,2,3.26,10,Home,0.13,1
PT-102951,55,Female,Heart Failure,Private,1,0,0,1,3,1.34,21,Home,1.09,0
PT-102952,86,Female,Kidney Disease,Medicaid,1,1,0,1,1,2.83,1,Home Health,2.04,1
PT-102953,49,Female,Other,Medicare,8,1,0,6,2,1.16,2,Home Health,0.45,1
PT-102954,38,Male,Pneumonia,Self-pay,3,1,1,4,2,6.39,9,Home Health,0.57,1
PT-102955,90,Male,Diabetes,Medicare,3,0,0,2,2,3.34,4,Skilled Nursing,1.09,1
PT-102956,25,Male,Other,Private,3,1,0,2,1,0.42,10,Home,0.42,1
PT-102957,53,Female,Other,Medicare,10,1,0,8,2,4.0,2,Home,1.84,0
PT-102958,55,Male,Diabetes,Medicaid,2,1,1,6,1,3.25,8,Home,1.12,0
PT-102959,52,Female,Pneumonia,Private,2,0,0,7,2,4.08,8,Rehab,0.22,0
PT-102960,85,Female,Pneumonia,Private,6,0,0,8,1,3.84,11,Rehab,2.82,1
PT-102961,48,Female,COPD,Medicaid,5,0,2,7,1,1.2,7,Home,1.21,1
PT-102962,89,Male,Diabetes,Medicaid,6,1,0,6,2,7.75,13,Skilled Nursing,1.43,1
PT-102963,22,Male,Other,Private,6,0,0,5,1,2.58,3,Skilled Nursing,0.07,0
PT-102964,71,Female,Pneumonia,Private,8,0,1,6,4,2.43,10,Home,1.37,1
PT-102965,61,Female,Other,Medicaid,1,3,1,6,3,1.47,1,Home,1.27,0
PT-102966,35,Male,Other,Private,5,1,0,3,0,2.98,1,Skilled Nursing,0.67,0
PT-102967,34,Male,Diabetes,Medicare,2,1,1,6,0,4.44,1,Home,0.0,0
PT-102968,70,Female,Kidney Disease,Private,1,3,0,6,1,2.88,18,Home,0.67,1
PT-102969,64,Female,Other,Private,6,0,1,4,1,4.67,15,Home,0.41,0
PT-102970,62,Male,Other,Private,5,0,2,7,3,2.02,10,Home,1.22,1
PT-102971,21,Female,Diabetes,Medicare,4,0,0,3,1,2.36,4,Home Health,0.3,1
PT-102972,61,Male,Diabetes,Medicare,8,0,0,4,4,1.69,12,Home Health,0.48,1
PT-102973,89,Female,Other,Private,2,1,1,6,5,2.54,1,Home,2.01,1
PT-102974,19,Female,Other,Self-pay,6,2,2,6,1,6.73,1,Home,0.13,0
PT-102975,52,Male,Other,Medicaid,4,0,1,3,2,0.77,7,Home Health,0.46,1
PT-102976,54,Male,Pneumonia,Medicaid,4,0,0,1,4,2.17,8,Home,0.38,1
PT-102977,83,Female,Diabetes,Medicare,1,0,3,4,2,1.96,10,Home,1.67,1
PT-102978,38,Female,Kidney Disease,Medicare,8,2,0,3,3,2.23,5,Home,0.94,1
PT-102979,52,Female,Pneumonia,Private,5,1,3,3,2,0.91,5,Home,0.96,1
PT-102980,70,Female,Diabetes,Medicare,6,3,1,5,1,0.63,17,Home Health,1.43,1
PT-102981,22,Female,Diabetes,Medicare,2,0,0,4,1,1.06,7,Home,0.0,0
PT-102982,76,Female,Pneumonia,Private,5,1,1,6,2,1.84,5,Home Health,1.42,1
PT-102983,78,Other,Diabetes,Medicaid,4,0,0,7,1,2.69,10,Home,2.24,1
PT-102984,70,Female,Heart Failure,Medicare,6,1,0,2,1,2.47,6,Home,1.36,1
PT-102985,65,Male,Kidney Disease,Private,5,0,1,8,1,1.99,17,Skilled Nursing,1.46,1
PT-102986,72,Female,Pneumonia,Medicare,12,0,2,7,4,3.28,10,Home Health,1.35,1
PT-102987,75,Other,Heart Failure,Private,9,3,1,8,2,1.68,6,Home,1.31,1
PT-102988,83,Female,Diabetes,Private,3,0,1,4,2,3.08,4,Rehab,1.62,0
PT-102989,49,Female,Diabetes,Private,6,2,2,3,1,3.63,1,Home,0.52,1
PT-102990,51,Female,Diabetes,Medicare,3,2,0,5,2,1.86,9,Rehab,0.37,0
PT-102991,64,Female,Diabetes,Private,8,1,1,4,3,6.4,4,Home,0.99,1
PT-102992,32,Female,Other,Self-pay,4,2,1,2,0,2.41,1,Home,0.0,1
PT-102993,80,Male,Diabetes,Private,3,1,1,8,1,1.08,2,Home,2.55,1
PT-102994,74,Female,Heart Failure,Private,5,0,1,3,1,0.94,14,Home Health,2.26,0
PT-102995,64,Male,Pneumonia,Medicare,9,2,2,5,4,2.13,7,Home Health,2.24,1
PT-102996,40,Male,COPD,Self-pay,8,1,0,7,5,1.35,9,Home,1.55,1
PT-102997,43,Male,Kidney Disease,Private,3,0,1,10,2,5.59,9,Home,0.97,1
PT-102998,49,Male,Other,Medicaid,11,1,1,6,2,0.81,17,Home,0.3,1
PT-102999,66,Female,Diabetes,Medicare,2,1,2,5,2,3.85,5,Home,1.61,1
PT-103000,74,Female,Kidney Disease,Private,3,2,1,5,2,1.32,7,Home Health,0.64,1
PT-103001,67,Female,Other,Private,7,2,0,4,1,2.75,13,Skilled Nursing,2.05,1
PT-103002,85,Male,Other,Private,1,1,3,4,2,1.87,8,Home,1.95,1
PT-103003,88,Female,Pneumonia,Medicare,4,0,0,2,0,1.89,10,Home,1.07,0
PT-103004,69,Male,Other,Medicaid,3,0,1,1,3,5.9,7,Home,1.51,1
PT-103005,45,Male,COPD,Medicare,11,2,3,3,1,2.03,4,Home,0.46,1
PT-103006,61,Female,COPD,Private,2,0,2,8,1,2.47,14,Home Health,0.83,0
PT-103007,49,Female,COPD,Medicaid,2,0,0,2,0,1.49,7,Home,0.4,0
PT-103008,63,Female,Pneumonia,Self-pay,12,0,2,5,2,1.25,10,Home,1.2,0
PT-103009,77,Male,Kidney Disease,Private,3,0,1,2,2,1.35,9,Home,2.3,0
PT-103010,44,Male,Other,Private,9,0,3,8,2,2.09,1,Home,1.15,1
PT-103011,54,Male,Pneumonia,Private,3,1,1,3,1,3.59,8,Home,1.09,1
PT-103012,21,Male,Heart Failure,Medicare,2,1,3,5,2,3.73,8,Rehab,0.0,1
PT-103013,71,Male,Other,Medicare,9,2,0,6,5,2.41,1,Home,1.71,1
PT-103014,53,Female,COPD,Medicaid,14,0,0,10,3,2.66,1,Home,1.7,1
PT-103015,51,Male,Pneumonia,Medicaid,9,1,1,5,1,4.74,7,Home,0.64,0
PT-103016,56,Female,Other,Private,3,1,0,4,2,1.57,6,Skilled Nursing,0.65,1
PT-103017,33,Male,Pneumonia,Medicare,4,1,1,8,1,0.56,13,Home Health,0.37,1
PT-103018,61,Female,Diabetes,Medicaid,2,2,1,4,0,6.51,16,Home,1.05,0
PT-103019,72,Male,Diabetes,Private,2,1,0,7,3,5.23,5,Rehab,1.23,1
PT-103020,43,Male,Heart Failure,Private,2,0,0,3,0,5.14,4,Home,0.1,1
PT-103021,27,Female,Kidney Disease,Medicare,3,0,0,4,0,4.12,8,Home,0.0,1
PT-103022,46,Male,Heart Failure,Private,4,0,1,7,2,5.85,13,Home,1.03,0
PT-103023,32,Female,Other,Private,4,0,2,6,0,3.91,8,Home Health,0.0,1
PT-103024,45,Female,Diabetes,Self-pay,7,1,2,8,1,4.29,13,Rehab,0.71,1
PT-103025,63,Male,Heart Failure,Private,5,1,0,8,0,6.01,13,Home Health,0.0,0
PT-103026,26,Female,Pneumonia,Private,6,1,2,5,0,0.26,11,Home,0.48,1
PT-103027,72,Male,Diabetes,Self-pay,7,0,2,4,3,4.87,8,Home,2.08,1
PT-103028,34,Male,Pneumonia,Medicare,3,3,1,5,2,2.03,3,Home,0.9,1
PT-103029,83,Male,Heart Failure,Medicare,4,3,1,7,0,3.82,9,Home,1.98,1
PT-103030,71,Male,Pneumonia,Self-pay,24,0,2,3,1,2.06,5,Skilled Nursing,1.7,1
PT-103031,37,Female,Diabetes,Medicare,3,0,0,2,3,1.45,17,Skilled Nursing,1.39,1
PT-103032,59,Female,Pneumonia,Private,6,1,1,7,2,5.09,13,Rehab,1.0,1
PT-103033,26,Male,Heart Failure,Private,1,0,0,5,3,2.9,7,Home,0.87,1
PT-103034,25,Male,Other,Medicare,7,2,0,3,1,1.33,7,Home,0.0,1
PT-103035,87,Male,Diabetes,Medicare,2,1,0,3,2,4.22,1,Home,2.57,1
PT-103036,76,Female,Pneumonia,Medicare,4,1,2,6,3,1.83,6,Rehab,1.65,1
PT-103037,29,Female,Heart Failure,Self-pay,1,0,0,4,4,3.35,18,Home,0.0,1
PT-103038,38,Male,Pneumonia,Medicare,4,1,1,3,3,3.17,10,Skilled Nursing,0.0,1
PT-103039,32,Male,Heart Failure,Medicaid,4,2,1,7,2,2.18,7,Rehab,0.21,1
PT-103040,46,Male,Diabetes,Private,4,0,3,7,4,5.44,10,Home,1.42,1
PT-103041,39,Male,Pneumonia,Medicare,6,0,1,9,1,2.89,7,Skilled Nursing,0.05,1
PT-103042,41,Male,Other,Medicaid,8,0,4,5,3,3.2,8,Home,0.1,1
PT-103043,56,Female,Pneumonia,Medicare,2,2,1,7,0,3.52,8,Home,0.7,1
PT-103044,31,Female,Diabetes,Medicare,4,0,4,7,1,3.14,17,Home,1.14,1
PT-103045,82,Male,Other,Medicaid,1,3,2,3,1,0.68,1,Home,2.45,1
PT-103046,71,Female,Diabetes,Medicaid,1,1,0,4,3,4.58,4,Rehab,0.0,1
PT-103047,73,Male,Diabetes,Medicaid,5,1,1,9,0,0.95,1,Home,1.53,1
PT-103048,30,Male,COPD,Private,2,1,3,6,0,2.73,6,Home Health,0.39,0
PT-103049,69,Male,Pneumonia,Medicaid,4,1,1,5,1,4.08,7,Home Health,0.48,1
PT-103050,79,Male,Kidney Disease,Private,5,1,1,6,0,2.05,11,Home,1.37,0
PT-103051,30,Female,Diabetes,Private,1,1,2,5,4,3.8,2,Skilled Nursing,1.39,1
PT-103052,72,Male,Heart Failure,Medicaid,5,2,5,5,1,0.29,4,Home,1.72,1
PT-103053,44,Female,Other,Medicare,8,0,1,7,2,1.2,11,Home,1.37,0
PT-103054,75,Female,Kidney Disease,Private,6,0,0,6,3,1.27,10,Home,0.85,1
PT-103055,52,Male,COPD,Private,2,0,1,6,2,2.45,6,Home,1.2,1
PT-103056,76,Female,Diabetes,Medicare,4,1,0,5,1,1.23,1,Home Health,1.3,1
PT-103057,28,Male,Kidney Disease,Medicaid,4,0,1,5,1,1.95,8,Home,0.0,0
PT-103058,46,Male,Pneumonia,Medicare,4,0,0,4,0,0.88,9,Home,0.01,1
PT-103059,37,Female,Diabetes,Medicaid,1,0,1,4,3,4.55,9,Home,0.15,1
PT-103060,36,Male,Heart Failure,Medicare,2,0,1,2,7,5.92,1,Skilled Nursing,0.86,1
PT-103061,40,Male,Other,Private,3,1,2,7,0,4.96,2,Home,0.11,1
PT-103062,45,Male,Pneumonia,Self-pay,5,2,0,4,2,3.23,12,Home,1.21,0
PT-103063,27,Male,Other,Medicare,3,2,1,4,6,1.65,16,Home,0.0,1
PT-103064,69,Male,Other,Private,1,0,1,2,3,0.51,12,Home,1.72,1
PT-103065,58,Male,COPD,Self-pay,3,1,0,6,1,1.56,5,Home,0.0,0
PT-103066,78,Male,Heart Failure,Private,11,1,0,6,1,3.04,6,Home Health,1.16,1
PT-103067,69,Other,Heart Failure,Medicaid,5,0,0,5,2,2.85,3,Home,1.67,1
PT-103068,28,Female,Pneumonia,Private,5,1,0,7,1,2.18,10,Home,0.64,0
PT-103069,23,Male,Diabetes,Medicare,2,0,0,2,3,3.56,14,Home Health,0.29,0
PT-103070,48,Male,COPD,Self-pay,3,1,2,7,5,2.38,12,Home,1.57,1
PT-103071,53,Male,Heart Failure,Private,1,0,0,4,1,2.86,11,Rehab,0.75,1
PT-103072,35,Male,Other,Private,2,0,0,4,2,3.05,4,Rehab,0.19,0
PT-103073,75,Female,Other,Medicaid,5,2,1,7,5,6.6,6,Home,1.67,1
PT-103074,60,Male,Diabetes,Medicaid,5,3,2,5,1,4.69,6,Home,1.13,1
PT-103075,72,Male,Pneumonia,Medicaid,2,2,3,8,3,1.95,12,Home,1.6,0
PT-103076,25,Male,Heart Failure,Medicaid,4,0,0,3,0,0.29,8,Home Health,0.0,0
PT-103077,77,Female,COPD,Medicare,4,0,1,6,4,5.58,13,Home,1.22,0
PT-103078,33,Male,Other,Private,3,2,1,2,1,3.72,10,Home Health,0.0,1
PT-103079,50,Female,Diabetes,Self-pay,5,3,0,6,3,3.78,4,Home,0.59,1
PT-103080,50,Female,Kidney Disease,Medicaid,5,0,2,8,5,3.23,1,Home,1.64,1
PT-103081,77,Female,Kidney Disease,Private,3,1,0,4,2,0.66,18,Home,1.32,0
PT-103082,38,Male,Heart Failure,Medicaid,1,0,1,4,1,1.32,6,Home,0.01,0
PT-103083,35,Male,Diabetes,Medicare,3,0,0,12,3,2.45,9,Home,0.88,1
PT-103084,42,Female,COPD,Private,3,0,1,6,4,1.99,17,Home,0.69,0
PT-103085,44,Female,COPD,Medicaid,2,0,0,7,3,4.13,11,Home,0.82,1
PT-103086,31,Other,Pneumonia,Medicaid,1,0,1,6,5,4.48,3,Skilled Nursing,0.3,1
PT-103087,30,Female,COPD,Medicaid,10,1,2,5,2,5.0,8,Home Health,0.4,1
PT-103088,34,Female,Diabetes,Private,9,1,0,7,4,1.39,15,Home,0.18,1
PT-103089,52,Male,Other,Private,4,3,2,4,5,1.0,10,Skilled Nursing,1.35,1
PT-103090,43,Female,Kidney Disease,Self-pay,5,1,1,2,3,2.07,25,Home,0.4,1
PT-103091,46,Male,Pneumonia,Private,5,0,0,2,0,1.52,1,Rehab,0.0,0
PT-103092,70,Female,Diabetes,Self-pay,4,1,1,6,3,3.27,6,Home Health,1.5,1
PT-103093,35,Female,Heart Failure,Medicaid,5,0,1,6,2,4.34,1,Home,0.46,0
PT-103094,84,Male,Heart Failure,Private,6,1,2,5,1,3.41,12,Home,1.29,0
PT-103095,72,Female,Other,Private,4,1,0,3,6,0.5,2,Skilled Nursing,1.59,1
PT-103096,30,Male,Diabetes,Medicaid,7,0,2,6,0,1.29,4,Home,0.12,1
PT-103097,40,Female,Other,Medicare,2,0,3,8,4,3.47,5,Home,1.31,0
PT-103098,31,Male,Pneumonia,Private,4,1,1,10,2,4.25,9,Home,0.0,1
PT-103099,37,Female,COPD,Private,19,1,0,3,0,2.37,7,Home Health,1.33,1
PT-103100,44,Male,Other,Medicaid,8,0,0,4,1,1.43,13,Skilled Nursing,1.08,0
PT-103101,27,Male,Kidney Disease,Medicaid,5,1,2,5,5,1.29,3,Home,0.63,1
PT-103102,19,Male,Other,Medicare,2,0,1,3,0,0.44,10,Skilled Nursing,0.0,0
PT-103103,50,Female,Other,Medicaid,4,1,1,5,0,1.22,7,Skilled Nursing,0.89,1
PT-103104,69,Female,Pneumonia,Private,7,0,0,5,1,3.32,1,Home,0.49,0
PT-103105,40,Female,Other,Medicaid,6,0,1,5,5,4.45,14,Home Health,1.0,1
PT-103106,80,Male,Diabetes,Medicare,1,3,2,5,1,1.55,4,Home,1.37,0
PT-103107,44,Female,Other,Medicaid,1,3,1,12,5,5.48,9,Home,0.09,1
PT-103108,83,Male,Other,Private,1,0,0,4,0,1.43,3,Home,0.86,1
PT-103109,35,Female,Diabetes,Private,5,2,0,7,6,4.11,22,Rehab,1.46,1
PT-103110,57,Female,Other,Medicaid,1,2,2,3,4,0.91,16,Home,1.13,0
PT-103111,73,Male,Diabetes,Medicare,2,1,1,8,3,3.67,6,Home Health,1.9,1
PT-103112,22,Male,Diabetes,Medicaid,4,4,1,4,2,5.3,9,Home,0.47,0
PT-103113,85,Male,Pneumonia,Private,8,1,0,6,1,1.0,9,Home,1.01,1
PT-103114,44,Male,Other,Private,6,0,0,2,1,2.71,1,Rehab,0.92,0
PT-103115,54,Male,Other,Private,3,1,1,7,3,0.88,11,Skilled Nursing,1.42,0
PT-103116,63,Female,Other,Medicaid,7,1,1,4,1,3.51,8,Home Health,0.89,1
PT-103117,64,Male,Kidney Disease,Private,14,0,0,4,2,5.64,13,Home,0.63,1
PT-103118,19,Male,Pneumonia,Private,4,0,2,3,1,1.54,7,Home,0.0,1
PT-103119,81,Male,Diabetes,Private,1,0,1,5,3,3.77,2,Rehab,1.24,1
PT-103120,63,Male,Kidney Disease,Private,2,0,1,5,1,0.7,4,Home,0.87,0
PT-103121,90,Female,COPD,Private,2,0,1,6,2,1.78,2,Home,2.32,1
PT-103122,52,Female,Heart Failure,Private,2,1,2,5,1,4.73,9,Home Health,1.29,0
PT-103123,62,Male,Heart Failure,Private,3,1,1,7,1,1.89,12,Home,1.41,0
PT-103124,50,Male,Heart Failure,Medicare,5,4,1,1,4,1.26,1,Home,1.54,1
PT-103125,82,Female,Kidney Disease,Private,1,0,3,3,2,5.1,10,Home,1.47,0
PT-103126,78,Female,Heart Failure,Private,1,1,1,6,2,1.01,12,Home,2.05,1
PT-103127,84,Female,Heart Failure,Private,6,2,0,5,0,4.13,10,Home,1.13,1
PT-103128,54,Male,Kidney Disease,Private,3,1,2,5,4,2.63,1,Home Health,0.8,1
PT-103129,75,Male,Diabetes,Private,2,1,1,3,2,4.43,16,Home,1.64,0
PT-103130,44,Male,Diabetes,Private,3,1,0,10,2,0.9,10,Home,1.69,1
PT-103131,51,Female,Pneumonia,Self-pay,9,0,1,4,1,3.66,1,Home,0.76,1
PT-103132,73,Female,Kidney Disease,Private,6,2,0,2,3,3.11,5,Home,2.15,1
PT-103133,23,Male,Pneumonia,Medicare,6,0,0,6,1,3.02,5,Home,0.0,0
PT-103134,69,Female,Heart Failure,Medicare,11,0,1,4,4,3.09,7,Home,1.78,1
PT-103135,19,Female,COPD,Private,5,2,2,5,0,1.56,15,Home,0.32,1
PT-103136,60,Female,Pneumonia,Medicare,12,0,3,4,2,1.19,9,Rehab,1.75,1
PT-103137,52,Male,Diabetes,Private,12,1,0,8,1,1.04,7,Home,0.85,1
PT-103138,52,Male,COPD,Private,1,0,0,2,1,4.67,16,Home,0.28,0
PT-103139,54,Male,Other,Private,1,1,3,5,0,2.42,10,Rehab,0.17,1
PT-103140,53,Female,Heart Failure,Medicare,2,1,2,5,2,1.44,19,Home,0.81,0
PT-103141,47,Female,Other,Medicare,9,1,0,2,2,4.7,9,Home,1.71,1
PT-103142,50,Male,Diabetes,Private,3,0,0,8,2,2.58,16,Home Health,0.55,1
PT-103143,59,Male,Heart Failure,Private,3,1,1,4,1,2.11,1,Home,2.17,0
PT-103144,73,Male,Diabetes,Medicare,7,1,2,4,1,3.59,12,Skilled Nursing,1.45,0
PT-103145,58,Female,Other,Private,3,1,3,6,2,4.4,7,Rehab,1.51,1
PT-103146,64,Female,Other,Self-pay,5,0,2,2,1,1.86,9,Home Health,2.18,1
PT-103147,79,Female,Heart Failure,Private,6,1,1,5,4,1.4,10,Home Health,1.89,1
PT-103148,90,Male,Other,Medicare,2,2,0,8,4,2.5,11,Home Health,2.95,1
PT-103149,25,Female,COPD,Private,2,1,1,5,2,2.43,16,Home Health,0.19,1
PT-103150,70,Female,Diabetes,Private,4,2,2,6,0,4.64,11,Skilled Nursing,1.15,0
PT-103151,34,Male,Pneumonia,Private,4,0,0,3,2,0.91,8,Home,0.39,0
PT-103152,32,Male,Other,Private,7,0,0,6,0,2.45,11,Home,0.0,0
PT-103153,75,Female,Other,Private,2,1,0,7,1,0.7,4,Home,0.83,0
PT-103154,23,Male,Diabetes,Medicare,2,1,0,5,3,4.03,18,Home,0.0,1
PT-103155,79,Female,Other,Private,12,2,1,2,0,0.36,5,Home,1.67,1
PT-103156,74,Female,Diabetes,Medicare,8,0,2,7,3,1.85,12,Home Health,1.92,1
PT-103157,90,Male,Diabetes,Medicare,4,1,1,9,3,2.11,14,Home,1.66,1
PT-103158,66,Female,Kidney Disease,Private,8,3,0,5,1,6.95,11,Home,2.6,1
PT-103159,81,Female,Kidney Disease,Private,2,2,0,6,1,5.11,5,Home,0.69,0
PT-103160,26,Male,Other,Medicare,3,0,0,4,2,3.54,5,Home,0.0,0
PT-103161,82,Female,Other,Private,4,0,2,3,3,2.28,14,Home,2.07,1
PT-103162,29,Male,Other,Medicare,3,1,3,8,2,4.4,10,Home,0.18,0
PT-103163,40,Female,Diabetes,Medicaid,3,0,1,4,1,4.86,6,Home Health,0.0,0
PT-103164,27,Female,COPD,Private,6,1,1,2,1,3.8,4,Home,0.45,0
PT-103165,47,Male,Pneumonia,Private,8,3,0,6,4,4.72,5,Home,1.35,1
PT-103166,72,Female,Other,Medicaid,3,1,3,5,1,2.94,9,Home,1.44,1
PT-103167,37,Female,Pneumonia,Medicaid,1,3,0,6,2,1.9,20,Home,0.49,1
PT-103168,78,Male,Heart Failure,Private,1,0,0,4,2,1.98,2,Home,1.32,1
PT-103169,62,Female,Pneumonia,Medicaid,1,0,4,3,0,2.21,1,Home,1.73,0
PT-103170,63,Male,Diabetes,Medicare,11,0,1,9,3,1.24,8,Home,1.92,1
PT-103171,86,Male,Other,Medicare,6,0,0,8,3,6.21,5,Home Health,2.15,1
PT-103172,49,Female,Other,Medicaid,5,0,1,10,1,0.61,6,Home,1.22,1
PT-103173,43,Male,Pneumonia,Private,2,0,2,4,1,1.99,2,Skilled Nursing,0.43,1
PT-103174,90,Male,Heart Failure,Medicare,2,3,2,7,2,1.58,14,Home,2.12,1
PT-103175,58,Female,Other,Private,8,0,2,6,1,1.85,6,Home,0.0,1
PT-103176,62,Male,Other,Private,1,0,0,8,0,0.55,10,Home,2.0,0
PT-103177,39,Female,COPD,Medicare,3,1,0,2,2,2.77,16,Home,0.51,1
PT-103178,33,Female,Other,Self-pay,9,1,0,8,2,3.66,7,Home,1.11,1
PT-103179,30,Female,Other,Medicare,3,0,1,4,0,3.41,4,Home,0.49,0
PT-103180,34,Male,Kidney Disease,Private,6,0,1,7,3,4.48,7,Rehab,0.92,1
PT-103181,32,Male,Diabetes,Private,4,1,0,5,3,4.97,8,Home,0.29,1
PT-103182,72,Male,Kidney Disease,Private,1,1,1,3,1,2.53,11,Home Health,1.85,1
PT-103183,22,Female,Heart Failure,Self-pay,4,0,1,4,1,2.8,8,Home,0.38,0
PT-103184,63,Male,Diabetes,Private,4,0,0,0,0,2.06,8,Home,0.28,1
PT-103185,87,Male,Other,Medicaid,3,2,4,4,1,2.52,6,Skilled Nursing,1.91,1
PT-103186,73,Male,Other,Medicare,1,2,0,3,1,3.05,9,Home Health,1.31,0
PT-103187,47,Male,Pneumonia,Medicare,3,2,3,8,1,2.11,10,Home,0.56,1
PT-103188,22,Female,Pneumonia,Medicare,1,0,1,6,3,4.72,11,Home,0.0,0
PT-103189,78,Male,Kidney Disease,Private,3,1,1,7,2,5.4,1,Skilled Nursing,1.03,1
PT-103190,18,Female,Pneumonia,Private,6,0,1,4,3,3.69,2,Home,0.45,1
PT-103191,67,Male,Kidney Disease,Private,11,0,1,5,5,1.65,1,Home,1.51,1
PT-103192,66,Male,Other,Private,10,0,0,6,0,1.94,13,Home,1.36,0
PT-103193,32,Female,Kidney Disease,Private,2,1,1,7,2,6.31,2,Skilled Nursing,0.25,1
PT-103194,72,Female,Diabetes,Private,1,1,0,5,4,2.34,6,Home,1.4,0
PT-103195,30,Female,Diabetes,Self-pay,4,0,3,9,2,2.44,8,Home,0.0,1
PT-103196,34,Male,Other,Medicaid,4,1,1,5,3,4.04,1,Home,0.23,1
PT-103197,77,Female,Heart Failure,Private,6,0,1,8,5,4.91,5,Home,1.76,0
PT-103198,89,Female,Other,Private,2,2,2,9,2,1.78,21,Home,1.04,1
PT-103199,37,Female,Diabetes,Private,4,0,2,3,3,5.62,8,Home,0.7,1
PT-103200,85,Male,Kidney Disease,Medicaid,4,0,2,6,3,0.51,17,Home Health,1.74,0
PT-103201,84,Male,Pneumonia,Medicare,3,1,2,2,2,0.84,6,Home,0.92,1
PT-103202,74,Female,Diabetes,Private,1,2,0,4,2,5.72,11,Home,1.32,0
PT-103203,28,Male,Other,Private,6,3,2,6,2,6.28,6,Home,0.0,0
PT-103204,39,Female,Heart Failure,Medicaid,4,0,2,3,3,2.46,9,Home Health,0.4,1
PT-103205,67,Female,COPD,Private,7,1,0,2,2,2.0,12,Rehab,1.35,1
PT-103206,90,Female,Diabetes,Medicaid,8,0,1,3,4,2.81,6,Home,2.54,1
PT-103207,77,Female,Pneumonia,Medicaid,4,1,1,6,5,2.57,11,Skilled Nursing,3.13,1
PT-103208,48,Male,Pneumonia,Medicare,6,0,0,6,5,1.75,6,Home,1.13,1
PT-103209,35,Male,Diabetes,Self-pay,11,1,1,4,2,4.06,9,Rehab,0.81,0
PT-103210,88,Male,Diabetes,Private,13,1,2,1,2,2.21,13,Home Health,1.29,1
PT-103211,38,Female,Diabetes,Medicare,5,3,0,9,3,2.74,15,Home Health,0.67,1
PT-103212,42,Male,Heart Failure,Private,5,1,0,2,1,4.52,13,Home,0.29,1
PT-103213,88,Male,Kidney Disease,Private,5,1,1,2,2,2.4,8,Rehab,0.96,1
PT-103214,59,Male,Diabetes,Private,6,0,0,4,0,3.28,14,Home,1.67,1
PT-103215,37,Female,Pneumonia,Private,8,1,0,8,2,4.35,13,Skilled Nursing,0.81,1
PT-103216,18,Male,Heart Failure,Medicaid,5,0,1,2,1,3.93,6,Home Health,0.16,0
PT-103217,49,Female,Diabetes,Medicare,13,0,1,2,3,1.73,3,Home,1.94,1
PT-103218,89,Female,Other,Medicare,12,0,1,3,1,2.9,1,Home,1.17,1
PT-103219,49,Female,Diabetes,Private,4,2,0,4,0,5.34,17,Home,0.0,1
PT-103220,69,Male,Other,Medicaid,4,2,1,3,2,2.75,1,Home,2.08,1
PT-103221,36,Male,Other,Medicare,3,1,2,8,3,4.07,7,Home,0.1,1
PT-103222,74,Female,Heart Failure,Medicaid,6,0,2,4,2,1.29,10,Home,1.81,1
PT-103223,74,Male,Other,Self-pay,3,2,1,8,2,1.86,2,Home,1.62,1
PT-103224,62,Male,Heart Failure,Medicare,3,0,0,4,4,1.39,16,Home Health,2.2,0
PT-103225,74,Other,Kidney Disease,Medicare,6,1,1,6,2,2.61,20,Home,2.24,1
PT-103226,60,Female,Diabetes,Private,2,1,1,5,3,1.1,9,Home,1.89,1
PT-103227,45,Female,Diabetes,Self-pay,8,2,0,5,0,1.3,7,Home Health,0.0,0
PT-103228,71,Female,Diabetes,Private,6,2,2,4,3,2.0,4,Home,1.97,0
PT-103229,78,Female,Kidney Disease,Private,11,0,2,5,0,5.03,10,Rehab,2.04,1
PT-103230,79,Female,Heart Failure,Medicare,5,1,2,6,0,5.92,1,Home,1.42,1
PT-103231,33,Female,Pneumonia,Private,7,0,2,7,2,4.02,8,Home Health,0.16,1
PT-103232,67,Female,COPD,Private,7,2,1,8,0,3.62,12,Home,1.15,1
PT-103233,18,Male,Pneumonia,Medicaid,9,1,2,11,1,2.63,5,Home,0.56,1
PT-103234,59,Male,Other,Private,5,1,0,6,1,3.66,9,Home Health,0.32,1
PT-103235,59,Female,Heart Failure,Medicare,3,0,1,4,1,5.46,10,Home,1.74,0
PT-103236,44,Female,Pneumonia,Medicare,5,2,3,4,2,2.24,10,Home,0.0,1
PT-103237,90,Female,Kidney Disease,Self-pay,8,2,0,2,4,1.91,6,Home Health,1.84,1
PT-103238,82,Female,Diabetes,Private,8,0,1,5,2,5.92,11,Home,1.07,1
PT-103239,20,Male,Diabetes,Private,1,0,0,4,0,4.27,4,Home Health,0.0,0
PT-103240,33,Male,Other,Medicaid,20,1,0,6,2,0.65,3,Home,0.59,1
PT-103241,33,Male,Heart Failure,Medicare,3,0,2,5,4,7.29,5,Home,1.2,1
PT-103242,83,Male,Heart Failure,Medicare,7,0,3,5,1,0.58,9,Home,1.55,1
PT-103243,55,Male,Pneumonia,Private,10,1,0,5,6,4.71,1,Rehab,1.65,1
PT-103244,71,Female,Other,Private,4,1,0,3,3,3.22,2,Home,1.35,1
PT-103245,77,Male,Other,Medicare,9,0,2,4,4,1.33,2,Home,1.67,1
PT-103246,74,Female,Pneumonia,Private,1,0,0,5,0,0.3,9,Home Health,1.13,1
PT-103247,24,Male,Pneumonia,Self-pay,9,2,2,5,1,3.46,4,Skilled Nursing,0.0,1
PT-103248,28,Male,Other,Medicaid,8,1,3,6,2,2.92,2,Home Health,0.0,1
PT-103249,46,Male,Other,Private,5,1,3,5,0,2.33,1,Home,0.09,1
PT-103250,42,Female,Other,Private,8,3,0,5,1,4.89,3,Home Health,0.91,1
PT-103251,72,Male,Heart Failure,Self-pay,12,1,0,4,2,5.82,5,Home,1.65,1
PT-103252,29,Female,Kidney Disease,Private,10,1,0,4,2,4.36,2,Home,0.56,0
PT-103253,45,Male,COPD,Private,4,1,1,6,1,1.97,9,Skilled Nursing,0.62,1
PT-103254,35,Male,Diabetes,Medicare,5,1,2,4,3,3.65,7,Home,0.83,0
PT-103255,31,Male,COPD,Private,4,1,0,2,1,0.53,14,Skilled Nursing,0.0,0
PT-103256,30,Male,Other,Self-pay,3,0,0,3,5,0.57,16,Home Health,0.42,1
PT-103257,32,Female,COPD,Private,7,0,0,7,2,1.14,7,Home Health,0.55,0
PT-103258,59,Female,COPD,Private,3,2,1,8,3,3.29,10,Home,0.83,1
PT-103259,47,Male,Kidney Disease,Private,7,2,0,7,3,2.98,11,Home Health,1.22,1
PT-103260,49,Male,Heart Failure,Private,4,1,0,6,2,1.37,8,Home Health,1.35,0
PT-103261,52,Male,Other,Private,4,1,3,3,0,7.01,4,Home Health,0.86,1
PT-103262,72,Male,COPD,Medicare,2,2,0,0,0,3.54,10,Home Health,1.88,1
PT-103263,80,Male,Heart Failure,Private,7,1,1,3,4,1.09,2,Rehab,1.82,0
PT-103264,56,Female,COPD,Private,1,0,0,8,3,2.27,10,Home Health,1.43,1
PT-103265,64,Female,Diabetes,Medicare,9,3,2,2,2,5.24,7,Skilled Nursing,1.11,1
PT-103266,71,Female,Diabetes,Private,16,0,1,4,2,1.24,9,Home,1.81,1
PT-103267,68,Female,Kidney Disease,Private,4,0,0,2,1,1.89,9,Home,1.36,0
PT-103268,27,Male,Diabetes,Private,4,1,0,4,1,2.93,15,Home,0.61,1
PT-103269,89,Male,Diabetes,Private,1,0,0,2,3,2.96,4,Home,1.97,1
PT-103270,30,Male,Other,Private,3,0,2,4,2,0.49,12,Home,1.06,0
PT-103271,48,Female,COPD,Private,8,0,2,3,2,2.06,8,Home,1.25,1
PT-103272,65,Male,Other,Medicare,9,0,0,6,0,3.11,15,Home Health,1.09,1
PT-103273,47,Male,Other,Medicaid,5,0,0,6,2,1.25,1,Home Health,0.74,0
PT-103274,35,Male,Kidney Disease,Medicare,7,0,1,4,1,2.28,7,Home,0.07,0
PT-103275,85,Female,Kidney Disease,Private,2,1,0,2,2,1.33,10,Home,1.48,0
PT-103276,23,Female,Heart Failure,Private,6,0,1,10,2,0.86,8,Rehab,0.07,1
PT-103277,35,Female,Diabetes,Medicare,11,1,1,8,0,2.24,1,Home Health,0.59,1
PT-103278,90,Female,Diabetes,Private,6,0,2,6,2,3.65,5,Home,1.79,1
PT-103279,71,Female,Diabetes,Private,12,0,0,3,4,1.93,4,Home,1.0,1
PT-103280,24,Male,Heart Failure,Private,12,1,2,3,1,1.35,17,Home Health,0.98,0
PT-103281,73,Female,Heart Failure,Private,6,0,1,9,2,2.36,9,Home,0.33,0
PT-103282,88,Male,COPD,Self-pay,1,1,0,6,1,0.42,3,Rehab,1.12,0
PT-103283,25,Female,Other,Medicare,8,2,1,5,2,2.41,12,Skilled Nursing,1.04,1
PT-103284,48,Female,Diabetes,Medicare,1,0,1,1,3,4.75,6,Home,0.33,0
PT-103285,52,Female,COPD,Medicaid,1,3,1,6,3,1.24,14,Home Health,1.54,1
PT-103286,27,Female,Heart Failure,Self-pay,1,0,2,2,2,3.48,4,Skilled Nursing,0.26,0
PT-103287,32,Female,Heart Failure,Medicaid,9,0,0,4,1,2.52,3,Home,0.59,0
PT-103288,30,Male,Pneumonia,Medicare,6,0,2,5,1,0.85,5,Rehab,0.06,0
PT-103289,31,Female,Other,Medicaid,5,1,1,5,1,3.27,10,Rehab,0.16,0
PT-103290,47,Female,Diabetes,Self-pay,6,1,0,4,3,2.15,10,Home,1.21,1
PT-103291,51,Female,Diabetes,Private,1,2,0,3,1,0.47,15,Home Health,0.74,0
PT-103292,35,Female,Pneumonia,Medicare,4,0,0,7,3,2.38,18,Home,0.22,1
PT-103293,39,Male,Diabetes,Medicaid,2,1,1,1,1,4.55,11,Home,0.38,1
PT-103294,32,Male,Diabetes,Private,5,1,0,7,4,1.07,5,Home,0.43,1
PT-103295,76,Female,Diabetes,Self-pay,5,1,2,3,1,4.66,13,Home Health,0.82,0
PT-103296,33,Male,COPD,Private,6,0,0,4,3,2.79,8,Home Health,0.5,0
PT-103297,84,Female,Pneumonia,Medicare,7,2,0,5,3,3.13,8,Home,2.25,0
PT-103298,57,Female,Diabetes,Medicare,1,0,1,2,5,5.99,8,Home,1.14,1
PT-103299,76,Female,Other,Private,4,1,0,6,0,4.14,3,Rehab,1.17,1
PT-103300,64,Male,COPD,Private,4,0,3,6,1,1.75,4,Home,1.25,1
PT-103301,37,Male,Kidney Disease,Medicare,1,0,1,1,5,3.29,2,Home,0.14,1
PT-103302,61,Female,COPD,Medicare,1,1,1,3,0,1.75,1,Home Health,0.0,0
PT-103303,38,Female,Diabetes,Medicaid,1,0,4,5,1,2.08,9,Home,0.87,0
PT-103304,26,Female,Pneumonia,Private,1,0,1,8,3,0.41,15,Home,0.47,0
PT-103305,36,Male,Other,Medicare,7,0,1,1,3,4.61,10,Home,0.0,0
PT-103306,38,Male,COPD,Private,1,1,0,3,4,7.35,11,Home,0.52,0
PT-103307,27,Male,Pneumonia,Private,1,1,0,3,3,2.79,18,Skilled Nursing,0.22,1
PT-103308,19,Female,COPD,Medicaid,4,1,1,7,1,1.12,3,Home,0.0,1
PT-103309,86,Male,COPD,Medicare,6,2,1,6,1,4.43,16,Rehab,1.32,0
PT-103310,55,Female,Diabetes,Medicare,4,1,1,5,2,3.23,14,Home,0.93,1
PT-103311,47,Female,Pneumonia,Private,2,2,0,2,1,1.78,8,Home Health,0.24,0
PT-103312,85,Female,Heart Failure,Private,1,1,1,6,3,2.83,2,Home,1.69,1
PT-103313,34,Male,Other,Private,4,1,1,5,2,1.43,10,Rehab,0.0,0
PT-103314,47,Other,Other,Private,4,1,2,4,2,3.89,20,Home Health,1.05,1
PT-103315,79,Female,COPD,Private,3,0,1,5,1,2.03,13,Home,2.16,0
PT-103316,64,Female,Diabetes,Medicaid,7,1,1,8,2,0.97,4,Skilled Nursing,1.29,0
PT-103317,47,Female,Heart Failure,Medicaid,4,0,0,6,1,3.84,12,Home,0.9,0
PT-103318,36,Male,Heart Failure,Private,1,0,0,2,3,2.26,7,Home,0.26,0
PT-103319,20,Female,Kidney Disease,Medicare,3,2,1,4,0,5.04,11,Home,0.7,0
PT-103320,24,Male,Heart Failure,Medicaid,6,1,1,9,3,1.49,3,Home,0.0,1
PT-103321,29,Male,COPD,Medicare,3,0,4,7,1,3.3,11,Skilled Nursing,0.0,1
PT-103322,75,Male,Heart Failure,Private,6,0,0,9,3,3.04,6,Home,0.78,1
PT-103323,64,Female,Heart Failure,Medicare,7,2,0,5,0,1.34,1,Rehab,0.66,0
PT-103324,49,Female,Other,Medicaid,4,0,1,7,1,2.07,8,Home Health,0.72,1
PT-103325,75,Female,Pneumonia,Medicaid,4,1,2,8,1,2.25,4,Home,1.24,0
PT-103326,29,Female,Pneumonia,Medicaid,3,1,3,8,4,2.47,2,Home,1.56,0
PT-103327,33,Male,Other,Medicare,6,0,0,5,2,2.15,1,Rehab,0.48,0
PT-103328,46,Female,COPD,Medicaid,3,1,1,7,0,2.51,5,Rehab,0.55,0
PT-103329,84,Male,Pneumonia,Private,6,1,2,8,2,4.03,6,Home,1.85,1
PT-103330,62,Male,Heart Failure,Private,5,2,0,5,2,6.49,9,Skilled Nursing,1.84,1
PT-103331,80,Male,Other,Private,1,0,0,7,2,1.75,5,Home,0.54,1
PT-103332,36,Male,COPD,Medicaid,6,1,1,9,5,2.78,4,Home,1.16,1
PT-103333,79,Female,Diabetes,Private,4,1,0,6,3,4.56,5,Home,1.15,1
PT-103334,23,Female,Other,Medicaid,9,1,1,5,3,4.01,8,Home,0.57,1
PT-103335,34,Male,Pneumonia,Medicaid,1,0,1,6,2,1.33,7,Home,0.1,0
PT-103336,56,Female,Other,Medicaid,5,2,1,0,1,0.84,8,Home,1.03,1
PT-103337,21,Male,Pneumonia,Private,3,0,1,1,5,2.43,3,Rehab,0.55,0
PT-103338,80,Female,COPD,Private,1,0,2,4,1,1.78,1,Home,1.81,1
PT-103339,81,Male,Kidney Disease,Medicare,1,0,2,1,3,3.29,11,Home Health,1.83,1
PT-103340,57,Female,Heart Failure,Medicare,11,1,0,0,2,2.42,10,Home,1.25,1
PT-103341,40,Female,Other,Private,5,3,2,3,1,2.48,1,Home,0.94,1
PT-103342,25,Male,Other,Medicare,3,0,0,6,3,2.32,9,Home,0.14,0
PT-103343,63,Male,Other,Medicare,1,1,0,5,1,2.07,7,Home,1.2,1
PT-103344,57,Female,Other,Medicare,10,0,1,7,4,4.85,1,Home Health,1.9,1
PT-103345,73,Female,Diabetes,Private,2,2,3,3,2,3.35,16,Home,2.4,0
PT-103346,61,Female,COPD,Private,5,0,1,1,1,0.97,1,Home,1.55,0
PT-103347,27,Female,COPD,Private,4,0,0,6,1,1.76,12,Rehab,0.77,1
PT-103348,26,Female,COPD,Self-pay,13,1,1,7,4,3.27,3,Rehab,0.27,1
PT-103349,75,Female,Other,Medicare,4,2,0,2,3,1.61,2,Home,2.05,1
PT-103350,29,Female,COPD,Private,3,3,3,3,2,2.38,8,Home,0.61,0
PT-103351,86,Female,Diabetes,Medicare,5,0,2,12,1,1.86,3,Home,1.22,1
PT-103352,25,Male,Heart Failure,Medicare,5,3,1,4,2,1.81,14,Rehab,0.06,1
PT-103353,71,Male,Heart Failure,Private,19,1,2,11,2,3.23,13,Home,2.4,1
PT-103354,89,Female,Other,Private,4,0,1,4,4,1.44,6,Home Health,2.42,1
PT-103355,50,Female,Kidney Disease,Self-pay,1,0,3,2,3,2.76,9,Rehab,0.29,1
PT-103356,22,Other,Kidney Disease,Self-pay,3,0,1,4,0,0.5,11,Skilled Nursing,0.0,0
PT-103357,81,Male,Pneumonia,Private,5,1,2,6,1,0.69,2,Home Health,0.93,0
PT-103358,31,Female,Heart Failure,Private,6,1,1,2,0,4.68,15,Home Health,0.03,0
PT-103359,56,Female,Heart Failure,Medicare,1,0,0,6,3,3.34,5,Home Health,0.54,0
PT-103360,89,Male,Diabetes,Medicaid,3,1,3,6,2,2.73,7,Home,1.84,1
PT-103361,72,Male,Diabetes,Private,13,0,1,5,3,2.08,7,Home,2.07,1
PT-103362,21,Male,COPD,Private,2,1,1,1,2,4.21,5,Home,0.0,1
PT-103363,77,Female,Pneumonia,Medicare,7,0,1,7,4,2.79,5,Home,1.22,1
PT-103364,29,Male,Diabetes,Private,3,1,0,5,1,3.07,10,Home,0.14,0
PT-103365,72,Female,Diabetes,Private,4,0,1,7,2,4.82,10,Home,1.31,1
PT-103366,63,Female,Diabetes,Private,1,1,1,1,3,6.47,2,Home,0.55,0
PT-103367,39,Male,Pneumonia,Medicare,3,2,0,3,1,0.75,7,Home,0.73,1
PT-103368,48,Female,Heart Failure,Medicare,5,1,2,6,4,0.89,3,Rehab,0.6,1
PT-103369,26,Male,COPD,Medicare,4,0,0,7,1,2.5,3,Home Health,0.7,0
PT-103370,90,Male,Kidney Disease,Medicare,4,2,3,8,1,2.82,16,Home,2.26,1
PT-103371,35,Female,COPD,Medicare,6,0,3,4,1,4.5,6,Rehab,1.05,1
PT-103372,40,Female,Heart Failure,Medicaid,1,0,0,6,4,1.47,2,Home,0.47,0
PT-103373,54,Male,Heart Failure,Medicaid,5,1,1,8,0,3.62,10,Skilled Nursing,1.53,1
PT-103374,67,Female,Pneumonia,Private,1,1,3,5,3,2.25,6,Home,1.6,1
PT-103375,54,Female,Heart Failure,Private,9,0,1,4,3,3.47,8,Home,1.58,1
PT-103376,54,Male,Heart Failure,Medicare,4,2,2,7,2,1.77,3,Home,1.57,1
PT-103377,60,Male,Pneumonia,Private,7,1,1,2,5,2.12,8,Skilled Nursing,1.87,1
PT-103378,80,Female,Diabetes,Private,1,1,1,6,2,0.62,12,Home,0.91,0
PT-103379,46,Male,Other,Self-pay,6,2,0,5,3,4.82,12,Home,0.76,0
PT-103380,78,Female,COPD,Medicaid,2,0,1,8,3,4.12,14,Home,1.61,1
PT-103381,75,Male,Other,Private,4,1,0,5,2,0.87,6,Home Health,1.03,1
PT-103382,88,Female,Heart Failure,Medicare,6,1,1,4,1,5.1,5,Home,1.97,1
PT-103383,84,Male,Diabetes,Medicare,4,1,0,2,4,2.37,8,Rehab,1.45,1
PT-103384,76,Female,Diabetes,Private,6,1,1,6,1,1.85,7,Home,1.75,1
PT-103385,36,Female,Diabetes,Medicare,3,1,1,7,3,1.3,6,Home,1.13,1
PT-103386,74,Female,Other,Private,9,0,1,5,1,3.29,3,Home,2.46,1
PT-103387,71,Male,Kidney Disease,Private,4,1,1,2,1,2.38,18,Home,1.17,0
PT-103388,39,Male,Other,Private,4,2,0,4,1,1.17,9,Rehab,0.63,0
PT-103389,67,Male,Heart Failure,Medicare,4,2,1,8,2,0.73,1,Home,1.2,1
PT-103390,36,Male,Diabetes,Medicare,4,1,3,3,1,2.59,8,Home,0.86,1
PT-103391,56,Female,Pneumonia,Medicare,1,0,1,5,2,2.56,12,Home,0.82,1
PT-103392,76,Male,Pneumonia,Medicare,2,1,2,7,5,0.97,20,Home,1.59,1
PT-103393,31,Male,Heart Failure,Medicaid,8,2,2,5,0,3.06,9,Home,1.4,1
PT-103394,42,Male,Heart Failure,Medicare,7,2,2,5,1,2.71,12,Home,1.18,1
PT-103395,76,Female,Other,Medicare,7,2,0,6,3,4.71,10,Home Health,1.05,1
PT-103396,51,Male,Diabetes,Self-pay,6,0,0,9,0,3.35,5,Home Health,0.39,1
PT-103397,88,Female,COPD,Medicare,3,1,2,8,4,0.73,10,Home Health,2.13,0
PT-103398,18,Male,Heart Failure,Private,2,0,2,6,3,3.64,7,Home,0.22,1
PT-103399,70,Male,Other,Medicaid,4,0,1,3,5,0.66,4,Home,0.72,1
PT-103400,77,Male,Pneumonia,Private,8,0,0,3,4,0.72,9,Skilled Nursing,1.62,1
PT-103401,85,Female,Kidney Disease,Private,5,0,0,5,2,1.71,9,Home,2.42,0
PT-103402,29,Female,Kidney Disease,Medicaid,2,2,2,6,0,2.48,12,Home Health,0.61,1
PT-103403,89,Female,Pneumonia,Medicare,1,3,1,9,0,2.33,13,Home,2.06,1
PT-103404,46,Female,Heart Failure,Medicare,7,0,0,7,2,4.77,1,Home Health,0.0,1
PT-103405,43,Female,Diabetes,Private,10,1,3,6,2,4.97,3,Home,0.0,1
PT-103406,43,Female,Pneumonia,Medicare,1,1,0,1,1,6.11,15,Home Health,0.36,1
PT-103407,64,Female,Other,Medicaid,7,2,1,5,2,1.66,5,Home,0.9,1
PT-103408,66,Female,Other,Private,5,2,0,6,1,0.94,3,Home,0.95,1
PT-103409,52,Female,Pneumonia,Private,2,1,2,2,4,3.24,1,Home,0.77,1
PT-103410,23,Male,Other,Medicare,5,0,1,6,3,2.58,14,Home,0.28,1
PT-103411,90,Male,Heart Failure,Medicare,2,1,1,2,1,4.25,7,Home Health,1.43,1
PT-103412,34,Male,Heart Failure,Medicaid,3,1,3,10,3,0.91,2,Home Health,1.34,1
PT-103413,24,Male,COPD,Private,4,0,2,7,1,2.1,4,Skilled Nursing,0.0,0
PT-103414,61,Female,Heart Failure,Medicare,9,0,0,1,1,1.72,3,Home,1.28,1
PT-103415,48,Female,Kidney Disease,Private,3,0,2,5,4,5.7,18,Skilled Nursing,0.81,1
PT-103416,62,Female,Kidney Disease,Medicare,2,1,2,4,0,2.93,11,Home,1.08,1
PT-103417,81,Female,COPD,Private,5,0,1,6,1,2.18,10,Home,1.65,0
PT-103418,25,Female,Heart Failure,Private,6,1,1,6,1,8.07,10,Home,0.0,1
PT-103419,38,Female,Other,Private,2,1,2,0,1,1.4,15,Home,0.35,0
PT-103420,55,Male,Diabetes,Medicare,2,1,0,3,3,2.44,19,Home Health,1.23,1
PT-103421,75,Male,Heart Failure,Medicaid,2,1,1,8,0,2.85,9,Home,0.87,1
PT-103422,61,Female,Heart Failure,Medicaid,9,0,1,4,3,1.93,6,Home,1.59,1
PT-103423,45,Female,Kidney Disease,Self-pay,6,0,1,6,1,2.25,17,Home,1.06,0
PT-103424,62,Female,Diabetes,Private,3,0,4,3,0,0.42,5,Home,0.24,1
PT-103425,89,Female,Diabetes,Private,8,1,1,3,3,4.82,13,Home,1.55,1
PT-103426,53,Male,COPD,Private,2,0,0,7,4,0.75,3,Home Health,0.0,0
PT-103427,82,Female,Heart Failure,Private,4,0,0,3,3,2.3,9,Skilled Nursing,2.28,1
PT-103428,74,Female,Heart Failure,Medicaid,1,1,0,3,4,4.35,8,Skilled Nursing,1.13,0
PT-103429,39,Male,Heart Failure,Medicaid,8,1,3,9,2,0.41,7,Home Health,1.69,1
PT-103430,36,Female,COPD,Medicare,2,0,3,7,2,4.9,9,Home,0.27,1
PT-103431,74,Male,Diabetes,Self-pay,2,0,1,3,3,4.57,6,Home,2.43,1
PT-103432,33,Male,Diabetes,Medicare,5,0,0,9,2,3.82,1,Home Health,0.24,1
PT-103433,42,Male,COPD,Medicare,1,1,0,4,5,1.13,12,Home Health,0.19,1
PT-103434,35,Female,Other,Private,1,0,0,4,5,3.35,6,Home,0.57,0
PT-103435,62,Male,COPD,Self-pay,7,2,3,6,2,3.91,7,Rehab,1.13,1
PT-103436,39,Male,Kidney Disease,Private,2,1,1,8,4,5.01,16,Home,0.55,1
PT-103437,66,Male,Diabetes,Medicaid,16,0,1,10,3,0.72,7,Home,2.15,1
PT-103438,86,Male,Pneumonia,Medicaid,5,0,4,4,1,1.04,10,Home,2.09,1
PT-103439,78,Male,Heart Failure,Medicaid,1,1,1,3,2,1.3,4,Home,1.57,1
PT-103440,87,Female,Heart Failure,Private,11,2,1,10,1,0.98,19,Skilled Nursing,1.77,1
PT-103441,19,Female,Diabetes,Medicare,5,0,4,3,1,1.49,5,Home,0.0,0
PT-103442,51,Female,Heart Failure,Medicare,3,0,0,7,0,2.71,2,Home,0.82,1
PT-103443,34,Male,Pneumonia,Medicare,5,1,1,4,1,5.17,1,Home,1.22,0
PT-103444,85,Female,Diabetes,Private,1,1,2,5,0,1.72,11,Home,2.0,1
PT-103445,69,Female,Kidney Disease,Private,4,2,0,2,1,4.72,10,Home,0.53,1
PT-103446,41,Female,COPD,Medicaid,2,1,0,2,1,2.41,7,Home,0.88,1
PT-103447,59,Female,Kidney Disease,Medicare,4,0,1,11,5,2.29,7,Home,1.03,1
PT-103448,62,Female,Diabetes,Private,3,0,1,5,1,2.3,6,Home,0.87,1
PT-103449,54,Male,Diabetes,Medicaid,4,1,2,2,1,2.79,16,Home,1.36,1
PT-103450,52,Female,Heart Failure,Medicare,3,0,1,6,1,5.74,4,Home,0.73,1
PT-103451,22,Female,Diabetes,Private,3,0,0,4,0,0.85,7,Home,0.24,0
PT-103452,51,Female,Pneumonia,Medicare,2,0,1,3,4,2.33,1,Home Health,0.8,0
PT-103453,43,Male,Heart Failure,Private,1,1,3,6,2,4.79,11,Home,0.0,1
PT-103454,77,Male,Heart Failure,Private,1,0,2,7,0,1.38,8,Home Health,0.88,1
PT-103455,81,Female,COPD,Private,1,0,4,3,2,4.86,11,Home,0.67,1
PT-103456,72,Male,Kidney Disease,Self-pay,6,1,3,7,3,3.9,10,Rehab,1.83,1
PT-103457,20,Female,COPD,Medicare,2,4,1,8,2,1.53,9,Rehab,0.01,1
PT-103458,79,Female,Other,Medicaid,2,1,0,10,0,2.51,4,Home,1.09,0
PT-103459,46,Male,Other,Medicare,2,1,3,6,1,3.38,5,Home,0.51,1
PT-103460,48,Male,COPD,Medicare,3,0,1,6,1,0.71,11,Home,1.02,0
PT-103461,86,Female,Diabetes,Medicaid,5,2,1,6,1,3.92,5,Home Health,1.97,1
PT-103462,81,Male,Pneumonia,Medicare,3,0,3,5,1,4.81,11,Home,0.0,1
PT-103463,21,Female,Diabetes,Medicare,7,0,1,6,2,4.39,9,Skilled Nursing,0.0,1
PT-103464,44,Female,Kidney Disease,Private,1,0,2,4,0,2.78,11,Home Health,0.88,0
PT-103465,72,Female,Kidney Disease,Private,7,1,0,4,2,3.03,2,Home,1.57,1
PT-103466,57,Female,Diabetes,Private,10,1,2,2,4,1.55,6,Home,1.32,1
PT-103467,36,Male,Other,Private,4,0,3,7,1,3.56,8,Home Health,0.41,1
PT-103468,56,Male,Heart Failure,Private,2,0,1,5,3,5.18,4,Home,1.02,1
PT-103469,81,Female,Pneumonia,Medicaid,6,0,2,5,2,3.23,6,Home,1.66,1
PT-103470,34,Male,COPD,Private,4,1,1,7,2,2.48,5,Rehab,0.79,0
PT-103471,72,Male,Diabetes,Private,5,2,1,4,2,2.25,10,Home,0.94,1
PT-103472,71,Male,COPD,Medicare,7,0,1,6,1,4.33,9,Home,1.11,1
PT-103473,82,Male,Diabetes,Private,3,0,1,2,0,0.9,8,Home Health,1.29,1
PT-103474,39,Male,Pneumonia,Self-pay,3,0,1,4,3,0.87,3,Home,0.64,0
PT-103475,33,Male,Other,Private,18,3,0,5,0,4.72,5,Home,0.63,1
PT-103476,57,Male,Heart Failure,Medicaid,6,2,0,5,3,1.32,4,Skilled Nursing,1.11,1
PT-103477,56,Male,Pneumonia,Private,8,0,0,3,3,4.46,15,Home,1.35,0
PT-103478,47,Female,COPD,Medicare,7,0,0,2,4,2.94,1,Home,1.45,1
PT-103479,74,Other,COPD,Self-pay,8,0,1,6,2,2.07,2,Home Health,1.6,1
PT-103480,76,Other,Pneumonia,Private,5,1,0,7,0,6.4,8,Skilled Nursing,0.64,1
PT-103481,35,Male,Pneumonia,Self-pay,7,1,1,8,3,2.15,3,Home,0.42,0
PT-103482,76,Female,Pneumonia,Medicare,2,1,2,2,3,3.58,5,Home,0.74,0
PT-103483,34,Female,Pneumonia,Medicare,1,0,0,7,3,1.75,4,Home,0.63,0
PT-103484,47,Male,Heart Failure,Private,2,1,1,3,2,2.07,1,Home,0.57,0
PT-103485,19,Male,Other,Medicare,3,2,1,7,1,3.46,8,Skilled Nursing,0.5,0
PT-103486,42,Female,Pneumonia,Private,3,0,2,5,1,2.03,1,Skilled Nursing,0.63,0
PT-103487,87,Female,COPD,Medicare,4,0,2,5,2,1.1,18,Home,1.95,1
PT-103488,50,Female,Diabetes,Medicare,2,0,0,5,1,2.36,5,Home Health,0.0,1
PT-103489,69,Female,Other,Private,1,2,1,6,4,1.48,6,Home Health,1.01,1
PT-103490,25,Female,Other,Medicaid,3,2,1,5,1,2.28,3,Home,0.01,1
PT-103491,64,Male,Pneumonia,Medicare,1,0,0,6,2,3.64,8,Home Health,0.73,1
PT-103492,45,Male,Pneumonia,Private,4,2,1,5,1,3.26,9,Home,0.52,0
PT-103493,72,Male,Kidney Disease,Private,5,1,0,8,2,2.99,1,Home,0.86,1
PT-103494,85,Female,Other,Private,3,1,0,2,2,5.4,9,Home Health,1.91,0
PT-103495,56,Other,Diabetes,Medicaid,1,0,0,2,0,5.95,9,Home,0.48,0
PT-103496,25,Male,Heart Failure,Medicare,4,1,0,3,3,2.19,1,Home,0.76,0
PT-103497,52,Male,Other,Private,19,2,0,8,0,1.67,10,Home,0.44,1
PT-103498,26,Female,Other,Private,6,0,2,8,2,1.72,2,Home,0.99,1
PT-103499,50,Male,Other,Medicare,6,0,0,5,3,0.79,5,Home Health,0.81,1
PT-103500,22,Female,COPD,Medicare,3,2,0,5,3,0.85,5,Home Health,0.0,0
PT-103501,64,Female,Diabetes,Medicare,2,2,1,7,1,1.04,1,Home Health,0.96,1
PT-103502,40,Male,Kidney Disease,Medicare,8,0,1,11,0,1.66,2,Home,0.0,1
PT-103503,32,Male,Heart Failure,Medicare,1,1,1,3,3,2.36,19,Rehab,0.25,0
PT-103504,19,Female,Diabetes,Private,2,2,0,3,5,1.0,1,Home Health,0.85,1
PT-103505,82,Female,Other,Private,11,0,2,2,4,4.44,12,Rehab,1.85,1
PT-103506,79,Female,Other,Medicaid,4,0,1,6,4,8.16,7,Skilled Nursing,1.74,1
PT-103507,77,Male,Kidney Disease,Medicaid,1,1,0,1,3,1.45,16,Rehab,1.28,1
PT-103508,22,Female,Other,Medicaid,5,3,2,6,5,4.05,14,Rehab,0.52,1
PT-103509,43,Male,Kidney Disease,Medicaid,3,0,1,1,4,3.18,2,Home,0.55,1
PT-103510,88,Female,Pneumonia,Private,1,1,2,6,1,4.14,4,Home,1.0,1
PT-103511,60,Female,Kidney Disease,Private,5,0,2,5,3,6.55,12,Home,2.08,1
PT-103512,27,Female,COPD,Private,4,3,1,8,3,1.63,8,Home,0.66,1
PT-103513,28,Female,Other,Private,4,1,2,7,3,3.92,3,Home,1.31,1
PT-103514,37,Female,COPD,Medicare,6,1,1,2,0,2.53,4,Home,0.68,1
PT-103515,88,Female,Other,Private,1,1,5,4,1,1.91,19,Home,0.86,1
PT-103516,30,Other,Pneumonia,Medicare,5,2,1,3,2,5.75,8,Home Health,0.61,1
PT-103517,83,Male,Heart Failure,Private,4,0,2,2,2,4.86,8,Home,1.61,1
PT-103518,67,Female,Kidney Disease,Private,8,1,0,6,3,0.43,11,Home,1.31,1
PT-103519,85,Male,Pneumonia,Private,2,0,0,7,0,5.1,1,Home,1.17,1
PT-103520,78,Male,Diabetes,Private,9,0,0,5,2,2.56,16,Home,2.22,1
PT-103521,42,Female,Other,Private,7,3,1,6,2,1.42,1,Skilled Nursing,0.3,1
PT-103522,78,Male,Pneumonia,Private,4,0,0,6,0,3.03,15,Home,1.08,0
PT-103523,30,Female,Other,Medicaid,4,0,1,7,3,2.57,11,Home Health,0.6,0
PT-103524,39,Female,Pneumonia,Medicare,1,3,1,6,2,4.44,12,Home,0.28,1
PT-103525,33,Male,Diabetes,Private,4,0,1,4,2,1.81,5,Home,0.43,0
PT-103526,27,Female,Heart Failure,Private,6,1,3,5,0,2.64,4,Home,0.74,0
PT-103527,24,Male,Diabetes,Medicare,3,0,0,8,5,3.93,16,Home,0.65,1
PT-103528,31,Male,Pneumonia,Medicaid,8,0,3,3,1,2.06,22,Home,0.0,1
PT-103529,26,Female,Diabetes,Private,5,0,4,3,1,2.52,9,Home,0.0,1
PT-103530,45,Male,Other,Private,14,0,0,7,2,2.02,14,Home,0.45,1
PT-103531,23,Male,Pneumonia,Private,2,3,2,1,0,0.96,9,Home,0.39,1
PT-103532,22,Male,COPD,Medicaid,6,1,0,6,1,1.85,5,Home,0.0,0
PT-103533,90,Male,COPD,Medicare,1,0,1,5,2,1.46,17,Home,1.69,1
PT-103534,24,Male,COPD,Medicare,3,0,2,1,0,3.77,7,Home,0.0,0
PT-103535,23,Female,Diabetes,Private,6,0,1,6,3,1.81,11,Home,0.17,0
PT-103536,20,Female,Diabetes,Medicaid,6,2,2,3,1,1.26,9,Home Health,1.05,1
PT-103537,27,Male,COPD,Medicare,3,1,0,5,2,2.69,11,Home,1.35,0
PT-103538,56,Female,Pneumonia,Medicare,9,0,1,2,0,2.03,6,Home Health,0.99,0
PT-103539,78,Male,Diabetes,Private,10,2,1,7,1,2.49,9,Home,1.17,1
PT-103540,71,Female,Other,Self-pay,2,0,0,4,1,6.41,3,Home,1.2,1
PT-103541,60,Female,Diabetes,Medicare,3,1,0,6,1,1.05,17,Home,1.67,0
PT-103542,24,Female,Heart Failure,Medicare,3,0,2,4,0,2.26,10,Home,0.05,0
PT-103543,74,Female,Pneumonia,Medicare,3,0,1,4,1,0.87,8,Skilled Nursing,0.4,1
PT-103544,20,Male,Pneumonia,Medicaid,9,0,3,3,2,1.53,11,Home Health,0.16,1
PT-103545,64,Male,Heart Failure,Medicaid,9,0,2,5,2,3.61,11,Home Health,0.64,1
PT-103546,47,Male,Pneumonia,Medicaid,3,0,1,9,1,2.55,5,Home,0.08,0
PT-103547,82,Male,Diabetes,Medicare,6,1,0,6,1,3.64,2,Home Health,1.49,1
PT-103548,40,Male,Diabetes,Private,8,0,2,2,1,1.09,6,Home,0.15,1
PT-103549,64,Male,Other,Medicaid,5,2,1,9,0,4.88,12,Skilled Nursing,1.32,1
PT-103550,50,Female,Other,Medicaid,3,0,1,8,2,2.32,7,Home,1.21,0
PT-103551,56,Male,Diabetes,Medicaid,2,0,2,8,1,7.43,2,Home,0.15,1
PT-103552,86,Female,Pneumonia,Medicare,6,1,1,2,4,2.23,9,Home Health,2.47,1
PT-103553,70,Male,Diabetes,Self-pay,1,0,1,4,2,1.12,16,Home Health,1.59,0
PT-103554,48,Female,Diabetes,Self-pay,3,2,1,5,1,6.49,8,Home,0.76,1
PT-103555,50,Female,Other,Private,3,0,1,7,4,7.97,1,Home,1.09,1
PT-103556,69,Male,Diabetes,Medicare,1,0,0,10,3,2.05,4,Home,1.51,1
PT-103557,43,Male,Pneumonia,Medicaid,4,0,1,9,1,5.22,5,Home Health,1.0,1
PT-103558,30,Male,Heart Failure,Medicare,3,0,0,8,2,3.94,8,Home,0.0,0
PT-103559,52,Female,COPD,Medicaid,2,2,0,4,2,3.34,11,Home,1.31,1
PT-103560,22,Male,Kidney Disease,Private,9,1,4,5,3,3.89,12,Home Health,1.06,1
PT-103561,30,Male,Pneumonia,Medicaid,6,0,1,8,4,0.39,7,Home,0.63,1
PT-103562,48,Male,COPD,Private,4,1,2,3,1,2.43,3,Home,1.15,0
PT-103563,76,Male,Diabetes,Self-pay,7,0,1,2,5,4.52,1,Skilled Nursing,0.81,1
PT-103564,75,Female,Pneumonia,Medicaid,8,0,1,4,2,5.52,9,Home Health,1.93,0
PT-103565,37,Male,Kidney Disease,Private,9,1,1,5,4,3.74,1,Home Health,0.25,1
PT-103566,48,Male,Other,Medicaid,2,1,1,4,1,4.06,17,Skilled Nursing,1.11,1
PT-103567,29,Female,Diabetes,Medicare,7,1,2,4,3,2.18,14,Home Health,1.52,0
PT-103568,73,Male,Kidney Disease,Private,3,0,2,7,0,2.11,15,Home Health,1.98,0
PT-103569,35,Male,Heart Failure,Private,5,2,0,4,2,1.16,7,Home Health,1.3,1
PT-103570,76,Female,Diabetes,Self-pay,2,0,1,5,0,4.52,8,Home,1.04,0
PT-103571,79,Male,Pneumonia,Medicaid,4,1,0,3,3,2.25,2,Home Health,2.18,1
PT-103572,68,Female,Diabetes,Medicare,7,3,2,5,1,2.06,12,Skilled Nursing,1.34,0
PT-103573,42,Male,Pneumonia,Private,11,1,1,3,0,2.27,1,Home,1.36,1
PT-103574,87,Other,Kidney Disease,Medicaid,4,0,2,4,1,0.32,7,Home,1.87,0
PT-103575,68,Female,Kidney Disease,Private,2,0,0,1,2,2.62,3,Skilled Nursing,0.0,1
PT-103576,65,Female,Diabetes,Private,12,0,1,2,1,0.89,15,Home,1.7,1
PT-103577,80,Male,Heart Failure,Private,2,0,1,5,2,1.56,10,Home,0.69,0
PT-103578,82,Male,Pneumonia,Medicaid,1,1,2,4,2,5.74,9,Home Health,2.52,1
PT-103579,23,Female,Other,Medicaid,2,0,2,4,2,3.02,6,Home,0.48,0
PT-103580,82,Male,Other,Medicare,1,0,0,5,1,2.8,12,Home Health,1.27,1
PT-103581,73,Female,Kidney Disease,Medicare,8,1,2,7,2,4.01,16,Home,2.45,1
PT-103582,33,Female,Heart Failure,Private,2,1,0,5,5,3.52,16,Home,0.72,0
PT-103583,40,Female,Other,Medicaid,1,1,1,3,1,1.51,21,Home,0.0,0
PT-103584,72,Male,Pneumonia,Medicaid,4,1,2,3,1,1.05,3,Home Health,1.46,1
PT-103585,33,Male,Diabetes,Medicare,11,1,2,4,2,0.04,5,Home,1.53,1
PT-103586,51,Male,Kidney Disease,Medicare,5,0,1,9,1,2.13,12,Home Health,0.95,1
PT-103587,68,Male,Heart Failure,Private,1,3,2,8,2,4.61,8,Home,0.42,1
PT-103588,65,Female,Diabetes,Medicaid,15,0,0,3,4,1.27,10,Rehab,1.78,0
PT-103589,84,Female,Heart Failure,Medicare,5,2,1,6,0,1.33,1,Home,1.82,1
PT-103590,26,Female,Kidney Disease,Medicare,7,0,1,5,3,0.19,12,Home Health,0.42,0
PT-103591,39,Male,Pneumonia,Private,1,2,2,2,3,3.58,6,Rehab,0.0,1
PT-103592,89,Female,Kidney Disease,Medicare,13,0,2,4,3,2.07,10,Rehab,1.76,1
PT-103593,59,Female,Diabetes,Private,3,0,1,6,2,5.29,7,Home,1.21,1
PT-103594,36,Female,Heart Failure,Medicaid,1,0,1,5,0,3.12,2,Home,0.9,0
PT-103595,39,Male,Heart Failure,Medicare,5,1,4,3,4,1.41,16,Home,0.45,1
PT-103596,42,Male,Diabetes,Private,7,0,3,5,5,1.15,11,Home,0.63,1
PT-103597,58,Male,Pneumonia,Medicaid,6,0,0,5,1,4.08,8,Skilled Nursing,0.44,0
PT-103598,38,Female,Heart Failure,Medicaid,6,0,4,2,1,2.45,3,Home,0.84,1
PT-103599,63,Male,Heart Failure,Private,6,1,1,5,3,2.85,12,Home,1.61,1
PT-103600,50,Female,Diabetes,Private,4,1,0,2,2,1.07,10,Home Health,1.09,1
PT-103601,62,Female,Diabetes,Medicare,1,0,0,6,1,1.01,3,Home,0.61,1
PT-103602,29,Male,Other,Medicaid,3,2,0,6,3,4.97,10,Home,0.09,0
PT-103603,63,Male,Heart Failure,Medicare,3,1,1,4,2,2.31,7,Home,1.42,0
PT-103604,85,Female,Diabetes,Private,9,2,3,3,3,0.54,10,Home,2.81,1
PT-103605,27,Female,Pneumonia,Private,8,1,3,5,2,5.7,11,Home,0.58,1
PT-103606,41,Female,Other,Medicare,3,0,1,6,1,3.07,5,Home,0.62,1
PT-103607,68,Female,Heart Failure,Private,7,0,0,3,0,5.36,10,Home,0.64,1
PT-103608,63,Female,Other,Medicare,4,1,0,5,6,2.38,15,Home,0.96,1
PT-103609,67,Female,Diabetes,Private,1,2,1,6,1,1.06,11,Home,1.43,1
PT-103610,58,Female,Heart Failure,Private,1,0,1,3,0,0.73,8,Skilled Nursing,0.47,0
PT-103611,67,Male,Pneumonia,Self-pay,6,1,0,6,1,1.91,8,Home,1.18,1
PT-103612,62,Male,COPD,Medicare,2,1,1,4,5,1.37,16,Home Health,1.79,1
PT-103613,23,Female,Kidney Disease,Private,2,0,3,5,1,0.91,15,Home Health,0.26,0
PT-103614,72,Female,Pneumonia,Private,2,0,0,7,1,1.69,3,Home,0.83,1
PT-103615,50,Female,Other,Self-pay,6,0,2,5,2,0.87,11,Skilled Nursing,1.23,1
PT-103616,21,Female,Diabetes,Private,8,1,0,9,4,1.58,7,Home,0.88,0
PT-103617,47,Female,Pneumonia,Medicare,8,0,2,4,2,5.47,2,Home Health,1.57,1
PT-103618,49,Female,COPD,Medicaid,1,2,3,8,2,1.24,12,Home,0.74,1
PT-103619,24,Male,Kidney Disease,Medicare,2,1,1,2,4,3.59,11,Home,0.24,0
PT-103620,90,Male,Pneumonia,Self-pay,2,3,1,5,2,2.26,5,Rehab,1.45,1
PT-103621,34,Male,Kidney Disease,Medicare,6,1,0,9,2,3.6,7,Home,0.86,1
PT-103622,42,Female,Diabetes,Private,2,2,0,4,2,2.03,14,Home Health,1.06,0
PT-103623,50,Other,Heart Failure,Private,4,3,1,10,1,1.53,6,Rehab,0.94,0
PT-103624,78,Female,Diabetes,Private,7,1,0,7,0,5.59,5,Home Health,2.19,0
PT-103625,72,Female,Heart Failure,Medicare,4,1,1,3,4,2.29,2,Home,1.78,1
PT-103626,74,Male,Pneumonia,Private,5,1,0,4,2,2.2,11,Home,1.05,1
PT-103627,35,Male,Kidney Disease,Medicare,3,1,3,3,1,2.8,1,Home Health,0.49,1
PT-103628,79,Male,Other,Private,8,2,1,8,2,2.41,1,Home,1.66,1
PT-103629,78,Female,Pneumonia,Medicare,8,2,2,2,0,0.9,7,Home,1.83,1
PT-103630,51,Male,Heart Failure,Self-pay,6,0,1,6,4,0.08,5,Home,2.34,1
PT-103631,57,Male,Heart Failure,Medicaid,8,0,2,5,0,2.1,1,Home,1.66,1
PT-103632,20,Male,Diabetes,Medicare,18,0,1,13,1,4.64,2,Home,0.92,1
PT-103633,73,Male,Other,Private,7,1,1,6,5,1.85,1,Home,1.13,1
PT-103634,88,Female,Kidney Disease,Medicare,4,0,0,5,2,1.88,9,Home,2.38,1
PT-103635,52,Male,Pneumonia,Medicare,5,1,1,6,2,1.67,1,Home Health,1.3,1
PT-103636,57,Female,Other,Medicare,9,3,1,3,1,1.12,2,Home Health,1.92,0
PT-103637,54,Female,Kidney Disease,Medicare,3,0,1,2,4,3.83,7,Rehab,0.19,0
PT-103638,24,Female,COPD,Private,3,3,0,5,1,0.87,7,Home,0.0,0
PT-103639,63,Female,COPD,Private,5,1,1,5,3,1.71,8,Skilled Nursing,1.64,0
PT-103640,70,Male,Other,Medicare,4,2,1,3,0,7.23,18,Home,0.41,1
PT-103641,85,Female,Pneumonia,Private,2,0,1,6,2,0.72,5,Home,2.35,0
PT-103642,85,Female,Pneumonia,Private,4,0,0,9,1,4.49,1,Home,1.81,1
PT-103643,53,Male,Heart Failure,Medicaid,10,0,1,4,1,2.82,12,Skilled Nursing,1.01,1
PT-103644,88,Female,Diabetes,Medicare,6,0,3,2,6,1.71,2,Home Health,1.82,1
PT-103645,56,Male,Diabetes,Private,2,0,2,2,2,4.17,12,Home,0.57,0
PT-103646,64,Male,Other,Private,6,0,1,2,2,0.65,3,Rehab,0.62,1
PT-103647,61,Male,Pneumonia,Medicaid,3,2,1,4,2,3.02,8,Home,1.04,1
PT-103648,90,Female,Other,Medicaid,14,0,4,10,2,3.9,6,Home,2.63,1
PT-103649,71,Female,Diabetes,Private,6,1,1,6,3,4.71,6,Home,1.35,1
PT-103650,26,Female,Heart Failure,Private,2,0,1,5,2,2.86,1,Home Health,0.56,1
PT-103651,23,Male,Other,Medicaid,6,2,2,1,3,1.98,5,Rehab,0.0,0
PT-103652,47,Female,Diabetes,Medicare,5,1,1,3,2,0.85,2,Skilled Nursing,0.0,1
PT-103653,55,Male,Pneumonia,Private,9,0,1,3,3,0.39,10,Home,1.73,1
PT-103654,66,Male,COPD,Self-pay,3,0,3,9,0,1.23,18,Skilled Nursing,0.68,1
PT-103655,53,Female,COPD,Private,6,1,0,6,3,2.99,8,Skilled Nursing,0.95,1
PT-103656,55,Female,Other,Private,1,2,1,5,2,2.44,16,Home,0.51,1
PT-103657,85,Female,Heart Failure,Private,4,0,0,6,4,1.3,1,Skilled Nursing,1.93,1
PT-103658,42,Male,Diabetes,Medicaid,1,1,1,3,4,3.57,9,Skilled Nursing,1.59,1
PT-103659,54,Male,Other,Private,5,2,1,5,3,3.69,6,Skilled Nursing,0.74,1
PT-103660,58,Female,Kidney Disease,Private,5,0,2,6,1,3.76,4,Home,0.14,1
PT-103661,52,Female,Pneumonia,Private,6,1,3,3,6,1.83,1,Home,0.84,1
PT-103662,88,Female,COPD,Private,3,0,2,7,3,1.92,10,Home,1.84,1
PT-103663,88,Male,COPD,Medicare,4,1,2,8,3,0.44,12,Home,1.33,0
PT-103664,55,Male,COPD,Private,8,0,0,3,0,0.95,8,Rehab,0.33,0
PT-103665,50,Female,Diabetes,Self-pay,12,1,0,6,3,0.14,1,Home,0.08,1
PT-103666,60,Male,COPD,Medicare,5,0,1,9,5,5.05,3,Home,1.48,1
PT-103667,31,Female,Heart Failure,Medicare,9,1,1,4,1,2.33,6,Home,0.78,0
PT-103668,49,Female,Other,Private,2,0,0,7,1,6.59,14,Home,0.09,1
PT-103669,33,Female,Other,Private,3,1,2,5,3,2.96,2,Home,0.17,0
PT-103670,28,Male,Heart Failure,Private,5,2,0,5,2,5.07,11,Skilled Nursing,0.44,1
PT-103671,24,Female,Diabetes,Private,4,0,0,9,0,5.77,14,Home,0.14,0
PT-103672,60,Male,Other,Medicare,3,0,1,3,1,2.85,7,Home,0.92,1
PT-103673,18,Male,COPD,Private,8,1,2,4,0,0.29,9,Home,0.04,1
PT-103674,65,Male,Diabetes,Private,2,2,1,9,0,3.33,7,Home,0.83,1
PT-103675,49,Male,Pneumonia,Medicare,2,0,0,3,3,1.83,1,Home,1.06,0
PT-103676,44,Male,COPD,Medicare,1,2,1,5,0,2.75,8,Home,0.69,1
PT-103677,74,Female,Pneumonia,Private,5,1,1,8,1,1.88,3,Home Health,0.93,0
PT-103678,57,Male,Heart Failure,Self-pay,3,1,1,5,1,2.86,13,Home,0.69,1
PT-103679,71,Female,Other,Private,8,0,3,8,1,1.12,12,Rehab,1.67,1
PT-103680,69,Male,Diabetes,Private,5,1,2,2,1,5.63,8,Home,1.55,1
PT-103681,20,Female,COPD,Medicaid,3,0,2,2,0,3.65,6,Skilled Nursing,0.0,1
PT-103682,33,Male,Kidney Disease,Medicare,2,0,2,2,2,3.33,11,Home,0.29,1
PT-103683,59,Male,Other,Medicare,1,1,1,4,2,1.31,4,Rehab,0.76,0
PT-103684,89,Female,Other,Medicaid,4,1,0,6,2,2.34,1,Home Health,0.82,1
PT-103685,29,Male,Kidney Disease,Private,1,1,2,10,3,1.65,3,Home,1.13,1
PT-103686,25,Male,Pneumonia,Private,8,0,0,6,1,4.03,6,Rehab,0.0,0
PT-103687,86,Male,Other,Private,3,4,2,3,2,5.71,2,Home,1.55,1
PT-103688,88,Male,Heart Failure,Private,1,1,1,3,1,3.86,14,Home,1.57,1
PT-103689,30,Female,COPD,Private,9,1,1,4,2,0.96,1,Home,0.25,1
PT-103690,47,Female,Pneumonia,Medicare,4,0,1,4,4,0.96,10,Home,1.56,1
PT-103691,63,Female,COPD,Medicaid,6,1,2,7,4,1.69,8,Skilled Nursing,2.03,1
PT-103692,32,Male,Other,Private,3,0,1,5,4,2.2,2,Home,0.46,1
PT-103693,41,Male,Other,Private,9,1,1,6,1,2.15,8,Home,1.11,1
PT-103694,46,Female,Heart Failure,Medicaid,2,1,2,3,2,1.28,2,Home,0.72,1
PT-103695,64,Male,Heart Failure,Private,3,0,0,5,1,1.38,8,Home Health,0.1,1
PT-103696,40,Female,Pneumonia,Self-pay,1,2,2,8,5,2.76,8,Skilled Nursing,0.91,1
PT-103697,48,Male,Other,Private,9,0,1,5,1,2.92,1,Home Health,0.48,1
PT-103698,39,Female,Pneumonia,Private,2,0,0,4,2,3.81,1,Home,0.02,0
PT-103699,73,Male,COPD,Private,5,1,2,2,0,4.69,15,Home,1.56,1
PT-103700,29,Male,COPD,Medicare,6,1,5,6,1,1.59,10,Home,1.46,1
PT-103701,34,Male,Other,Private,8,0,1,3,0,1.36,5,Home,0.0,1
PT-103702,36,Male,Diabetes,Private,5,1,0,4,1,0.69,6,Home Health,0.49,0
PT-103703,84,Male,Pneumonia,Private,4,0,0,6,1,0.84,6,Home,1.51,0
PT-103704,86,Female,Other,Medicare,8,1,0,5,1,3.2,13,Home,2.68,0
PT-103705,54,Female,Pneumonia,Medicaid,6,0,2,6,0,0.9,6,Rehab,0.54,0
PT-103706,29,Male,Pneumonia,Medicaid,3,1,2,3,3,3.75,1,Home,1.27,1
PT-103707,73,Male,Kidney Disease,Medicaid,10,1,1,8,4,4.55,5,Home Health,0.87,0
PT-103708,53,Female,Other,Self-pay,6,0,0,3,3,3.01,4,Home,0.64,0
PT-103709,80,Male,Pneumonia,Private,1,0,2,3,2,1.63,7,Home,1.89,0
PT-103710,44,Female,Other,Medicare,11,1,1,5,2,3.14,15,Home Health,0.0,1
PT-103711,90,Male,COPD,Medicare,3,1,2,2,1,3.77,1,Home Health,1.6,0
PT-103712,76,Male,Other,Self-pay,8,0,2,5,1,2.54,2,Skilled Nursing,0.77,1
PT-103713,34,Female,Heart Failure,Self-pay,1,1,1,7,1,1.63,11,Skilled Nursing,0.0,1
PT-103714,70,Male,COPD,Medicare,8,3,1,6,0,2.14,3,Home Health,2.25,1
PT-103715,38,Male,Heart Failure,Medicaid,1,1,0,9,0,3.51,13,Home,0.7,1
PT-103716,43,Male,Diabetes,Medicare,5,1,3,11,0,4.8,13,Home,0.65,1
PT-103717,36,Female,Kidney Disease,Medicaid,6,0,1,3,1,6.17,11,Home Health,1.0,1
PT-103718,67,Male,Heart Failure,Self-pay,3,1,1,7,1,2.25,14,Home,1.37,1
PT-103719,37,Male,Pneumonia,Medicare,4,1,1,7,1,1.02,12,Home,0.89,0
PT-103720,64,Male,Other,Medicaid,2,0,1,3,3,2.51,5,Home,1.29,0
PT-103721,60,Male,Other,Medicare,7,1,2,5,3,3.0,20,Home Health,1.11,0
PT-103722,72,Female,Kidney Disease,Medicare,5,1,1,7,6,0.9,1,Home,1.45,0
PT-103723,90,Male,Heart Failure,Medicare,2,0,2,7,2,2.82,8,Home,1.62,1
PT-103724,18,Male,Pneumonia,Medicaid,5,0,1,2,3,3.64,6,Home Health,0.0,1
PT-103725,90,Male,Kidney Disease,Private,5,0,2,4,5,5.83,16,Home,2.19,1
PT-103726,25,Male,Diabetes,Medicare,4,0,0,4,0,2.39,11,Skilled Nursing,0.65,0
PT-103727,56,Male,Diabetes,Private,1,1,0,3,2,3.75,11,Home,0.42,0
PT-103728,42,Male,Pneumonia,Medicaid,3,2,2,3,2,3.82,11,Home,0.65,1
PT-103729,64,Male,Other,Medicaid,7,0,0,5,0,0.84,4,Home,0.0,0
PT-103730,70,Female,Pneumonia,Private,6,0,2,6,0,4.63,4,Home Health,1.2,1
PT-103731,80,Female,Other,Private,6,0,4,9,2,0.66,17,Home,3.16,1
PT-103732,47,Female,Heart Failure,Private,5,1,0,9,1,0.77,15,Home Health,0.73,1
PT-103733,86,Female,Other,Private,8,0,1,2,2,3.28,7,Home,2.27,1
PT-103734,41,Male,Diabetes,Medicare,3,0,0,4,1,5.99,4,Home,0.12,0
PT-103735,32,Female,Pneumonia,Self-pay,2,1,1,6,3,1.33,9,Home,0.72,0
PT-103736,45,Male,Kidney Disease,Private,12,0,1,6,2,2.18,15,Home,0.56,1
PT-103737,56,Male,Diabetes,Medicare,2,0,2,5,3,4.43,10,Home,1.09,1
PT-103738,66,Female,Pneumonia,Private,1,0,1,5,4,2.83,6,Rehab,0.42,1
PT-103739,78,Female,Other,Private,3,0,3,7,1,4.76,8,Rehab,1.97,1
PT-103740,34,Male,Diabetes,Private,4,1,0,6,0,0.82,8,Home,0.44,0
PT-103741,40,Male,Heart Failure,Private,8,1,0,4,5,0.44,16,Home,1.32,1
PT-103742,86,Female,Pneumonia,Private,3,0,1,7,5,0.68,3,Home,1.72,1
PT-103743,50,Female,Pneumonia,Medicaid,3,1,0,5,1,3.15,9,Home,0.9,1
PT-103744,35,Male,Pneumonia,Private,4,0,2,8,0,2.04,12,Skilled Nursing,0.96,0
PT-103745,89,Female,Diabetes,Private,3,1,1,6,1,7.51,3,Home,1.3,1
PT-103746,50,Male,Heart Failure,Private,1,0,1,2,0,1.36,5,Home,0.85,0
PT-103747,89,Female,COPD,Self-pay,1,1,1,3,1,0.75,12,Home,1.61,0
PT-103748,85,Female,Kidney Disease,Private,9,1,1,4,3,2.3,10,Skilled Nursing,2.73,1
PT-103749,84,Female,Pneumonia,Private,7,1,0,6,2,4.92,11,Skilled Nursing,1.37,1
PT-103750,60,Male,Diabetes,Private,4,1,4,5,2,2.69,14,Home,0.94,1
PT-103751,76,Female,Kidney Disease,Private,6,2,2,2,3,3.78,7,Home,2.24,1
PT-103752,88,Male,Diabetes,Medicaid,7,0,0,7,1,0.26,17,Home,1.58,0
PT-103753,37,Female,Heart Failure,Medicaid,2,0,1,4,1,2.88,16,Home,0.52,1
PT-103754,20,Other,Pneumonia,Medicare,2,2,0,5,1,2.07,8,Home,0.33,0
PT-103755,41,Female,Other,Medicaid,9,0,1,7,2,2.16,11,Home,0.79,1
PT-103756,64,Male,Diabetes,Private,1,0,0,6,0,3.49,9,Skilled Nursing,0.0,0
PT-103757,57,Male,Heart Failure,Self-pay,6,0,1,6,1,2.11,1,Home,1.23,1
PT-103758,23,Male,Heart Failure,Private,5,0,2,5,0,3.93,16,Home Health,0.0,0
PT-103759,58,Male,Heart Failure,Private,8,1,1,4,1,7.03,3,Home,0.3,1
PT-103760,30,Male,Diabetes,Self-pay,6,2,0,10,3,6.2,12,Home,1.39,1
PT-103761,54,Female,Pneumonia,Medicaid,6,1,2,6,1,2.44,8,Home Health,1.51,1
PT-103762,60,Female,Other,Medicaid,2,0,2,6,4,2.94,2,Home,0.59,1
PT-103763,64,Female,Other,Medicaid,7,1,0,8,2,4.12,13,Home,0.06,1
PT-103764,48,Female,Diabetes,Private,5,0,1,5,4,2.61,11,Home,0.82,0
PT-103765,47,Male,Other,Private,2,1,2,1,0,0.92,4,Home,1.37,0
PT-103766,67,Male,COPD,Private,5,0,0,6,1,1.43,2,Home,0.58,0
PT-103767,72,Male,Pneumonia,Private,2,1,0,3,1,3.92,9,Home,0.96,0
PT-103768,76,Female,Diabetes,Medicare,4,0,2,7,1,0.18,9,Home Health,0.8,1
PT-103769,42,Male,Diabetes,Medicare,16,0,1,5,1,5.33,12,Home,0.98,1
PT-103770,48,Male,Pneumonia,Private,2,0,3,3,2,2.38,1,Home,0.68,0
PT-103771,42,Male,Diabetes,Medicare,1,0,2,9,3,1.53,15,Skilled Nursing,0.22,0
PT-103772,56,Female,Diabetes,Private,1,1,1,4,2,5.17,7,Rehab,0.14,1
PT-103773,27,Male,Diabetes,Medicaid,4,1,0,3,1,3.01,11,Rehab,0.23,0
PT-103774,49,Male,Other,Private,6,0,1,6,1,4.57,7,Home,1.12,1
PT-103775,31,Male,COPD,Private,4,3,1,4,1,4.68,12,Skilled Nursing,0.11,0
PT-103776,56,Male,Diabetes,Private,1,1,0,3,3,1.3,1,Home,1.27,0
PT-103777,80,Female,Other,Medicaid,6,2,1,4,1,4.77,1,Home,1.58,1
PT-103778,89,Male,COPD,Self-pay,1,0,1,5,0,5.99,11,Skilled Nursing,2.45,1
PT-103779,50,Female,Diabetes,Self-pay,1,0,2,6,2,2.8,14,Home Health,1.39,1
PT-103780,22,Male,COPD,Self-pay,3,0,0,1,2,3.48,10,Home,0.21,0
PT-103781,34,Female,Diabetes,Private,8,0,1,6,3,0.38,3,Home Health,0.62,1
PT-103782,25,Female,Pneumonia,Private,4,0,0,7,0,4.07,14,Home Health,0.0,0
PT-103783,73,Female,Pneumonia,Medicaid,4,0,1,12,4,1.58,8,Skilled Nursing,1.54,1
PT-103784,89,Other,Other,Private,1,1,1,9,2,3.42,6,Home,1.66,1
PT-103785,58,Male,Pneumonia,Private,3,1,2,3,2,0.93,10,Home Health,0.15,1
PT-103786,30,Female,COPD,Medicare,8,2,1,10,2,0.51,8,Home Health,1.39,1
PT-103787,19,Male,Diabetes,Medicaid,5,1,0,10,4,0.42,3,Home,0.0,0
PT-103788,89,Male,Diabetes,Private,7,1,4,3,0,2.06,10,Rehab,2.48,0
PT-103789,41,Male,Pneumonia,Medicare,4,2,2,8,3,3.52,3,Home,0.26,1
PT-103790,26,Female,Other,Self-pay,8,3,1,3,3,3.71,12,Home Health,0.37,0
PT-103791,30,Female,Heart Failure,Self-pay,1,0,1,4,1,2.72,8,Home,0.12,0
PT-103792,36,Female,Other,Self-pay,4,3,1,6,4,4.08,8,Home,0.87,1
PT-103793,65,Female,Kidney Disease,Medicaid,6,3,4,2,3,1.86,12,Rehab,0.86,1
PT-103794,83,Female,Kidney Disease,Medicaid,1,0,3,3,5,5.59,3,Home,2.3,1
PT-103795,38,Female,Diabetes,Private,1,1,2,6,1,1.15,7,Home,0.1,0
PT-103796,68,Female,COPD,Medicare,12,0,0,9,2,2.65,12,Skilled Nursing,1.69,1
PT-103797,22,Male,Other,Medicaid,4,0,2,4,6,4.87,7,Home,1.46,1
PT-103798,18,Female,Diabetes,Medicaid,1,1,3,4,0,1.38,1,Home,0.0,0
PT-103799,22,Male,Pneumonia,Private,4,0,0,4,3,4.7,9,Home Health,0.23,1
PT-103800,85,Male,Heart Failure,Private,1,2,1,4,0,2.1,12,Home Health,0.92,0
PT-103801,60,Male,COPD,Private,2,0,2,6,2,5.43,11,Home,1.01,1
PT-103802,76,Female,COPD,Medicaid,9,0,2,5,2,6.29,10,Home,1.0,1
PT-103803,19,Female,COPD,Medicare,3,0,0,10,3,0.81,6,Home Health,0.0,0
PT-103804,19,Male,Diabetes,Private,3,0,2,4,1,1.69,4,Home Health,0.06,0
PT-103805,79,Male,Heart Failure,Private,1,1,0,3,3,0.44,11,Home Health,0.9,0
PT-103806,25,Female,Other,Private,3,0,1,3,1,4.32,8,Home Health,0.0,0
PT-103807,29,Female,Other,Private,5,1,0,6,1,1.47,6,Skilled Nursing,0.51,0
PT-103808,55,Female,Other,Medicaid,3,0,1,6,2,0.2,6,Home,0.73,1
PT-103809,62,Female,COPD,Self-pay,15,1,2,5,1,2.5,9,Home,1.28,1
PT-103810,34,Male,Other,Private,2,0,1,8,3,3.56,9,Home,1.07,1
PT-103811,50,Male,COPD,Private,2,3,0,5,3,0.71,5,Home,0.38,1
PT-103812,67,Male,Pneumonia,Medicare,3,0,1,6,1,3.11,8,Home Health,0.38,1
PT-103813,50,Male,Heart Failure,Private,14,1,2,5,1,3.02,1,Home,1.21,1
PT-103814,45,Female,Other,Private,7,0,2,1,1,1.79,11,Home,1.73,0
PT-103815,23,Male,Heart Failure,Medicare,3,0,1,5,0,4.96,9,Home,0.13,0
PT-103816,50,Female,Other,Private,3,1,4,2,4,0.38,9,Home,1.08,0
PT-103817,76,Male,Other,Medicaid,2,0,1,8,1,1.73,6,Home,1.39,1
PT-103818,63,Male,Kidney Disease,Medicaid,3,0,1,3,1,0.31,16,Skilled Nursing,0.74,0
PT-103819,83,Female,Diabetes,Private,3,1,0,2,3,3.01,5,Home Health,2.28,0
PT-103820,27,Male,COPD,Private,6,1,1,5,2,5.92,1,Home,0.0,1
PT-103821,18,Female,COPD,Private,6,1,1,4,3,1.82,6,Rehab,0.02,1
PT-103822,58,Male,Diabetes,Private,3,0,2,5,1,3.57,2,Home,1.65,0
PT-103823,31,Male,Kidney Disease,Medicare,10,1,2,7,5,1.3,1,Home Health,0.93,0
PT-103824,61,Male,Other,Self-pay,2,0,0,5,3,3.72,17,Home,1.41,1
PT-103825,83,Male,COPD,Medicaid,1,1,0,6,2,0.93,5,Home,1.05,1
PT-103826,42,Male,Other,Self-pay,5,0,0,5,4,6.67,14,Home,0.41,1
PT-103827,58,Male,Pneumonia,Medicare,8,1,0,11,2,2.95,10,Home,1.12,0
PT-103828,67,Female,Pneumonia,Medicaid,4,1,1,7,1,3.7,14,Home Health,1.24,1
PT-103829,28,Male,Pneumonia,Medicare,1,2,2,8,2,2.82,4,Home,0.14,1
PT-103830,83,Male,Heart Failure,Private,4,0,1,10,2,1.84,18,Home,0.87,1
PT-103831,32,Female,Other,Medicaid,5,1,1,8,1,3.23,3,Home,0.48,0
PT-103832,77,Female,Diabetes,Medicare,5,0,2,4,4,2.75,9,Home Health,1.76,1
PT-103833,66,Female,Heart Failure,Medicare,5,0,1,3,3,1.73,6,Home,1.8,0
PT-103834,28,Female,Pneumonia,Private,9,3,1,3,1,2.56,14,Skilled Nursing,0.0,1
PT-103835,70,Male,COPD,Medicaid,2,4,2,7,4,2.0,11,Home,1.16,1
PT-103836,32,Male,Diabetes,Private,1,2,2,3,4,2.46,1,Home,0.24,1
PT-103837,61,Female,Pneumonia,Medicare,1,0,0,5,0,4.35,7,Home,0.0,0
PT-103838,88,Female,Kidney Disease,Private,1,0,1,9,2,5.91,15,Home,1.87,1
PT-103839,87,Male,Diabetes,Private,7,0,0,7,3,3.06,4,Home Health,1.52,1
PT-103840,81,Male,Diabetes,Private,3,1,1,6,2,3.51,6,Home,1.29,1
PT-103841,54,Male,Diabetes,Medicare,11,1,0,6,2,1.47,8,Home,1.09,1
PT-103842,58,Female,Pneumonia,Medicare,1,0,1,9,1,3.97,6,Home,0.16,1
PT-103843,39,Male,Other,Self-pay,11,0,0,9,2,3.02,14,Home Health,0.44,1
PT-103844,85,Male,COPD,Medicaid,2,0,0,6,1,2.04,5,Home,1.86,0
PT-103845,52,Female,COPD,Medicare,3,0,2,3,3,4.45,8,Rehab,0.06,1
PT-103846,74,Male,Pneumonia,Self-pay,1,2,1,5,3,3.64,12,Home,1.07,0
PT-103847,44,Male,Diabetes,Medicaid,10,0,0,2,2,1.47,9,Home,0.92,1
PT-103848,72,Male,Heart Failure,Private,4,1,0,8,2,0.35,12,Home,2.22,1
PT-103849,34,Male,Other,Private,15,1,2,10,2,1.42,6,Home Health,1.22,1
PT-103850,71,Male,COPD,Medicaid,8,1,0,3,1,3.98,6,Home,1.37,1
PT-103851,21,Female,Diabetes,Medicare,3,2,2,5,1,1.29,9,Home,0.91,0
PT-103852,25,Female,Pneumonia,Private,2,1,3,6,2,1.33,7,Home Health,0.0,1
PT-103853,43,Male,Kidney Disease,Medicare,7,0,0,6,2,4.4,8,Rehab,1.15,1
PT-103854,53,Female,COPD,Private,4,1,1,6,4,3.39,8,Rehab,1.36,1
PT-103855,69,Female,Other,Medicare,2,0,1,7,3,1.45,10,Home,1.74,0
PT-103856,44,Female,Pneumonia,Private,4,0,3,8,2,3.09,9,Home,1.72,1
PT-103857,19,Male,Heart Failure,Medicare,1,2,1,8,1,2.61,11,Skilled Nursing,0.0,1
PT-103858,41,Male,Diabetes,Private,5,1,0,4,0,3.05,6,Home,0.23,1
PT-103859,50,Male,Heart Failure,Private,6,1,1,4,1,0.26,12,Home,0.73,1
PT-103860,57,Female,COPD,Private,1,1,1,4,2,2.24,6,Home,1.49,0
PT-103861,65,Female,Diabetes,Private,9,3,0,4,4,2.92,19,Home Health,0.94,1
PT-103862,36,Female,Pneumonia,Medicaid,8,0,2,6,3,1.28,14,Home,1.22,1
PT-103863,62,Female,Other,Private,5,1,0,8,4,2.24,17,Rehab,0.19,1
PT-103864,64,Female,Heart Failure,Medicare,2,1,1,6,2,3.04,8,Home,1.32,1
PT-103865,74,Female,Diabetes,Medicaid,6,0,2,5,2,1.21,4,Home,0.93,0
PT-103866,56,Female,Pneumonia,Medicare,3,0,1,2,1,2.1,1,Home,0.62,0
PT-103867,77,Female,Diabetes,Private,5,0,2,7,3,0.57,3,Home,1.37,1
PT-103868,34,Female,Pneumonia,Private,7,2,2,4,0,1.59,8,Home,0.54,0
PT-103869,69,Male,COPD,Medicaid,1,2,0,6,2,5.2,15,Home,1.32,1
PT-103870,21,Male,COPD,Private,1,0,1,5,1,2.69,5,Rehab,0.52,0
PT-103871,25,Male,Pneumonia,Medicare,3,0,0,1,0,1.42,6,Skilled Nursing,0.0,0
PT-103872,81,Female,Pneumonia,Private,13,1,0,6,2,7.35,11,Home,1.86,1
PT-103873,52,Female,COPD,Self-pay,15,1,2,5,1,2.27,1,Home,1.26,1
PT-103874,63,Male,Diabetes,Private,5,1,0,5,3,4.0,12,Home,1.05,1
PT-103875,62,Other,Pneumonia,Medicare,8,1,1,7,3,2.55,14,Home,1.38,1
PT-103876,68,Male,Kidney Disease,Private,4,2,1,5,3,2.5,16,Home Health,1.32,1
PT-103877,35,Male,Heart Failure,Medicare,4,1,1,6,1,4.92,9,Home Health,1.12,1
PT-103878,31,Male,Pneumonia,Medicaid,3,0,1,4,2,1.73,8,Skilled Nursing,0.64,0
PT-103879,21,Female,Heart Failure,Private,9,1,2,7,1,1.98,10,Home,0.46,0
PT-103880,81,Female,COPD,Private,11,1,0,3,1,3.68,12,Rehab,2.79,1
PT-103881,34,Male,Heart Failure,Private,4,1,1,1,1,4.19,13,Rehab,0.24,0
PT-103882,59,Male,Kidney Disease,Private,4,0,2,6,1,2.73,8,Home,1.31,1
PT-103883,51,Male,Heart Failure,Medicaid,4,0,1,8,2,2.91,5,Home,0.44,1
PT-103884,29,Female,COPD,Private,11,1,1,9,3,6.94,4,Skilled Nursing,0.59,1
PT-103885,48,Male,Heart Failure,Private,7,0,0,3,2,2.54,10,Home,0.59,0
PT-103886,24,Male,Other,Medicaid,2,1,0,2,3,1.98,10,Home,0.21,0
PT-103887,30,Male,Diabetes,Medicare,13,0,1,4,3,0.34,5,Home,1.0,1
PT-103888,28,Female,Other,Medicare,1,3,1,10,1,4.53,8,Skilled Nursing,0.21,1
PT-103889,78,Male,Pneumonia,Private,10,2,1,7,1,2.03,20,Home,1.84,1
PT-103890,59,Male,Pneumonia,Medicare,8,0,0,4,2,3.43,15,Skilled Nursing,0.74,1
PT-103891,85,Other,Heart Failure,Medicare,4,0,0,9,1,1.53,18,Home Health,0.92,1
PT-103892,49,Female,Heart Failure,Private,4,1,1,7,1,2.67,12,Rehab,0.61,1
PT-103893,32,Female,Pneumonia,Medicare,4,1,1,4,4,1.35,16,Home,0.2,1
PT-103894,62,Female,COPD,Medicaid,2,1,2,3,4,5.2,5,Home Health,1.81,1
PT-103895,85,Female,COPD,Medicare,12,2,1,6,2,4.3,14,Home Health,2.15,1
PT-103896,56,Male,Pneumonia,Private,4,1,1,2,1,3.43,10,Home,0.72,1
PT-103897,19,Male,COPD,Medicare,2,0,1,5,0,1.72,13,Home,0.0,0
PT-103898,40,Female,Diabetes,Self-pay,12,0,0,1,0,3.63,9,Skilled Nursing,0.5,0
PT-103899,85,Male,Pneumonia,Private,6,0,0,5,1,1.66,3,Home,0.95,0
PT-103900,55,Male,Heart Failure,Private,6,0,0,7,4,4.25,5,Rehab,0.98,0
PT-103901,87,Male,Other,Medicaid,14,1,1,9,0,1.97,16,Home,1.77,1
PT-103902,55,Female,Heart Failure,Private,6,0,0,6,6,3.39,3,Home,1.69,1
PT-103903,18,Female,Heart Failure,Private,2,2,1,6,4,2.15,10,Home,0.0,1
PT-103904,81,Female,Other,Medicare,6,0,0,8,0,3.93,7,Home,1.14,0
PT-103905,73,Male,Heart Failure,Private,2,0,0,6,4,3.43,14,Home Health,1.98,0
PT-103906,70,Male,Pneumonia,Private,3,2,2,7,0,4.83,1,Home,1.03,1
PT-103907,88,Female,Other,Self-pay,5,0,0,11,2,1.98,5,Home,2.13,1
PT-103908,32,Female,Pneumonia,Private,8,1,1,3,4,6.01,1,Rehab,0.92,1
PT-103909,84,Female,Pneumonia,Private,3,0,2,5,4,2.55,5,Home,2.22,1
PT-103910,34,Female,Other,Private,4,0,2,4,5,3.41,12,Home,0.57,1
PT-103911,88,Female,Heart Failure,Private,4,0,0,4,8,1.66,1,Home Health,1.54,1
PT-103912,31,Female,Kidney Disease,Private,9,2,1,4,0,2.98,3,Home Health,0.29,0
PT-103913,58,Female,Diabetes,Medicare,4,1,0,7,4,0.91,4,Home,1.44,1
PT-103914,75,Male,Heart Failure,Medicare,13,2,1,6,3,3.93,6,Home,2.46,1
PT-103915,23,Female,Kidney Disease,Self-pay,3,0,0,8,2,5.26,6,Skilled Nursing,0.0,1
PT-103916,22,Male,COPD,Medicare,3,0,0,5,0,1.9,9,Skilled Nursing,0.0,0
PT-103917,80,Male,Heart Failure,Medicaid,10,1,3,10,1,1.82,12,Home,1.55,1
PT-103918,22,Female,Other,Medicare,6,0,0,4,4,1.93,1,Rehab,1.11,0
PT-103919,62,Male,Pneumonia,Medicaid,18,1,2,8,1,4.6,10,Home,1.42,1
PT-103920,86,Female,Pneumonia,Medicaid,10,0,1,7,4,3.41,7,Home,2.19,1
PT-103921,62,Female,Pneumonia,Medicare,1,1,4,5,2,2.24,9,Rehab,1.26,1
PT-103922,53,Female,Heart Failure,Private,4,0,2,5,1,5.04,6,Home,0.0,0
PT-103923,48,Female,Heart Failure,Medicaid,5,0,0,6,1,3.7,14,Home,0.74,1
PT-103924,64,Male,Pneumonia,Private,5,1,4,8,3,4.17,7,Skilled Nursing,1.36,1
PT-103925,59,Male,Kidney Disease,Self-pay,4,0,1,3,0,1.54,15,Rehab,0.26,0
PT-103926,54,Female,COPD,Private,5,0,0,5,2,3.96,16,Home,1.92,1
PT-103927,29,Male,COPD,Medicare,5,0,0,7,3,4.33,7,Home,1.07,0
PT-103928,66,Male,COPD,Medicare,3,0,4,5,1,1.41,10,Home,1.3,1
PT-103929,72,Female,COPD,Private,8,0,1,0,2,1.82,9,Home,1.51,0
PT-103930,69,Female,Pneumonia,Private,12,0,2,5,2,2.26,9,Home,2.28,1
PT-103931,23,Male,Kidney Disease,Medicare,7,1,0,5,1,3.71,1,Home Health,0.67,0
PT-103932,69,Female,Kidney Disease,Medicaid,6,0,0,6,3,2.35,1,Home Health,1.21,1
PT-103933,71,Male,Heart Failure,Medicaid,4,1,2,5,6,0.29,9,Home,1.86,1
PT-103934,31,Female,Other,Medicaid,5,0,2,2,5,0.46,13,Home,0.98,0
PT-103935,79,Female,Pneumonia,Medicare,5,2,1,7,1,5.35,10,Home,1.22,1
PT-103936,56,Female,COPD,Medicaid,2,2,1,8,2,3.35,11,Rehab,2.26,1
PT-103937,52,Male,Pneumonia,Private,8,0,1,7,2,1.19,9,Home Health,1.35,1
PT-103938,70,Male,COPD,Medicare,3,1,0,6,1,5.49,8,Home Health,0.94,1
PT-103939,55,Male,COPD,Medicaid,11,1,3,6,2,3.4,13,Home Health,3.54,1
PT-103940,57,Male,Kidney Disease,Private,5,0,0,5,3,2.32,6,Skilled Nursing,0.78,1
PT-103941,40,Female,COPD,Private,8,1,1,5,1,4.08,12,Home,1.13,1
PT-103942,85,Female,Pneumonia,Private,7,1,2,3,1,1.22,7,Home,1.5,1
PT-103943,88,Female,Pneumonia,Private,1,0,1,3,0,0.84,8,Home,1.19,0
PT-103944,27,Female,Other,Private,10,1,2,5,3,4.72,15,Home,0.8,1
PT-103945,71,Female,Other,Medicaid,2,1,0,6,4,3.01,9,Home,1.53,1
PT-103946,19,Male,Pneumonia,Self-pay,3,0,0,5,2,2.96,10,Home Health,0.0,1
PT-103947,44,Male,Pneumonia,Medicare,3,0,1,3,0,4.38,13,Home Health,0.5,0
PT-103948,88,Male,Other,Medicare,1,1,3,9,2,2.83,1,Home,2.24,1
PT-103949,30,Female,Diabetes,Self-pay,5,0,2,8,2,5.74,10,Home Health,0.96,1
PT-103950,45,Male,Other,Self-pay,9,1,2,6,1,0.88,9,Home,2.46,1
PT-103951,34,Male,Heart Failure,Private,11,1,0,4,3,2.34,1,Home,1.29,1
PT-103952,71,Male,Diabetes,Private,4,0,3,7,3,1.91,6,Home,1.35,1
PT-103953,51,Female,Other,Private,4,1,1,3,4,2.97,10,Home,0.74,1
PT-103954,61,Female,Pneumonia,Medicare,7,1,2,4,0,1.95,3,Home Health,1.49,1
PT-103955,86,Male,Pneumonia,Self-pay,4,1,1,2,3,2.31,9,Home,1.72,1
PT-103956,56,Female,Heart Failure,Medicare,9,1,2,4,3,4.01,4,Home,0.89,1
PT-103957,71,Female,Other,Private,4,0,1,4,5,0.57,4,Home,0.96,1
PT-103958,25,Male,Other,Private,2,0,0,5,4,2.17,5,Rehab,0.14,1
PT-103959,33,Male,COPD,Self-pay,5,2,2,4,1,5.63,12,Home,0.0,1
PT-103960,87,Female,Other,Private,1,0,0,2,5,3.07,15,Rehab,2.18,1
PT-103961,80,Female,Diabetes,Medicare,5,0,0,5,3,3.33,11,Home,1.0,1
PT-103962,65,Male,Kidney Disease,Medicaid,6,0,2,5,1,1.01,5,Home,1.57,1
PT-103963,45,Male,Pneumonia,Private,2,0,2,2,2,1.41,11,Rehab,1.3,0
PT-103964,32,Male,Pneumonia,Private,5,0,0,3,2,4.44,12,Rehab,0.22,0
PT-103965,80,Female,Other,Private,3,0,5,9,1,3.6,7,Rehab,0.55,1
PT-103966,75,Female,Heart Failure,Medicare,2,0,2,6,1,0.34,3,Home,2.18,1
PT-103967,35,Male,Pneumonia,Medicare,1,1,1,8,1,5.39,17,Home,0.29,1
PT-103968,61,Female,Diabetes,Private,1,0,1,3,0,1.98,6,Home,1.17,1
PT-103969,63,Female,Other,Private,11,2,1,7,3,1.51,8,Home,0.9,1
PT-103970,52,Female,Heart Failure,Medicare,3,1,1,3,3,3.25,5,Skilled Nursing,1.73,0
PT-103971,85,Female,Pneumonia,Medicare,5,2,0,8,2,1.79,17,Home,0.68,0
PT-103972,27,Female,Heart Failure,Self-pay,4,1,3,5,1,2.13,15,Home Health,0.0,1
PT-103973,36,Male,Other,Medicaid,12,0,2,9,1,2.34,10,Home,1.28,1
PT-103974,24,Female,Other,Medicaid,2,0,0,3,0,2.18,13,Home,0.0,0
PT-103975,68,Female,Other,Private,4,0,0,6,0,3.69,7,Home Health,1.42,0
PT-103976,65,Male,Kidney Disease,Private,3,0,0,4,3,3.61,13,Home,1.48,1
PT-103977,90,Male,Other,Medicaid,8,1,1,2,0,3.18,8,Home Health,2.14,1
PT-103978,57,Female,Kidney Disease,Medicare,5,0,1,2,1,3.54,9,Home,1.5,1
PT-103979,28,Male,Other,Private,4,0,2,2,1,0.89,5,Home Health,0.0,0
PT-103980,50,Female,Diabetes,Medicare,1,0,0,3,3,4.24,1,Rehab,1.62,1
PT-103981,24,Female,COPD,Medicaid,15,1,0,6,3,3.07,4,Home,0.51,1
PT-103982,66,Male,Pneumonia,Self-pay,4,2,1,3,1,2.47,8,Skilled Nursing,1.59,1
PT-103983,67,Male,Pneumonia,Private,2,0,1,6,2,2.33,4,Rehab,2.05,1
PT-103984,80,Male,Diabetes,Self-pay,1,3,0,4,3,2.56,20,Home Health,1.76,1
PT-103985,42,Male,Other,Self-pay,1,1,0,3,3,1.98,13,Home,1.89,0
PT-103986,40,Male,Diabetes,Private,4,0,2,6,1,4.63,10,Home Health,0.0,0
PT-103987,23,Female,Other,Medicaid,8,1,0,7,0,4.57,9,Home,0.97,1
PT-103988,48,Female,COPD,Private,5,2,1,8,2,5.98,9,Home,0.66,1
PT-103989,52,Male,Kidney Disease,Medicaid,1,0,1,6,3,4.24,14,Home,0.22,1
PT-103990,73,Female,Diabetes,Medicaid,4,3,2,3,1,1.14,8,Home Health,2.92,1
PT-103991,73,Male,Heart Failure,Self-pay,10,1,0,5,2,4.01,5,Home,0.91,1
PT-103992,28,Female,Diabetes,Medicare,3,0,0,6,2,4.76,6,Home Health,0.0,1
PT-103993,38,Female,Other,Private,5,0,3,2,3,3.07,2,Home,1.19,1
PT-103994,55,Male,COPD,Private,3,0,0,1,2,2.28,4,Home,1.29,0
PT-103995,42,Female,COPD,Medicare,6,1,1,1,1,0.82,12,Skilled Nursing,0.48,1
PT-103996,19,Female,Kidney Disease,Medicaid,2,1,0,8,3,4.46,12,Skilled Nursing,0.0,0
PT-103997,79,Male,Heart Failure,Medicare,1,1,1,4,4,1.88,12,Home Health,1.53,0
PT-103998,71,Male,Diabetes,Medicaid,2,1,4,11,2,5.74,2,Home,1.26,1
PT-103999,55,Female,Pneumonia,Medicaid,3,1,5,5,7,1.07,13,Skilled Nursing,1.01,1
PT-104000,41,Female,Heart Failure,Medicare,4,1,1,8,4,2.93,6,Home,0.54,1
PT-104001,79,Male,Diabetes,Medicare,3,2,2,2,2,0.97,6,Home,2.28,0
PT-104002,20,Male,Pneumonia,Medicaid,3,0,1,6,0,1.36,3,Home,0.12,0
PT-104003,50,Male,Kidney Disease,Medicare,8,0,1,5,0,1.0,1,Home,1.08,0
PT-104004,76,Female,COPD,Private,2,0,1,3,1,4.7,3,Home,1.02,1
PT-104005,87,Female,Pneumonia,Medicare,4,0,2,7,2,7.24,4,Home,1.25,1
PT-104006,36,Male,Other,Medicaid,1,2,2,2,1,1.11,6,Home,1.24,1
PT-104007,65,Male,Other,Self-pay,7,2,0,4,0,4.58,12,Home Health,0.79,1
PT-104008,31,Male,Pneumonia,Medicaid,5,4,0,3,3,3.7,12,Home,0.05,1
PT-104009,26,Female,Diabetes,Medicaid,15,0,3,6,0,1.64,12,Home Health,0.54,0
PT-104010,43,Male,Heart Failure,Private,2,1,1,6,4,2.03,6,Home Health,0.79,1
PT-104011,82,Male,COPD,Medicare,12,0,1,1,4,5.26,5,Rehab,1.66,1
PT-104012,68,Female,Other,Medicaid,2,0,0,6,2,2.35,13,Home,0.57,1
PT-104013,53,Female,COPD,Medicaid,3,1,2,3,1,2.47,1,Home,0.25,1
PT-104014,38,Female,COPD,Medicaid,1,1,2,6,1,1.24,1,Skilled Nursing,0.57,0
PT-104015,28,Female,Heart Failure,Medicare,15,0,0,5,2,3.1,2,Home,0.06,1
PT-104016,37,Other,Other,Self-pay,6,0,1,7,2,2.15,9,Rehab,1.2,1
PT-104017,29,Male,Kidney Disease,Self-pay,6,2,2,4,1,2.66,8,Home,0.85,1
PT-104018,31,Female,COPD,Medicaid,2,1,0,2,3,3.95,2,Home Health,0.46,1
PT-104019,68,Male,Kidney Disease,Private,1,1,1,9,0,2.67,9,Home,1.04,1
PT-104020,27,Female,Pneumonia,Private,3,1,0,3,1,2.12,11,Home Health,0.85,1
PT-104021,21,Female,Pneumonia,Private,3,0,1,4,3,6.08,21,Home Health,0.82,0
PT-104022,57,Female,Other,Private,1,1,1,6,3,0.99,15,Home,1.72,1
PT-104023,38,Male,Other,Medicare,3,0,0,4,2,2.7,9,Home,0.94,1
PT-104024,51,Male,Diabetes,Self-pay,4,1,1,7,5,3.21,13,Skilled Nursing,1.02,1
PT-104025,28,Male,Pneumonia,Medicare,6,2,1,4,2,1.3,21,Home,1.43,1
PT-104026,33,Male,Other,Private,1,0,3,4,2,4.88,4,Skilled Nursing,0.39,0
PT-104027,50,Male,Heart Failure,Self-pay,1,1,0,6,1,2.53,1,Home,0.64,1
PT-104028,68,Male,Diabetes,Private,2,0,2,1,3,0.64,14,Home Health,1.1,0
PT-104029,48,Female,Pneumonia,Medicaid,9,1,0,8,0,2.15,7,Rehab,0.36,0
PT-104030,57,Other,Heart Failure,Medicare,9,1,1,4,3,3.11,3,Home,1.33,0
PT-104031,56,Female,Heart Failure,Self-pay,5,0,1,11,0,4.68,7,Home,0.38,1
PT-104032,37,Other,Kidney Disease,Medicare,3,0,0,2,3,3.36,4,Rehab,0.22,0
PT-104033,38,Male,Other,Medicaid,9,2,2,5,0,1.27,3,Home,1.27,1
PT-104034,49,Female,Pneumonia,Medicaid,5,0,0,3,3,3.17,11,Home,1.14,1
PT-104035,20,Female,Pneumonia,Private,9,1,2,5,2,2.94,5,Home,0.56,1
PT-104036,68,Male,Diabetes,Private,6,0,0,3,1,2.48,1,Home,0.41,1
PT-104037,62,Female,Pneumonia,Private,1,0,1,3,3,6.33,8,Home Health,2.28,1
PT-104038,40,Female,Other,Private,1,1,1,2,2,0.39,6,Home Health,0.14,0
PT-104039,45,Female,Pneumonia,Medicaid,3,2,1,4,3,1.44,10,Home,0.79,0
PT-104040,41,Other,COPD,Medicaid,7,1,1,7,1,2.01,7,Home,0.65,1
PT-104041,65,Male,COPD,Medicare,3,1,0,7,0,4.02,5,Home,1.11,1
PT-104042,73,Male,Pneumonia,Medicare,10,1,1,5,5,0.65,14,Home,1.95,0
PT-104043,25,Male,Diabetes,Private,7,1,0,9,1,3.04,2,Home,0.0,1
PT-104044,48,Female,Kidney Disease,Self-pay,10,1,3,4,2,3.43,14,Skilled Nursing,0.65,1
PT-104045,19,Male,Heart Failure,Medicaid,3,1,3,6,4,1.78,8,Home,0.06,1
PT-104046,51,Female,COPD,Private,2,0,1,3,3,3.62,13,Home,0.0,0
PT-104047,36,Male,Diabetes,Private,2,1,1,6,5,4.18,8,Home,1.52,1
PT-104048,42,Male,Diabetes,Medicare,6,1,1,9,3,4.92,10,Home Health,2.05,1
PT-104049,51,Female,Diabetes,Medicare,1,2,3,10,2,3.69,10,Skilled Nursing,1.85,1
PT-104050,41,Female,Pneumonia,Medicare,1,1,1,7,5,3.8,15,Home,1.25,1
PT-104051,46,Female,COPD,Medicaid,3,2,0,2,3,3.74,10,Home Health,1.22,1
PT-104052,73,Male,Diabetes,Private,5,2,1,6,1,1.21,2,Home Health,1.58,1
PT-104053,77,Male,Heart Failure,Medicare,2,1,0,8,1,0.99,9,Skilled Nursing,1.46,0
PT-104054,18,Female,Kidney Disease,Medicaid,9,0,0,6,3,1.78,13,Home,0.03,1
PT-104055,45,Female,Diabetes,Medicare,10,1,0,3,0,1.56,14,Home,0.37,0
PT-104056,79,Female,Heart Failure,Private,1,0,2,7,4,1.96,6,Home,0.56,1
PT-104057,56,Male,Diabetes,Private,6,1,2,2,2,4.72,5,Rehab,1.1,1
PT-104058,32,Male,Other,Self-pay,3,0,1,5,2,2.01,2,Home Health,0.21,1
PT-104059,61,Female,COPD,Medicare,8,0,2,3,0,0.78,12,Home,1.08,0
PT-104060,28,Male,Diabetes,Medicaid,6,0,3,3,4,5.47,12,Home,0.83,1
PT-104061,19,Male,Heart Failure,Private,5,0,1,4,3,2.68,16,Home,0.25,0
PT-104062,64,Male,Heart Failure,Medicaid,4,0,1,5,5,3.1,5,Home,1.52,1
PT-104063,55,Male,Heart Failure,Medicare,1,1,4,6,2,1.6,9,Home Health,0.69,1
PT-104064,73,Male,Pneumonia,Private,16,2,2,7,1,1.97,7,Home,1.82,1
PT-104065,43,Male,Pneumonia,Medicare,1,1,2,0,2,1.5,5,Home Health,0.78,1
PT-104066,80,Female,Kidney Disease,Medicaid,12,3,1,6,4,2.89,8,Home,1.86,1
PT-104067,48,Male,COPD,Private,7,0,0,4,1,1.78,2,Home,0.52,1
PT-104068,71,Male,Pneumonia,Medicare,3,0,0,8,1,6.02,12,Home,0.19,0
PT-104069,25,Male,Other,Medicare,2,1,1,6,4,4.53,13,Home,1.38,1
PT-104070,25,Female,Heart Failure,Medicare,1,1,1,4,3,3.73,11,Home,0.0,0
PT-104071,75,Male,Other,Medicaid,4,0,0,6,1,3.71,8,Home,1.63,0
PT-104072,78,Female,Pneumonia,Medicaid,1,0,1,3,1,1.69,12,Rehab,1.61,0
PT-104073,86,Female,Kidney Disease,Medicaid,9,0,2,3,1,2.46,6,Home,1.35,1
PT-104074,41,Female,Diabetes,Private,5,1,2,3,2,1.44,1,Home Health,1.16,0
PT-104075,19,Female,COPD,Medicare,4,0,1,5,0,1.42,7,Home,0.05,0
PT-104076,89,Male,Pneumonia,Private,4,1,1,6,2,5.61,5,Home,1.22,1
PT-104077,61,Female,Heart Failure,Private,5,1,2,5,2,4.36,20,Home,0.99,1
PT-104078,36,Female,Other,Medicare,3,1,1,7,1,1.03,12,Home,0.13,0
PT-104079,73,Female,Other,Private,4,0,2,5,0,3.58,8,Skilled Nursing,1.45,1
PT-104080,83,Female,Kidney Disease,Medicare,13,2,1,6,3,1.04,14,Home,2.43,1
PT-104081,38,Male,Kidney Disease,Self-pay,8,0,2,2,3,2.55,11,Home,0.44,1
PT-104082,74,Male,Diabetes,Medicare,6,0,2,1,2,1.34,9,Home,1.73,0
PT-104083,75,Female,Diabetes,Medicare,3,1,0,5,1,2.2,7,Home,1.17,0
PT-104084,54,Male,Pneumonia,Medicaid,1,1,0,11,0,3.8,4,Home,0.74,0
PT-104085,64,Male,COPD,Private,6,1,0,6,3,1.22,10,Home,1.58,0
PT-104086,37,Female,COPD,Medicare,4,0,0,6,0,3.05,13,Rehab,0.57,0
PT-104087,85,Female,Diabetes,Self-pay,3,0,1,3,1,2.35,2,Home,1.27,1
PT-104088,89,Male,Kidney Disease,Medicare,4,0,0,4,1,1.19,10,Home,0.86,0
PT-104089,89,Female,Pneumonia,Private,1,2,2,2,2,2.18,10,Skilled Nursing,1.75,1
PT-104090,71,Female,Other,Medicare,2,1,5,10,4,3.14,4,Home Health,1.7,1
PT-104091,21,Female,Diabetes,Self-pay,8,0,1,5,4,3.96,8,Home,0.0,1
PT-104092,44,Male,Other,Private,1,0,0,9,5,1.06,1,Home,0.62,0
PT-104093,50,Female,Other,Private,8,1,2,4,1,3.54,9,Home,0.55,1
PT-104094,88,Female,Diabetes,Medicaid,10,0,0,10,2,3.17,10,Home,1.5,1
PT-104095,57,Male,Heart Failure,Private,6,1,3,7,5,1.06,12,Home,0.99,1
PT-104096,57,Female,Heart Failure,Private,6,0,0,3,3,3.46,10,Home Health,1.33,1
PT-104097,28,Female,Other,Medicaid,2,2,0,5,5,2.11,13,Home,0.0,1
PT-104098,75,Male,Kidney Disease,Private,2,0,2,9,2,4.85,5,Home,1.65,1
PT-104099,42,Male,Heart Failure,Private,3,0,1,8,3,0.7,12,Home,1.12,1
PT-104100,24,Male,Diabetes,Medicaid,1,1,0,10,3,0.89,6,Home,0.81,0
PT-104101,90,Female,Diabetes,Private,2,0,0,6,3,6.28,4,Rehab,1.87,1
PT-104102,31,Female,Kidney Disease,Medicaid,4,0,3,3,1,1.83,5,Skilled Nursing,0.9,0
PT-104103,19,Female,Pneumonia,Private,3,1,1,4,1,3.08,2,Skilled Nursing,0.0,0
PT-104104,23,Male,Kidney Disease,Medicaid,5,1,1,5,1,2.22,10,Home Health,0.07,1
PT-104105,51,Female,Other,Medicare,8,0,0,8,1,5.05,2,Home Health,1.19,0
PT-104106,25,Female,COPD,Medicare,5,1,0,3,3,3.16,12,Home,0.34,1
PT-104107,79,Male,Heart Failure,Medicare,6,2,0,1,3,1.76,10,Home,1.39,0
PT-104108,55,Male,COPD,Medicaid,1,0,2,3,1,4.06,10,Skilled Nursing,0.18,0
PT-104109,41,Female,Other,Private,8,0,3,8,1,1.97,7,Home,1.02,1
PT-104110,18,Male,Other,Private,1,1,2,7,2,5.94,1,Home,0.05,1
PT-104111,53,Female,Heart Failure,Medicaid,3,1,1,4,4,2.27,6,Home,1.08,1
PT-104112,29,Female,Kidney Disease,Medicaid,2,0,0,5,1,0.66,8,Home,0.3,1
PT-104113,89,Male,Kidney Disease,Medicare,1,0,2,7,5,3.16,6,Skilled Nursing,1.47,1
PT-104114,39,Male,COPD,Private,4,2,0,11,3,3.88,12,Rehab,0.89,1
PT-104115,52,Female,COPD,Medicaid,6,0,0,4,2,3.3,6,Home Health,0.79,0
PT-104116,19,Male,Pneumonia,Private,11,2,1,5,3,3.05,11,Home,0.0,1
PT-104117,27,Male,Heart Failure,Medicaid,5,2,0,6,1,1.83,4,Home,0.0,1
PT-104118,33,Female,Other,Private,2,0,1,5,2,4.43,13,Home Health,0.93,0
PT-104119,21,Female,Heart Failure,Medicare,3,1,0,5,2,5.81,14,Home,0.0,1
PT-104120,70,Female,Heart Failure,Medicaid,1,1,0,1,3,1.38,5,Home,1.42,0
PT-104121,87,Male,Other,Private,3,0,0,3,0,0.87,13,Home,1.83,0
PT-104122,89,Male,Diabetes,Medicare,4,0,1,3,3,6.55,9,Home Health,1.58,1
PT-104123,37,Female,Other,Medicaid,6,1,2,7,2,1.97,3,Home Health,1.66,1
PT-104124,75,Male,Heart Failure,Medicaid,7,0,0,2,1,0.94,9,Home,1.79,0
PT-104125,54,Female,Pneumonia,Private,6,0,0,7,1,2.52,10,Home,0.55,0
PT-104126,21,Male,Kidney Disease,Private,2,1,5,2,1,0.27,1,Home,0.16,1
PT-104127,24,Male,Heart Failure,Self-pay,1,0,0,6,0,3.18,5,Skilled Nursing,0.0,0
PT-104128,57,Female,Diabetes,Private,7,1,3,5,1,0.91,9,Skilled Nursing,1.27,0
PT-104129,48,Female,Diabetes,Private,1,1,3,3,1,3.48,2,Home Health,1.92,1
PT-104130,18,Male,Kidney Disease,Private,14,1,1,4,2,6.58,1,Rehab,0.4,1
PT-104131,85,Female,Heart Failure,Private,2,0,3,5,3,0.37,13,Home,1.5,1
PT-104132,71,Female,Diabetes,Private,9,0,1,4,1,2.59,18,Skilled Nursing,1.54,1
PT-104133,54,Male,Diabetes,Medicare,2,2,3,5,1,1.67,11,Home Health,0.05,0
PT-104134,90,Female,Other,Self-pay,6,0,1,5,2,1.34,7,Home,2.45,0
PT-104135,88,Male,Pneumonia,Medicare,1,0,1,5,5,1.93,5,Skilled Nursing,1.83,1
PT-104136,89,Female,Other,Private,4,0,0,3,0,2.04,13,Home,1.1,0
PT-104137,36,Male,Heart Failure,Private,1,0,1,3,2,2.24,6,Home Health,0.0,1
PT-104138,82,Male,Other,Medicaid,5,1,1,6,4,4.13,15,Home,2.05,1
PT-104139,54,Female,Other,Medicaid,1,1,0,6,2,2.47,10,Rehab,1.24,0
PT-104140,71,Male,Heart Failure,Private,2,1,0,6,2,2.44,12,Home Health,1.23,0
PT-104141,80,Female,Pneumonia,Medicaid,3,0,0,7,2,0.73,11,Home,1.79,1
PT-104142,29,Female,Kidney Disease,Private,3,1,0,4,4,4.28,5,Home,0.67,0
PT-104143,50,Female,Pneumonia,Private,6,4,2,4,1,0.52,14,Home,0.43,1
PT-104144,27,Female,COPD,Private,5,0,3,5,4,2.66,11,Home,0.88,1
PT-104145,38,Male,Diabetes,Medicare,4,1,1,4,2,5.2,2,Home,0.73,1
PT-104146,48,Other,Heart Failure,Private,7,1,0,4,2,4.09,3,Rehab,0.74,1
PT-104147,80,Male,Other,Private,5,1,0,2,2,2.03,1,Home,2.15,1
PT-104148,80,Male,Kidney Disease,Private,6,0,1,2,2,1.52,8,Home,1.54,0
PT-104149,46,Male,Other,Medicare,2,2,1,5,3,2.55,7,Home Health,1.17,1
PT-104150,42,Female,COPD,Medicare,8,0,1,8,3,5.83,13,Home Health,0.11,1
PT-104151,56,Male,Diabetes,Private,7,1,2,10,1,1.8,17,Home,1.68,1
PT-104152,84,Female,COPD,Private,5,2,1,4,3,2.18,11,Home,2.64,1
PT-104153,89,Male,Pneumonia,Self-pay,7,0,3,10,2,2.32,1,Home,1.29,1
PT-104154,34,Female,Pneumonia,Private,4,0,3,4,2,0.19,11,Skilled Nursing,0.0,1
PT-104155,31,Female,Other,Private,11,0,2,6,1,4.82,6,Home,0.53,1
PT-104156,69,Male,Diabetes,Self-pay,4,1,1,3,5,2.96,9,Home,2.44,1
PT-104157,40,Female,Other,Medicaid,4,2,0,8,2,2.88,15,Home,1.15,1
PT-104158,32,Female,Other,Private,5,1,1,2,1,2.46,4,Rehab,0.32,1
PT-104159,20,Male,Diabetes,Private,13,0,0,5,3,2.03,1,Home Health,0.38,1
PT-104160,47,Male,COPD,Private,3,1,2,7,4,3.21,8,Home Health,0.55,1
PT-104161,46,Male,Diabetes,Private,5,0,0,4,1,2.43,1,Home,0.89,0
PT-104162,59,Male,Kidney Disease,Medicare,3,0,0,4,0,1.25,8,Home Health,0.22,0
PT-104163,32,Male,Pneumonia,Private,4,0,0,4,0,0.93,8,Home,0.78,1
PT-104164,70,Male,Other,Private,2,2,2,8,2,3.17,1,Home,1.59,1
PT-104165,67,Male,Other,Private,5,2,2,3,5,1.02,5,Home Health,0.98,1
PT-104166,51,Male,Pneumonia,Private,4,1,3,2,2,2.05,13,Home,1.11,1
PT-104167,31,Female,Diabetes,Medicare,7,0,1,2,3,2.33,15,Home,0.47,0
PT-104168,55,Female,Heart Failure,Medicaid,8,3,2,3,2,5.11,14,Home,0.56,1
PT-104169,67,Male,Diabetes,Private,9,1,1,6,2,2.25,14,Home,1.18,0
PT-104170,45,Other,Diabetes,Medicaid,3,0,2,6,1,1.55,9,Home,0.95,1
PT-104171,37,Male,Other,Medicaid,5,1,2,6,3,3.09,1,Rehab,0.9,1
PT-104172,54,Male,Other,Medicare,10,3,0,8,4,5.58,12,Home,1.43,1
PT-104173,43,Female,Pneumonia,Private,2,0,2,3,1,1.75,7,Home,0.39,1
PT-104174,47,Male,Other,Private,4,2,0,5,2,0.8,1,Home,0.23,1
PT-104175,43,Female,Heart Failure,Private,2,0,1,4,0,2.27,10,Home,0.21,0
PT-104176,40,Male,Pneumonia,Medicaid,12,0,3,10,4,1.16,7,Home,1.24,1
PT-104177,70,Female,Diabetes,Medicare,9,2,0,6,5,0.73,8,Home,1.63,1
PT-104178,51,Male,Diabetes,Medicaid,6,0,1,4,1,0.51,4,Home,1.17,0
PT-104179,52,Male,COPD,Private,6,0,0,6,2,2.31,4,Home,0.31,1
PT-104180,65,Female,Kidney Disease,Self-pay,2,2,1,5,3,2.32,9,Home,1.37,1
PT-104181,44,Female,Heart Failure,Medicaid,10,0,0,5,0,3.34,7,Home Health,0.67,0
PT-104182,25,Female,Diabetes,Medicaid,3,1,0,4,4,2.88,7,Home,0.82,0
PT-104183,80,Male,COPD,Private,2,0,0,7,5,1.53,3,Home,2.01,1
PT-104184,22,Male,COPD,Private,9,1,1,5,0,5.62,2,Skilled Nursing,0.0,0
PT-104185,59,Female,Heart Failure,Private,3,1,4,8,0,2.61,4,Rehab,1.43,1
PT-104186,37,Female,Pneumonia,Private,3,3,0,5,3,4.47,12,Home,0.46,1
PT-104187,33,Male,Heart Failure,Medicaid,7,1,0,4,1,3.49,11,Home,0.04,1
PT-104188,21,Male,Heart Failure,Medicare,1,0,2,4,3,1.37,1,Skilled Nursing,0.0,1
PT-104189,83,Male,Diabetes,Medicare,6,0,3,3,1,1.9,8,Rehab,1.65,1
PT-104190,49,Male,Heart Failure,Medicaid,4,1,1,6,0,2.02,5,Skilled Nursing,1.22,1
PT-104191,43,Male,Pneumonia,Medicaid,7,0,1,7,6,3.29,18,Home,1.31,1
PT-104192,72,Male,Pneumonia,Private,6,1,0,3,1,3.19,4,Home Health,1.87,1
PT-104193,20,Female,Pneumonia,Medicare,18,0,2,5,3,3.64,3,Home,0.96,1
PT-104194,59,Male,Other,Private,5,0,0,3,4,2.2,4,Home,1.75,0
PT-104195,54,Male,Other,Medicare,3,2,3,4,0,3.73,14,Home Health,0.76,1
PT-104196,58,Female,Pneumonia,Medicaid,4,0,0,2,1,2.83,1,Home Health,0.0,0
PT-104197,27,Male,Other,Private,6,1,3,9,2,1.35,3,Rehab,1.21,1
PT-104198,87,Female,COPD,Private,12,0,1,8,3,1.83,8,Home Health,2.23,1
PT-104199,35,Male,Diabetes,Medicare,6,0,1,5,0,3.51,10,Home,0.82,0
PT-104200,67,Female,Diabetes,Private,2,0,2,6,3,1.15,11,Home,0.04,1
PT-104201,72,Male,Heart Failure,Medicaid,30,1,1,12,1,2.53,1,Home Health,2.78,1
PT-104202,43,Other,Other,Medicare,8,2,3,3,5,2.74,4,Skilled Nursing,2.15,1
PT-104203,27,Female,Heart Failure,Self-pay,2,1,0,7,4,0.29,10,Home,1.35,1
PT-104204,39,Female,Diabetes,Private,2,1,2,2,1,3.43,4,Home,0.0,0
PT-104205,76,Male,Kidney Disease,Private,1,1,0,6,3,1.47,2,Home,0.44,1
PT-104206,84,Male,COPD,Medicaid,4,0,0,3,1,5.55,11,Home Health,0.99,1
PT-104207,86,Male,COPD,Private,4,1,2,4,3,1.19,14,Home Health,1.92,1
PT-104208,34,Female,Diabetes,Private,2,0,0,4,4,4.27,5,Home,0.79,0
PT-104209,62,Female,Other,Private,1,2,1,8,1,1.4,6,Home,0.74,1
PT-104210,29,Male,Heart Failure,Medicare,2,2,0,3,3,2.13,3,Home Health,0.76,0
PT-104211,69,Female,Heart Failure,Medicare,6,0,1,3,1,4.7,12,Home,1.02,1
PT-104212,48,Male,Other,Medicare,3,1,0,5,2,4.9,17,Home Health,0.64,1
PT-104213,70,Male,Diabetes,Private,2,2,0,3,1,3.13,8,Home,1.17,1
PT-104214,68,Male,Other,Private,4,0,0,1,1,0.71,7,Rehab,0.4,0
PT-104215,90,Female,Diabetes,Medicare,5,0,0,8,1,1.51,7,Home,1.47,1
PT-104216,53,Female,Diabetes,Private,5,1,0,5,2,1.25,9,Home,0.85,1
PT-104217,42,Other,Pneumonia,Medicare,4,3,0,4,1,1.52,1,Home Health,0.35,1
PT-104218,56,Male,Heart Failure,Medicaid,4,0,2,3,2,1.13,1,Home,0.64,1
PT-104219,29,Male,Diabetes,Private,9,0,1,3,1,6.1,15,Home,0.39,0
PT-104220,26,Male,Heart Failure,Medicaid,2,1,1,6,1,3.49,17,Home Health,0.0,1
PT-104221,55,Female,Heart Failure,Private,3,0,0,9,1,2.64,6,Home,1.25,1
PT-104222,78,Female,Heart Failure,Private,1,0,1,3,2,3.63,4,Skilled Nursing,2.08,1
PT-104223,56,Female,Diabetes,Medicare,3,0,0,4,1,0.24,14,Skilled Nursing,0.59,0
PT-104224,75,Female,Other,Medicaid,5,2,1,4,0,1.85,13,Home Health,1.58,1
PT-104225,30,Female,Diabetes,Private,7,1,0,4,3,2.75,13,Skilled Nursing,0.84,0
PT-104226,50,Female,Pneumonia,Medicare,1,0,0,3,1,4.18,2,Home,1.08,1
PT-104227,62,Male,Kidney Disease,Medicaid,5,0,1,5,0,0.77,1,Home,0.89,0
PT-104228,43,Male,Diabetes,Medicaid,13,1,0,6,0,2.86,1,Home,1.16,0
PT-104229,19,Male,Pneumonia,Medicaid,6,2,1,5,1,2.7,5,Home,0.42,1
PT-104230,23,Male,Pneumonia,Medicaid,1,2,1,3,1,1.45,5,Home,0.0,0
PT-104231,85,Male,Heart Failure,Medicaid,3,0,0,3,1,2.17,10,Home,1.01,0
PT-104232,62,Female,Other,Private,6,0,3,4,2,3.48,14,Home,0.67,0
PT-104233,37,Female,Diabetes,Self-pay,2,0,2,4,2,2.89,2,Home,0.0,1
PT-104234,36,Male,Heart Failure,Medicare,5,0,3,1,0,2.39,12,Home Health,0.15,0
PT-104235,20,Other,Diabetes,Medicaid,5,0,5,6,3,1.9,14,Home,0.39,1
PT-104236,86,Female,Heart Failure,Private,4,3,3,7,3,2.61,21,Home,1.67,1
PT-104237,25,Male,Other,Medicare,1,1,2,5,1,2.69,9,Home Health,0.0,0
PT-104238,73,Female,Heart Failure,Private,2,1,3,6,2,4.33,8,Home,0.88,1
PT-104239,35,Female,Pneumonia,Medicare,14,2,1,7,2,2.08,7,Home,1.25,1
PT-104240,42,Male,COPD,Medicare,3,1,2,2,2,5.39,9,Home,0.75,1
PT-104241,37,Female,Heart Failure,Private,3,0,1,2,5,1.02,19,Home Health,0.95,0
PT-104242,78,Male,Other,Private,3,1,3,5,3,2.75,12,Home,1.51,1
PT-104243,20,Other,Kidney Disease,Medicaid,7,0,2,6,2,2.72,9,Home,0.0,1
PT-104244,43,Female,Heart Failure,Private,3,0,3,5,2,1.06,1,Home Health,0.64,0
PT-104245,38,Male,COPD,Private,4,1,1,3,2,3.59,10,Home,0.0,1
PT-104246,37,Female,Diabetes,Medicare,5,1,1,4,1,3.45,3,Home Health,0.44,1
PT-104247,32,Female,Heart Failure,Medicare,8,1,0,5,0,4.9,15,Home,0.11,1
PT-104248,84,Female,Diabetes,Medicare,4,2,1,3,1,2.91,7,Skilled Nursing,0.96,1
PT-104249,45,Female,Other,Medicaid,4,2,0,5,3,0.42,1,Skilled Nursing,0.57,1
PT-104250,48,Female,Other,Self-pay,3,2,1,2,1,2.02,1,Home,0.51,0
PT-104251,46,Female,Diabetes,Medicare,5,1,0,4,3,4.81,5,Rehab,0.43,1
PT-104252,89,Female,Other,Medicare,6,2,0,4,4,3.68,8,Home,2.77,1
PT-104253,42,Female,COPD,Medicaid,6,0,0,8,3,3.52,7,Home,1.2,1
PT-104254,42,Male,Diabetes,Self-pay,13,2,0,2,5,2.29,6,Home,1.13,1
PT-104255,41,Male,Kidney Disease,Self-pay,2,0,1,3,3,2.14,17,Home Health,0.76,1
PT-104256,41,Female,Other,Medicaid,4,1,1,3,0,1.03,5,Home,0.24,0
PT-104257,24,Female,Heart Failure,Medicaid,3,1,3,3,1,3.32,5,Home,0.1,0
PT-104258,62,Male,COPD,Private,11,1,1,12,4,4.25,8,Home,1.91,1
PT-104259,19,Male,Diabetes,Medicare,7,3,1,3,2,2.81,6,Home Health,0.0,1
PT-104260,34,Female,Diabetes,Private,1,2,1,8,0,4.4,9,Home Health,0.0,0
PT-104261,32,Male,Other,Self-pay,2,0,2,4,4,1.18,3,Home,0.52,1
PT-104262,39,Female,Diabetes,Self-pay,3,1,2,8,1,5.66,9,Rehab,0.0,1
PT-104263,73,Female,Other,Medicaid,1,0,0,5,3,0.22,1,Home,1.47,1
PT-104264,61,Female,Heart Failure,Private,4,2,1,4,0,2.32,3,Home,1.55,0
PT-104265,90,Female,Other,Private,3,0,1,2,2,1.04,6,Skilled Nursing,2.09,0
PT-104266,43,Male,Pneumonia,Self-pay,13,0,2,1,4,4.77,5,Home,1.47,1
PT-104267,85,Male,Pneumonia,Medicare,5,0,3,3,2,1.47,8,Skilled Nursing,1.35,1
PT-104268,21,Male,Diabetes,Private,3,0,1,7,1,0.83,3,Skilled Nursing,0.0,0
PT-104269,54,Male,COPD,Medicare,2,1,1,6,0,0.29,8,Home Health,1.19,0
PT-104270,76,Male,Heart Failure,Medicaid,4,0,0,3,1,1.22,10,Home,0.74,1
PT-104271,56,Male,Heart Failure,Medicaid,11,1,2,3,3,1.75,6,Skilled Nursing,0.69,1
PT-104272,86,Female,Kidney Disease,Private,3,0,1,6,0,0.94,8,Rehab,1.44,1
PT-104273,40,Male,COPD,Private,4,1,1,1,2,0.92,6,Home Health,0.49,1
PT-104274,20,Female,Diabetes,Medicaid,8,1,2,5,2,0.17,7,Rehab,0.84,1
PT-104275,74,Male,Kidney Disease,Private,5,1,2,1,1,3.97,6,Home,1.94,1
PT-104276,22,Male,COPD,Private,7,0,2,3,2,3.01,21,Home,0.21,1
PT-104277,73,Female,Other,Medicaid,5,1,2,4,3,1.35,8,Home,1.46,1
PT-104278,71,Male,Diabetes,Medicaid,5,0,1,7,1,2.32,3,Home,1.06,0
PT-104279,79,Male,Pneumonia,Medicare,1,0,0,6,2,3.48,6,Home,0.84,1
PT-104280,52,Male,Heart Failure,Self-pay,2,0,1,6,0,0.88,1,Home,0.26,0
PT-104281,83,Male,Heart Failure,Medicare,5,0,2,2,1,2.83,1,Home,0.92,0
PT-104282,30,Female,Other,Medicare,2,2,0,4,1,2.98,8,Home,0.09,0
PT-104283,49,Male,Diabetes,Private,4,0,1,7,2,0.91,13,Home Health,0.46,0
PT-104284,26,Female,Diabetes,Medicare,1,0,0,5,3,5.69,10,Home,0.37,1
PT-104285,73,Male,Heart Failure,Private,8,3,1,1,3,2.92,8,Home,2.25,1
PT-104286,70,Male,Diabetes,Self-pay,2,0,0,2,5,4.77,12,Home Health,1.69,1
PT-104287,76,Female,Kidney Disease,Medicare,2,1,1,1,0,3.62,6,Home,1.44,1
PT-104288,73,Female,Pneumonia,Private,1,0,2,1,1,2.88,1,Rehab,1.61,1
PT-104289,40,Male,Heart Failure,Medicaid,6,0,4,2,1,1.21,10,Rehab,0.61,0
PT-104290,22,Male,COPD,Medicare,4,0,2,3,2,2.68,6,Skilled Nursing,1.2,0
PT-104291,85,Male,Pneumonia,Medicare,8,3,2,4,1,1.42,10,Home Health,2.24,1
PT-104292,53,Male,Diabetes,Medicare,3,2,1,6,0,0.3,10,Home,0.5,1
PT-104293,24,Male,Heart Failure,Medicare,2,2,0,3,1,2.16,8,Home,0.0,0
PT-104294,85,Male,Kidney Disease,Medicare,4,2,0,4,1,2.8,9,Skilled Nursing,1.23,1
PT-104295,90,Female,COPD,Private,9,1,2,1,0,1.1,11,Home,1.83,1
PT-104296,50,Male,Heart Failure,Medicare,1,1,1,2,2,1.28,6,Home,0.06,0
PT-104297,74,Female,Heart Failure,Medicare,5,1,0,6,1,1.77,12,Home,1.21,1
PT-104298,20,Female,Pneumonia,Private,5,0,0,4,2,1.84,19,Home,0.0,0
PT-104299,24,Male,COPD,Medicare,10,2,1,5,2,4.7,9,Home Health,1.06,1
PT-104300,38,Female,Pneumonia,Self-pay,2,0,0,0,2,0.43,10,Home,0.31,0
PT-104301,65,Female,Diabetes,Medicare,1,0,0,1,1,0.88,15,Home,2.15,0
PT-104302,27,Female,Diabetes,Private,3,0,1,4,2,3.91,14,Home,0.15,0
PT-104303,20,Male,Other,Private,7,0,1,5,1,6.08,7,Home Health,0.0,1
PT-104304,66,Female,Heart Failure,Medicaid,4,1,0,3,3,5.89,1,Skilled Nursing,0.75,1
PT-104305,74,Male,Heart Failure,Medicaid,6,0,0,3,4,2.63,3,Home,1.48,1
PT-104306,71,Male,Pneumonia,Private,2,1,2,1,1,1.8,9,Home,2.19,1
PT-104307,76,Female,Heart Failure,Medicare,3,0,3,7,2,1.01,6,Home Health,1.58,1
PT-104308,76,Female,Diabetes,Private,4,0,2,1,2,4.65,4,Home,2.0,1
PT-104309,61,Female,Heart Failure,Medicare,1,0,1,4,3,2.09,10,Home,1.06,1
PT-104310,55,Female,Other,Medicaid,4,1,1,6,2,2.76,5,Home Health,1.71,0
PT-104311,80,Male,Other,Private,3,1,1,3,1,1.51,15,Home,1.86,0
PT-104312,43,Male,Kidney Disease,Private,20,5,1,7,1,2.32,4,Home,0.94,0
PT-104313,25,Male,Pneumonia,Medicaid,4,0,2,4,3,3.74,8,Home,0.57,0
PT-104314,72,Male,Pneumonia,Medicaid,11,3,0,3,2,2.97,6,Home,2.24,1
PT-104315,38,Female,Other,Self-pay,6,2,1,2,3,2.43,6,Home,0.0,0
PT-104316,89,Male,Pneumonia,Private,4,0,0,3,2,1.5,9,Rehab,1.36,0
PT-104317,48,Female,Other,Private,10,1,0,8,3,1.97,1,Skilled Nursing,0.19,1
PT-104318,80,Female,Diabetes,Medicare,1,0,0,5,3,1.66,8,Skilled Nursing,1.94,1
PT-104319,21,Female,Kidney Disease,Medicaid,3,1,0,4,2,2.72,12,Rehab,0.35,0
PT-104320,66,Female,Heart Failure,Private,7,1,1,2,4,2.38,12,Home,1.45,1
PT-104321,50,Female,Pneumonia,Private,1,1,1,8,0,3.82,10,Home,0.49,0
PT-104322,51,Male,Kidney Disease,Medicare,4,1,2,10,2,2.52,11,Home,1.02,1
PT-104323,37,Male,Diabetes,Medicaid,4,1,1,4,1,1.53,11,Home Health,0.57,1
PT-104324,88,Female,Other,Private,5,1,0,10,5,1.54,15,Home Health,3.27,0
PT-104325,46,Male,COPD,Medicare,3,2,1,3,3,1.73,9,Home,0.76,1
PT-104326,80,Female,Kidney Disease,Private,7,1,1,10,3,3.42,7,Home,1.83,1
PT-104327,49,Male,Heart Failure,Private,2,0,3,3,3,4.21,4,Home Health,1.17,1
PT-104328,21,Male,COPD,Private,8,0,2,6,3,3.87,7,Home,0.77,1
PT-104329,82,Male,Heart Failure,Medicare,2,0,1,2,1,4.89,11,Home,1.47,1
PT-104330,31,Female,Other,Private,5,0,1,3,0,0.9,12,Home,0.28,1
PT-104331,37,Female,Other,Private,9,3,0,5,1,0.98,6,Home Health,0.64,1
PT-104332,80,Male,COPD,Medicare,2,1,0,0,0,1.37,6,Home,1.15,0
PT-104333,83,Female,COPD,Medicare,2,1,1,3,1,1.9,11,Home,2.95,1
PT-104334,84,Male,Pneumonia,Medicare,8,2,1,5,2,5.69,14,Home,1.94,1
PT-104335,49,Female,Kidney Disease,Private,4,0,3,7,4,0.84,19,Skilled Nursing,1.82,0
PT-104336,73,Female,Kidney Disease,Medicare,1,0,1,6,0,1.39,11,Home Health,0.91,1
PT-104337,41,Male,COPD,Private,5,0,2,5,2,1.98,5,Home Health,0.1,0
PT-104338,72,Male,Other,Medicare,6,1,1,5,0,3.84,3,Skilled Nursing,0.55,1
PT-104339,54,Female,Heart Failure,Private,8,2,3,5,4,1.77,16,Home,1.24,1
PT-104340,21,Male,Diabetes,Private,5,2,1,8,2,3.27,10,Home,0.0,1
PT-104341,48,Female,Pneumonia,Private,6,1,1,4,1,4.32,6,Home,1.41,1
PT-104342,52,Male,Kidney Disease,Medicare,11,2,0,8,3,4.6,5,Home Health,1.13,0
PT-104343,36,Female,Kidney Disease,Self-pay,7,2,1,7,1,2.33,16,Home Health,0.63,1
PT-104344,45,Male,Heart Failure,Private,3,3,1,5,2,0.86,7,Skilled Nursing,0.34,1
PT-104345,54,Female,Diabetes,Private,4,0,0,2,1,3.46,14,Rehab,0.02,0
PT-104346,21,Male,Other,Medicaid,9,0,2,6,1,1.1,12,Home,0.0,1
PT-104347,29,Female,Kidney Disease,Medicare,5,3,0,3,1,3.11,7,Home Health,0.93,0
PT-104348,73,Female,COPD,Self-pay,4,0,0,6,1,4.94,17,Home,1.66,1
PT-104349,43,Male,Heart Failure,Medicare,3,1,3,3,6,1.24,8,Home Health,1.05,1
PT-104350,62,Male,Heart Failure,Self-pay,8,2,0,5,2,4.06,6,Home,0.67,1
PT-104351,59,Male,COPD,Medicare,2,2,0,2,4,2.4,15,Home,1.27,1
PT-104352,58,Male,COPD,Private,3,0,0,3,4,2.95,12,Home,1.69,0
PT-104353,48,Male,Diabetes,Medicaid,8,1,2,5,0,7.06,6,Home,1.69,1
PT-104354,53,Female,Heart Failure,Private,8,0,2,1,2,2.45,12,Home,2.14,1
PT-104355,78,Female,Diabetes,Medicare,16,1,2,7,1,2.93,14,Home,2.01,1
PT-104356,88,Female,Heart Failure,Medicaid,4,1,1,5,0,5.64,11,Home,1.2,1
PT-104357,36,Male,Heart Failure,Medicaid,3,1,0,3,1,2.29,5,Home,0.45,0
PT-104358,66,Male,Pneumonia,Medicare,3,1,3,7,1,5.04,10,Home Health,0.82,1
PT-104359,88,Female,Other,Self-pay,1,0,0,6,4,4.87,3,Home,2.4,1
PT-104360,18,Male,Heart Failure,Medicare,1,2,1,6,3,1.99,6,Home,0.82,1
PT-104361,75,Female,COPD,Medicaid,5,0,0,7,2,6.41,6,Home Health,1.29,0
PT-104362,54,Female,Pneumonia,Medicaid,3,1,0,5,3,3.35,12,Home Health,1.33,0
PT-104363,88,Female,Other,Private,2,2,1,5,0,3.71,13,Home Health,2.19,0
PT-104364,60,Female,Diabetes,Private,4,0,2,5,3,4.18,1,Home Health,0.56,1
PT-104365,79,Female,Other,Medicaid,5,1,2,4,1,7.2,10,Home,2.08,1
PT-104366,30,Female,Heart Failure,Medicaid,4,1,0,6,4,1.74,8,Home,0.59,1
PT-104367,28,Male,Pneumonia,Private,4,2,0,4,2,5.74,10,Home,0.07,1
PT-104368,85,Male,Pneumonia,Private,3,0,1,10,3,5.8,16,Skilled Nursing,1.04,1
PT-104369,56,Male,Pneumonia,Private,7,1,1,4,4,2.26,6,Home Health,1.46,1
PT-104370,58,Female,Heart Failure,Medicare,3,0,4,9,4,1.63,7,Rehab,1.59,1
PT-104371,30,Male,Kidney Disease,Medicare,2,2,0,4,5,0.82,12,Home,1.7,1
PT-104372,34,Male,Heart Failure,Private,3,1,2,9,0,0.79,8,Home,0.0,0
PT-104373,77,Female,Diabetes,Medicare,5,0,2,2,2,1.66,1,Home Health,2.1,0
PT-104374,40,Female,Diabetes,Private,7,0,2,5,2,0.71,17,Rehab,1.32,0
PT-104375,60,Female,Pneumonia,Self-pay,13,0,1,4,3,4.39,9,Home,1.2,1
PT-104376,41,Male,Pneumonia,Private,4,0,2,2,2,3.94,13,Home,1.08,1
PT-104377,37,Female,Pneumonia,Medicare,11,0,3,6,1,2.4,6,Home,0.0,1
PT-104378,30,Female,Diabetes,Private,2,2,0,2,3,0.93,1,Home,1.4,1
PT-104379,85,Male,Pneumonia,Self-pay,2,2,1,11,2,2.53,8,Home Health,1.63,1
PT-104380,86,Male,Pneumonia,Medicaid,5,1,0,5,2,5.97,9,Rehab,1.34,1
PT-104381,26,Male,Diabetes,Self-pay,6,0,0,7,3,1.35,14,Rehab,0.25,1
PT-104382,43,Female,Diabetes,Private,5,0,1,5,3,2.63,6,Home Health,0.78,1
PT-104383,59,Male,Other,Private,20,0,0,4,1,3.36,13,Skilled Nursing,0.9,1
PT-104384,45,Male,COPD,Private,3,1,1,2,1,3.18,2,Home,1.22,0
PT-104385,70,Female,Kidney Disease,Self-pay,9,2,0,7,1,4.77,6,Skilled Nursing,1.6,1
PT-104386,36,Female,Kidney Disease,Medicaid,2,1,0,6,3,6.03,9,Home,0.55,1
PT-104387,22,Male,COPD,Medicare,6,1,0,5,1,2.71,3,Home,0.0,0
PT-104388,42,Female,Other,Private,4,0,0,4,2,8.12,16,Home,0.91,1
PT-104389,61,Male,Diabetes,Self-pay,5,0,0,2,0,1.13,7,Home,1.31,0
PT-104390,31,Female,COPD,Medicare,6,0,1,3,3,2.55,4,Home,0.71,1
PT-104391,77,Female,Other,Medicaid,4,1,0,4,6,2.49,3,Home Health,1.84,1
PT-104392,18,Female,Pneumonia,Private,4,0,2,8,3,3.91,2,Home,0.0,1
PT-104393,22,Female,Kidney Disease,Self-pay,1,0,3,1,4,4.98,12,Home,0.38,1
PT-104394,55,Male,Other,Private,8,1,0,2,2,0.2,4,Home,1.14,1
PT-104395,55,Female,COPD,Medicaid,1,0,1,6,2,1.5,10,Rehab,1.25,0
PT-104396,39,Male,Kidney Disease,Private,3,0,2,4,4,3.27,6,Home,0.92,0
PT-104397,36,Male,COPD,Private,5,0,4,7,1,3.14,13,Home Health,0.0,1
PT-104398,23,Female,Heart Failure,Medicare,2,1,2,5,2,0.84,10,Home,0.36,0
PT-104399,66,Female,Heart Failure,Medicaid,4,0,3,5,2,2.32,12,Skilled Nursing,1.03,1
PT-104400,45,Female,COPD,Private,7,2,1,4,0,2.24,21,Home,0.12,1
PT-104401,26,Male,Other,Private,3,1,2,4,1,1.15,6,Home,0.0,0
PT-104402,47,Female,Pneumonia,Medicare,4,0,2,7,0,3.77,9,Skilled Nursing,0.16,1
PT-104403,86,Female,Other,Private,2,0,1,5,0,0.91,9,Rehab,0.5,1
PT-104404,37,Male,Heart Failure,Private,3,0,2,4,2,3.14,10,Home Health,0.3,1
PT-104405,83,Male,COPD,Private,1,0,1,3,1,5.39,6,Home,1.99,0
PT-104406,36,Male,Diabetes,Private,5,1,0,8,5,2.32,12,Home,0.77,1
PT-104407,31,Female,Pneumonia,Private,1,0,2,2,2,7.03,19,Home,0.0,0
PT-104408,37,Female,Heart Failure,Private,2,1,1,5,2,6.02,8,Home,0.0,1
PT-104409,41,Male,Diabetes,Medicare,4,1,1,7,2,0.39,8,Home,1.77,1
PT-104410,26,Male,Kidney Disease,Private,4,2,0,6,1,5.98,3,Skilled Nursing,0.27,1
PT-104411,60,Female,Kidney Disease,Medicaid,5,1,0,3,1,1.03,1,Home,1.1,1
PT-104412,42,Female,COPD,Private,4,0,1,4,1,5.33,3,Home,0.49,1
PT-104413,70,Female,COPD,Private,1,0,1,3,2,4.41,2,Home Health,0.27,1
PT-104414,53,Other,COPD,Private,2,0,1,3,4,2.93,2,Home,0.12,1
PT-104415,50,Male,Diabetes,Private,4,1,1,3,1,1.13,5,Home,0.18,1
PT-104416,52,Female,Diabetes,Medicare,8,0,2,2,1,4.37,3,Home,0.53,0
PT-104417,29,Male,Pneumonia,Private,7,1,1,3,1,3.71,4,Home,0.0,1
PT-104418,70,Female,Diabetes,Medicare,20,1,0,5,4,2.05,3,Home Health,1.91,1
PT-104419,25,Male,Heart Failure,Private,3,1,2,3,5,0.91,3,Home,1.02,1
PT-104420,70,Male,Heart Failure,Private,7,1,1,3,0,1.42,20,Home,1.87,1
PT-104421,90,Male,Heart Failure,Self-pay,6,3,1,2,1,0.87,4,Home,1.67,1
PT-104422,73,Male,Heart Failure,Medicaid,11,1,0,6,1,3.53,5,Home,1.37,0
PT-104423,51,Female,Other,Private,9,2,1,5,5,3.22,10,Home,1.56,0
PT-104424,40,Male,Diabetes,Medicare,5,0,1,4,0,1.39,2,Skilled Nursing,0.45,1
PT-104425,81,Female,Heart Failure,Private,6,0,2,4,0,2.53,1,Home,1.47,1
PT-104426,36,Male,Other,Medicaid,5,0,2,2,0,2.29,2,Rehab,0.6,1
PT-104427,53,Male,Diabetes,Private,4,1,0,7,2,0.41,7,Home,1.26,1
PT-104428,74,Female,Pneumonia,Self-pay,6,0,1,3,2,3.61,9,Home,1.88,0
PT-104429,85,Male,Pneumonia,Private,5,1,0,5,2,2.1,11,Rehab,1.72,1
PT-104430,85,Female,Heart Failure,Private,4,0,2,3,4,1.26,10,Home,2.3,1
PT-104431,24,Female,Other,Self-pay,11,1,1,5,8,3.41,16,Home,0.0,1
PT-104432,83,Male,Kidney Disease,Medicare,5,0,3,5,3,3.43,8,Home,1.87,1
PT-104433,26,Male,Kidney Disease,Private,4,2,0,5,3,0.95,8,Home,0.69,1
PT-104434,60,Male,Pneumonia,Self-pay,4,1,1,6,3,0.98,3,Home,0.64,1
PT-104435,85,Male,Kidney Disease,Private,3,0,0,3,1,3.39,8,Home Health,2.04,1
PT-104436,65,Female,Pneumonia,Private,2,0,0,2,2,0.57,4,Skilled Nursing,0.0,0
PT-104437,87,Female,Heart Failure,Medicare,4,1,3,3,3,3.07,2,Home,1.02,1
PT-104438,43,Female,Diabetes,Medicare,8,3,2,5,6,3.17,17,Home,1.38,1
PT-104439,40,Male,Pneumonia,Medicaid,3,1,2,7,3,2.04,2,Home,0.0,1
PT-104440,41,Other,Other,Private,15,1,2,4,2,2.19,17,Home,0.99,0
PT-104441,43,Male,Other,Medicare,1,0,3,9,3,3.06,14,Home,1.33,0
PT-104442,67,Male,Diabetes,Medicare,6,3,3,5,3,6.99,8,Home Health,1.63,1
PT-104443,51,Female,Pneumonia,Private,5,0,3,1,0,0.75,1,Home,0.33,1
PT-104444,71,Female,Kidney Disease,Private,11,0,1,10,2,0.98,7,Home,2.0,1
PT-104445,48,Female,Other,Private,2,1,1,5,2,2.64,3,Home,0.0,1
PT-104446,40,Female,Pneumonia,Medicare,1,2,5,7,1,3.04,16,Skilled Nursing,0.84,1
PT-104447,31,Male,Heart Failure,Private,3,1,0,3,1,4.96,11,Home Health,0.17,1
PT-104448,58,Female,COPD,Private,3,0,1,8,0,1.14,13,Home Health,0.0,0
PT-104449,83,Male,Other,Private,1,0,1,3,1,1.16,7,Home Health,1.18,1
PT-104450,80,Female,Kidney Disease,Private,4,2,1,3,3,5.18,8,Home,1.76,1
PT-104451,36,Female,Pneumonia,Private,3,0,2,5,1,4.05,11,Home,0.45,1
PT-104452,52,Female,Heart Failure,Self-pay,10,0,0,1,3,1.76,6,Home,1.95,0
PT-104453,69,Male,Heart Failure,Medicare,4,1,1,4,3,1.92,16,Home,1.28,1
PT-104454,62,Male,Kidney Disease,Medicaid,2,2,3,5,2,4.96,5,Rehab,1.06,1
PT-104455,22,Female,Pneumonia,Private,4,2,2,5,4,1.36,15,Home,0.13,1
PT-104456,61,Male,Kidney Disease,Private,5,1,1,5,2,4.23,3,Home,0.78,1
PT-104457,20,Female,Heart Failure,Medicaid,6,1,1,2,0,4.24,5,Rehab,0.87,1
PT-104458,26,Male,Diabetes,Private,4,1,0,6,2,1.68,7,Home,0.72,0
PT-104459,65,Male,Kidney Disease,Medicaid,14,0,0,3,2,5.95,6,Home,0.66,1
PT-104460,25,Female,Diabetes,Medicare,1,1,2,2,3,1.65,4,Home,0.37,1
PT-104461,42,Male,Other,Private,3,0,0,7,3,4.39,1,Skilled Nursing,0.35,1
PT-104462,60,Male,Heart Failure,Medicare,2,0,1,4,0,4.07,9,Skilled Nursing,0.84,0
PT-104463,65,Male,Other,Self-pay,3,2,2,3,1,0.32,4,Home,0.0,0
PT-104464,50,Female,Other,Medicare,5,2,2,4,1,1.48,6,Home,0.04,1
PT-104465,24,Female,Heart Failure,Medicaid,5,1,1,6,2,4.84,11,Home,0.12,1
PT-104466,76,Female,Pneumonia,Private,6,1,1,5,3,3.75,4,Home,1.99,1
PT-104467,87,Male,COPD,Private,4,0,3,3,2,0.71,8,Home,1.7,0
PT-104468,82,Male,Diabetes,Medicaid,5,1,3,4,3,2.82,4,Home Health,1.23,1
PT-104469,72,Female,COPD,Self-pay,4,1,1,5,1,3.64,16,Home,1.52,1
PT-104470,47,Male,COPD,Medicare,3,1,1,4,1,1.29,12,Home Health,0.49,0
PT-104471,81,Male,Heart Failure,Medicaid,3,0,0,6,1,3.96,8,Rehab,1.22,1
PT-104472,53,Male,Heart Failure,Private,2,1,0,4,0,3.92,8,Home,0.17,1
PT-104473,27,Female,Diabetes,Medicare,6,1,1,3,2,4.31,1,Home Health,1.06,1
PT-104474,80,Female,Kidney Disease,Private,1,0,0,7,0,2.65,5,Home,1.04,1
PT-104475,41,Female,COPD,Medicare,4,0,2,2,4,5.04,16,Skilled Nursing,1.31,1
PT-104476,86,Female,Pneumonia,Private,7,0,2,3,3,4.63,5,Home,1.75,1
PT-104477,44,Female,Diabetes,Medicare,8,2,0,8,1,2.29,7,Skilled Nursing,0.0,1
PT-104478,81,Male,Pneumonia,Private,1,0,1,4,1,0.17,1,Home,1.53,0
PT-104479,57,Female,Pneumonia,Medicaid,3,1,2,2,2,3.9,10,Home,1.29,1
PT-104480,52,Male,Diabetes,Private,2,0,3,8,2,2.38,7,Skilled Nursing,0.1,0
PT-104481,39,Female,COPD,Private,3,1,0,10,1,4.4,2,Home,0.91,1
PT-104482,79,Male,Other,Private,9,1,1,6,1,4.12,1,Home Health,1.39,1
PT-104483,22,Female,Diabetes,Medicare,2,1,2,7,2,3.61,18,Rehab,0.73,1
PT-104484,52,Male,Pneumonia,Private,7,0,0,7,3,2.92,5,Home,1.08,1
PT-104485,44,Male,Diabetes,Medicare,5,0,0,3,3,4.68,4,Home,0.35,0
PT-104486,57,Male,COPD,Private,3,2,1,8,1,1.07,12,Rehab,0.7,1
PT-104487,36,Female,Heart Failure,Private,3,1,2,12,1,5.89,1,Home,1.24,1
PT-104488,66,Male,Pneumonia,Private,5,0,1,9,1,5.76,16,Home,1.48,0
PT-104489,46,Female,Pneumonia,Private,4,0,1,5,2,2.42,5,Home Health,0.8,0
PT-104490,31,Female,Kidney Disease,Private,1,1,0,5,2,2.28,6,Home,0.67,0
PT-104491,32,Male,COPD,Medicare,2,0,0,8,1,1.4,4,Home,0.58,0
PT-104492,68,Female,Diabetes,Medicare,5,2,3,5,3,1.12,8,Home,2.13,1
PT-104493,37,Male,Pneumonia,Medicare,1,1,2,6,1,0.65,4,Rehab,1.17,0
PT-104494,40,Other,Pneumonia,Medicaid,8,1,1,2,2,3.47,7,Home Health,1.4,0
PT-104495,63,Female,Other,Private,1,2,2,9,6,1.59,3,Rehab,2.61,1
PT-104496,42,Female,Kidney Disease,Private,3,0,1,2,2,1.06,8,Home,0.32,1
PT-104497,46,Male,Heart Failure,Self-pay,6,0,2,4,1,1.25,6,Home,0.38,1
PT-104498,35,Male,Kidney Disease,Private,2,4,0,7,3,4.65,8,Home,1.68,1
PT-104499,43,Male,Diabetes,Medicaid,1,2,2,4,2,0.61,6,Skilled Nursing,0.86,0
PT-104500,68,Female,Kidney Disease,Medicaid,6,1,1,6,1,0.61,16,Home Health,1.09,1
PT-104501,56,Male,Heart Failure,Medicare,7,0,0,4,3,5.18,7,Home,0.8,1
PT-104502,90,Male,Kidney Disease,Medicaid,3,0,3,8,0,4.99,11,Home,1.85,0
PT-104503,74,Male,COPD,Private,3,0,1,4,3,5.77,7,Home,1.09,1
PT-104504,19,Male,Heart Failure,Private,1,1,0,7,1,0.93,12,Home,0.0,1
PT-104505,45,Male,Heart Failure,Medicare,4,0,0,3,4,1.65,5,Home,0.89,1
PT-104506,39,Male,Other,Medicaid,1,2,1,9,2,1.02,6,Home Health,0.66,1
PT-104507,60,Male,Diabetes,Medicaid,9,0,0,10,4,3.18,8,Home,1.5,1
PT-104508,37,Female,Pneumonia,Medicare,4,0,2,5,3,4.36,1,Home,0.13,1
PT-104509,88,Female,Diabetes,Private,2,1,1,4,2,1.58,9,Home,1.37,1
PT-104510,39,Female,COPD,Private,2,1,1,6,2,1.63,4,Skilled Nursing,0.96,0
PT-104511,56,Female,Other,Private,4,1,2,4,6,1.51,6,Home Health,1.44,0
PT-104512,26,Female,Kidney Disease,Medicaid,3,1,1,9,0,1.34,12,Home,0.9,0
PT-104513,84,Female,COPD,Private,4,0,2,6,1,4.13,8,Home,1.63,1
PT-104514,84,Male,Diabetes,Medicaid,2,2,2,3,0,0.53,5,Home,1.42,1
PT-104515,75,Female,COPD,Medicare,8,1,0,4,2,0.71,9,Home Health,0.74,1
PT-104516,43,Female,COPD,Medicare,3,1,0,3,4,6.57,5,Home,0.33,0
PT-104517,22,Male,COPD,Private,1,0,2,2,5,4.21,8,Home,0.0,0
PT-104518,69,Male,Diabetes,Medicare,3,0,0,7,1,3.33,3,Skilled Nursing,1.19,0
PT-104519,49,Male,Other,Self-pay,2,0,0,7,1,3.12,13,Home,0.0,1
PT-104520,90,Male,Diabetes,Private,8,1,1,6,2,2.7,2,Home,1.99,1
PT-104521,68,Male,COPD,Private,2,0,0,7,0,2.46,10,Rehab,1.0,1
PT-104522,57,Female,Other,Medicare,3,1,0,7,3,0.6,1,Home,0.36,1
PT-104523,90,Male,Diabetes,Private,5,0,2,6,0,3.56,7,Home,1.52,1
PT-104524,76,Female,Heart Failure,Private,6,1,1,4,2,5.75,10,Skilled Nursing,1.11,1
PT-104525,51,Male,Pneumonia,Medicare,10,2,2,7,2,2.22,3,Skilled Nursing,1.24,1
PT-104526,19,Male,Pneumonia,Self-pay,2,1,1,6,3,5.0,10,Home Health,0.0,1
PT-104527,24,Male,Diabetes,Self-pay,9,1,0,4,0,3.71,8,Home Health,0.7,1
PT-104528,50,Male,Diabetes,Private,8,1,2,9,1,4.13,6,Home Health,0.0,1
PT-104529,59,Male,Kidney Disease,Medicare,2,1,0,5,2,0.88,9,Home,1.58,1
PT-104530,20,Male,Pneumonia,Medicare,2,1,0,2,0,3.25,14,Home,0.0,0
PT-104531,27,Female,Diabetes,Medicaid,5,1,0,7,3,3.92,9,Rehab,0.75,0
PT-104532,69,Female,COPD,Private,4,0,0,5,2,1.32,2,Home,0.51,1
PT-104533,72,Male,Other,Medicare,5,0,0,7,1,3.3,3,Home Health,1.42,0
PT-104534,20,Female,Pneumonia,Medicare,3,3,3,6,2,4.94,4,Home,0.74,1
PT-104535,55,Female,Other,Medicaid,4,1,0,8,3,3.8,6,Home,0.8,1
PT-104536,23,Male,Diabetes,Medicare,4,1,1,8,6,2.1,10,Home,0.8,1
PT-104537,70,Male,Heart Failure,Medicare,5,2,1,4,2,1.42,11,Home,1.06,1
PT-104538,78,Female,Heart Failure,Private,2,1,2,5,1,3.66,10,Home,1.96,1
PT-104539,81,Male,Pneumonia,Self-pay,4,0,1,3,2,0.44,1,Home,1.08,1
PT-104540,61,Male,COPD,Medicaid,10,0,0,2,2,5.3,10,Home,0.75,1
PT-104541,63,Female,COPD,Private,9,0,2,8,0,6.82,6,Home Health,1.1,1
PT-104542,85,Male,Diabetes,Private,5,0,0,6,0,1.43,11,Home Health,1.82,1
PT-104543,62,Female,Diabetes,Private,2,2,0,10,1,0.71,14,Home,0.63,0
PT-104544,50,Male,Diabetes,Private,13,2,4,6,1,5.73,1,Skilled Nursing,1.09,0
PT-104545,73,Female,COPD,Medicaid,5,1,3,3,1,3.26,7,Home,1.24,1
PT-104546,61,Female,COPD,Medicare,12,0,1,0,1,1.1,12,Home,1.72,0
PT-104547,79,Female,COPD,Medicare,5,0,0,3,1,1.65,10,Home Health,1.82,0
PT-104548,56,Male,Diabetes,Medicaid,1,4,0,6,1,1.86,13,Home,0.49,1
PT-104549,81,Female,COPD,Private,13,2,0,4,0,5.14,14,Home,0.25,1
PT-104550,21,Female,Diabetes,Medicare,7,0,1,6,3,4.49,7,Home Health,0.0,1
PT-104551,20,Male,Pneumonia,Medicare,4,0,0,7,4,0.26,4,Home,0.86,1
PT-104552,25,Male,COPD,Medicaid,1,3,1,4,1,3.49,4,Home,0.97,0
PT-104553,58,Male,Pneumonia,Private,7,1,0,5,4,4.46,12,Home,1.08,1
PT-104554,69,Female,COPD,Private,5,2,0,8,2,4.02,11,Home,1.23,1
PT-104555,33,Female,Other,Medicaid,15,0,2,6,3,0.91,9,Home,0.83,1
PT-104556,29,Female,Heart Failure,Private,11,0,0,6,2,3.2,8,Home,0.4,0
PT-104557,80,Female,Diabetes,Private,12,0,2,5,4,1.31,10,Home Health,2.61,1
PT-104558,72,Male,Diabetes,Self-pay,5,1,1,5,2,2.63,9,Home,2.01,1
PT-104559,65,Male,Other,Self-pay,5,1,0,8,0,2.22,6,Home,0.38,0
PT-104560,53,Male,Other,Medicaid,5,1,1,10,1,1.85,14,Home,0.41,1
PT-104561,48,Female,COPD,Private,2,0,1,4,1,0.94,2,Home,0.61,0
PT-104562,19,Female,Heart Failure,Medicare,4,1,0,3,3,0.74,12,Home,1.09,1
PT-104563,31,Male,Other,Medicare,4,0,2,5,2,2.86,2,Home,0.55,1
PT-104564,83,Female,Other,Medicaid,9,1,3,2,3,3.48,9,Home,2.1,1
PT-104565,42,Male,Other,Medicaid,10,1,3,7,2,5.43,14,Home,0.7,1
PT-104566,69,Female,Diabetes,Medicaid,6,0,0,5,1,1.24,12,Skilled Nursing,0.64,0
PT-104567,69,Male,Pneumonia,Medicare,2,0,3,6,1,7.58,8,Home,0.72,1
PT-104568,40,Female,Other,Private,13,0,1,5,2,1.9,1,Home Health,0.38,1
PT-104569,32,Female,Other,Medicare,7,0,3,5,2,3.55,3,Home,1.04,0
PT-104570,68,Other,COPD,Medicare,5,0,1,5,2,3.38,10,Home,1.86,1
PT-104571,24,Male,Pneumonia,Private,6,1,2,7,2,5.05,6,Home,0.77,1
PT-104572,54,Male,Other,Private,1,2,1,3,0,4.11,5,Home,0.43,0
PT-104573,82,Male,Heart Failure,Private,4,1,2,6,0,1.9,1,Home,1.44,1
PT-104574,69,Male,Other,Private,9,0,2,4,1,3.84,6,Skilled Nursing,2.79,1
PT-104575,73,Other,Other,Private,1,2,0,4,2,3.97,8,Home Health,1.7,0
PT-104576,24,Male,Diabetes,Private,1,2,0,6,1,3.41,5,Home,0.0,0
PT-104577,32,Female,COPD,Self-pay,7,2,1,1,0,2.85,8,Home,0.0,0
PT-104578,38,Female,Diabetes,Medicaid,6,1,1,4,2,1.53,6,Home,0.96,1
PT-104579,39,Male,Diabetes,Medicaid,1,1,6,9,3,0.82,11,Home,0.93,1
PT-104580,32,Male,Pneumonia,Medicare,3,0,2,6,1,4.7,7,Home,0.0,1
PT-104581,88,Male,Other,Medicaid,5,0,1,5,0,6.07,7,Home Health,1.85,1
PT-104582,30,Male,Other,Medicaid,5,0,0,5,0,3.15,7,Home,0.0,0
PT-104583,69,Male,Other,Private,5,0,2,1,2,0.54,5,Home,2.17,1
PT-104584,60,Male,Other,Private,3,1,0,8,1,3.7,13,Home Health,0.75,0
PT-104585,62,Male,Other,Medicaid,5,0,1,4,2,3.07,5,Rehab,1.49,1
PT-104586,33,Female,Heart Failure,Medicare,6,0,2,7,1,1.45,11,Home,1.01,1
PT-104587,40,Female,Pneumonia,Private,6,1,0,4,0,1.01,4,Skilled Nursing,0.06,0
PT-104588,62,Male,Other,Medicare,3,1,0,1,2,2.23,16,Home Health,1.29,1
PT-104589,39,Male,Pneumonia,Private,7,1,1,2,0,1.23,20,Home,1.53,0
PT-104590,68,Female,COPD,Medicaid,2,0,3,4,1,0.23,10,Home,1.92,0
PT-104591,20,Male,COPD,Private,2,1,1,4,4,0.38,11,Home,0.0,1
PT-104592,23,Male,Diabetes,Self-pay,7,0,1,2,1,4.37,8,Home Health,0.33,0
PT-104593,71,Female,Diabetes,Self-pay,7,0,2,6,1,0.43,8,Home,2.05,1
PT-104594,63,Female,Heart Failure,Medicare,3,1,1,9,0,4.22,4,Home Health,1.47,1
PT-104595,21,Female,Diabetes,Private,2,2,1,7,1,1.02,3,Rehab,0.29,0
PT-104596,83,Female,Diabetes,Medicare,3,2,1,6,2,4.46,10,Home Health,2.46,1
PT-104597,18,Male,Pneumonia,Medicare,6,1,3,4,2,1.79,4,Home,0.24,1
PT-104598,87,Female,Other,Medicaid,5,1,2,5,3,2.98,11,Home Health,3.37,1
PT-104599,71,Female,Heart Failure,Medicaid,2,0,1,4,2,3.57,12,Home,0.81,1
PT-104600,90,Male,Kidney Disease,Medicaid,7,2,2,8,1,0.7,14,Home,2.12,1
PT-104601,87,Female,Other,Private,3,2,0,1,3,2.1,4,Home,1.59,1
PT-104602,40,Female,COPD,Medicare,2,1,3,2,1,2.43,2,Home,1.18,0
PT-104603,73,Male,Diabetes,Self-pay,3,2,0,6,1,2.8,11,Rehab,1.37,1
PT-104604,33,Female,Diabetes,Private,4,2,1,3,0,2.09,11,Home,0.0,0
PT-104605,52,Female,Diabetes,Self-pay,6,0,1,2,3,2.03,11,Skilled Nursing,0.07,1
PT-104606,35,Male,Other,Self-pay,6,2,1,4,1,4.4,12,Home,0.0,1
PT-104607,53,Female,Heart Failure,Medicaid,4,0,0,6,1,3.2,3,Home,0.0,1
PT-104608,81,Female,COPD,Private,5,0,1,2,1,2.09,8,Rehab,1.86,0
PT-104609,49,Male,Diabetes,Private,4,0,0,3,3,2.18,7,Home,0.55,1
PT-104610,24,Female,Other,Private,2,0,1,2,3,1.09,12,Rehab,0.25,0
PT-104611,41,Female,Heart Failure,Medicaid,4,1,1,4,0,3.02,11,Home,0.72,0
PT-104612,75,Male,COPD,Medicare,1,4,1,7,5,2.6,11,Home,1.1,1
PT-104613,56,Female,Pneumonia,Private,10,1,3,8,3,6.47,9,Home,1.11,1
PT-104614,58,Female,Kidney Disease,Medicare,5,0,2,6,0,0.99,8,Home,1.96,0
PT-104615,49,Female,Other,Medicare,6,2,0,8,1,2.07,6,Home Health,1.43,1
PT-104616,39,Female,COPD,Private,2,0,1,4,3,1.8,9,Home,0.83,1
PT-104617,61,Female,Pneumonia,Private,5,0,1,9,5,2.81,11,Home Health,1.61,1
PT-104618,64,Female,Diabetes,Medicaid,5,1,0,1,3,0.93,13,Skilled Nursing,1.26,1
PT-104619,83,Female,Other,Medicaid,3,0,3,2,1,6.06,14,Home,1.03,1
PT-104620,63,Female,Kidney Disease,Medicare,4,1,1,8,2,2.16,11,Home,2.04,1
PT-104621,90,Male,COPD,Medicare,1,0,2,11,1,1.93,14,Rehab,0.73,1
PT-104622,78,Male,Pneumonia,Self-pay,12,0,3,10,3,2.36,11,Home,1.13,1
PT-104623,23,Male,Other,Medicaid,2,2,2,6,2,0.92,1,Home Health,0.26,1
PT-104624,46,Male,Other,Medicaid,3,1,2,4,1,3.13,12,Home Health,0.69,0
PT-104625,46,Male,Other,Medicare,11,1,0,6,2,3.99,3,Home,1.69,1
PT-104626,18,Male,Heart Failure,Medicare,6,2,3,8,3,7.87,15,Home,0.0,1
PT-104627,31,Male,Diabetes,Private,7,0,1,4,2,2.24,1,Home Health,0.6,1
PT-104628,73,Female,COPD,Medicare,1,1,0,7,2,4.27,1,Rehab,1.39,1
PT-104629,43,Male,Heart Failure,Medicaid,5,1,1,3,2,4.79,16,Home,0.66,0
PT-104630,28,Other,Pneumonia,Medicaid,1,0,3,4,5,5.44,17,Home,0.0,1
PT-104631,38,Male,Kidney Disease,Private,2,1,1,4,2,3.85,14,Home,0.25,1
PT-104632,38,Female,Diabetes,Private,13,1,1,5,4,0.33,15,Home,0.87,0
PT-104633,30,Male,Other,Private,2,0,2,6,0,5.85,2,Home,1.25,0
PT-104634,25,Female,Pneumonia,Medicaid,6,0,1,10,2,1.86,13,Home,0.51,0
PT-104635,73,Male,Kidney Disease,Medicaid,2,0,1,3,3,1.2,4,Home,0.78,1
PT-104636,78,Female,Heart Failure,Medicaid,2,1,2,6,4,2.03,14,Home,2.53,1
PT-104637,54,Female,Diabetes,Private,19,0,3,2,3,2.98,6,Home,1.87,1
PT-104638,62,Female,COPD,Private,4,1,0,7,0,2.16,8,Skilled Nursing,0.83,1
PT-104639,85,Female,Diabetes,Medicare,1,0,0,6,4,1.21,13,Home,1.67,1
PT-104640,79,Male,Other,Private,7,2,0,5,2,3.81,8,Rehab,1.41,1
PT-104641,20,Male,COPD,Private,9,2,1,4,2,2.16,11,Home,0.39,0
PT-104642,87,Male,Other,Medicaid,7,0,2,5,3,4.27,5,Home Health,2.18,1
PT-104643,22,Female,Other,Private,4,1,0,6,1,2.84,4,Skilled Nursing,0.03,0
PT-104644,19,Male,COPD,Private,4,1,1,5,2,6.1,7,Home,0.0,1
PT-104645,47,Male,Diabetes,Medicaid,3,0,1,5,1,1.94,3,Home,0.69,1
PT-104646,72,Male,Diabetes,Self-pay,2,2,0,7,2,2.52,11,Home,1.69,1
PT-104647,23,Other,Heart Failure,Private,5,0,1,6,3,4.11,10,Rehab,0.41,0
PT-104648,39,Male,Other,Private,3,1,0,4,3,5.45,1,Skilled Nursing,0.93,1
PT-104649,37,Male,Pneumonia,Medicare,1,0,0,4,3,2.11,15,Home,0.0,0
PT-104650,47,Male,Pneumonia,Private,4,0,1,9,1,4.64,15,Home,0.91,0
PT-104651,89,Female,Kidney Disease,Medicaid,2,1,0,5,1,3.39,8,Home,1.0,1
PT-104652,42,Male,Heart Failure,Medicare,5,0,0,9,3,1.66,5,Home,1.09,1
PT-104653,33,Female,Kidney Disease,Private,5,0,1,6,2,1.24,14,Home Health,0.0,1
PT-104654,26,Male,COPD,Private,3,0,0,7,1,1.06,4,Home,0.57,0
PT-104655,32,Female,Other,Medicare,4,1,0,3,3,4.2,16,Skilled Nursing,0.99,1
PT-104656,27,Male,Diabetes,Medicare,4,1,2,9,1,0.5,8,Home,0.37,1
PT-104657,59,Male,Other,Private,7,0,1,6,3,1.47,15,Home,0.83,1
PT-104658,48,Male,Pneumonia,Medicare,4,1,4,7,5,2.75,12,Skilled Nursing,1.16,1
PT-104659,54,Female,Diabetes,Private,3,0,1,2,3,3.3,21,Home,1.4,1
PT-104660,78,Female,Diabetes,Private,3,0,0,4,0,7.02,12,Home Health,1.53,1
PT-104661,60,Male,Pneumonia,Self-pay,12,2,0,4,0,2.98,18,Home,0.84,0
PT-104662,29,Male,Heart Failure,Medicare,2,1,0,4,1,1.39,6,Home Health,0.0,1
PT-104663,45,Female,Heart Failure,Private,4,1,0,8,2,0.84,3,Home,1.93,1
PT-104664,40,Male,Kidney Disease,Medicare,3,0,1,4,3,5.8,7,Home,0.0,1
PT-104665,78,Female,Diabetes,Medicare,4,1,1,4,0,1.61,9,Home,0.21,1
PT-104666,40,Female,Pneumonia,Self-pay,1,0,1,2,3,2.83,9,Home,0.0,1
PT-104667,28,Male,Diabetes,Medicare,2,0,0,2,1,5.86,8,Home,0.0,1
PT-104668,71,Female,Other,Medicaid,3,2,1,5,5,4.46,10,Skilled Nursing,1.34,1
PT-104669,49,Female,Pneumonia,Medicare,3,0,1,0,2,3.31,12,Home,0.62,0
PT-104670,24,Female,Other,Private,5,0,2,8,3,1.68,2,Home,0.74,1
PT-104671,68,Female,Diabetes,Private,8,1,1,5,5,4.06,7,Home,2.65,1
PT-104672,33,Female,Diabetes,Private,5,1,1,2,3,1.65,6,Home,0.62,0
PT-104673,81,Male,COPD,Self-pay,4,0,2,2,0,1.56,9,Skilled Nursing,1.45,1
PT-104674,78,Female,Heart Failure,Private,6,0,0,5,0,2.78,8,Home,2.17,1
PT-104675,44,Male,Pneumonia,Medicaid,5,3,3,6,0,2.97,15,Home,1.04,0
PT-104676,58,Female,Diabetes,Medicaid,4,1,2,5,1,3.55,10,Home Health,1.23,0
PT-104677,59,Male,Diabetes,Medicare,7,0,1,4,2,3.04,13,Skilled Nursing,1.76,1
PT-104678,65,Male,Diabetes,Medicare,3,1,1,8,0,5.83,7,Home Health,0.89,1
PT-104679,23,Male,Diabetes,Private,2,0,1,4,0,5.19,12,Skilled Nursing,0.0,1
PT-104680,41,Female,Pneumonia,Self-pay,3,0,0,11,4,4.04,5,Home,0.68,1
PT-104681,30,Male,COPD,Private,2,0,0,7,1,2.85,3,Home,0.0,1
PT-104682,68,Male,Heart Failure,Private,14,1,0,6,1,0.62,15,Home Health,1.24,0
PT-104683,23,Male,Pneumonia,Medicaid,8,0,1,11,3,2.32,8,Home,0.0,1
PT-104684,55,Female,Pneumonia,Medicaid,4,0,0,6,5,1.07,8,Home,1.15,1
PT-104685,71,Male,Diabetes,Private,2,4,1,9,2,0.85,4,Skilled Nursing,1.61,1
PT-104686,87,Female,Pneumonia,Medicaid,7,0,1,4,1,2.53,3,Skilled Nursing,0.97,1
PT-104687,39,Female,Heart Failure,Private,4,1,2,4,0,2.53,16,Skilled Nursing,1.1,0
PT-104688,18,Female,Pneumonia,Medicare,3,1,1,3,1,1.72,13,Skilled Nursing,0.34,0
PT-104689,70,Female,Pneumonia,Private,4,1,1,9,1,3.08,4,Home,0.69,1
PT-104690,18,Female,Kidney Disease,Private,3,2,1,2,3,5.44,4,Home,0.32,1
PT-104691,22,Male,Other,Medicaid,5,2,0,5,1,2.2,9,Home,1.29,0
PT-104692,90,Female,Pneumonia,Private,1,1,1,0,3,5.02,6,Home Health,1.93,1
PT-104693,80,Male,Diabetes,Private,5,0,1,5,3,1.74,4,Home,1.65,1
PT-104694,69,Female,Diabetes,Medicare,3,2,1,4,3,3.91,4,Home,0.74,1
PT-104695,78,Male,COPD,Private,7,0,2,2,2,3.0,7,Home,1.2,1
PT-104696,23,Female,COPD,Private,9,0,3,4,2,4.81,1,Skilled Nursing,0.38,1
PT-104697,24,Male,Other,Private,10,1,0,6,1,3.39,4,Home,0.53,1
PT-104698,39,Male,Pneumonia,Medicare,14,0,1,7,1,0.78,13,Home,0.41,1
PT-104699,19,Male,Other,Private,10,0,1,8,1,2.85,3,Home Health,0.12,1
PT-104700,82,Male,Heart Failure,Private,7,0,1,1,1,2.42,8,Home,2.34,0
PT-104701,22,Female,Diabetes,Medicare,2,1,2,2,0,1.77,9,Home,0.0,0
PT-104702,57,Male,COPD,Private,1,1,1,6,1,1.91,13,Home,1.39,0
PT-104703,80,Male,Diabetes,Private,8,0,2,8,1,0.51,2,Rehab,1.5,1
PT-104704,71,Male,Pneumonia,Private,2,0,0,1,2,2.57,4,Home,1.73,1
PT-104705,35,Male,Kidney Disease,Private,21,0,1,8,1,1.01,8,Home Health,1.06,1
PT-104706,52,Male,Diabetes,Private,1,4,4,4,4,3.0,13,Home,0.92,1
PT-104707,58,Male,Kidney Disease,Medicare,7,1,0,4,5,6.51,11,Home,0.87,1
PT-104708,74,Male,Heart Failure,Medicare,5,2,0,3,1,3.47,16,Home,2.05,1
PT-104709,49,Female,Pneumonia,Private,1,0,0,0,4,2.78,5,Home Health,1.12,1
PT-104710,38,Male,Diabetes,Medicare,5,0,0,5,3,4.58,4,Home Health,0.06,1
PT-104711,76,Male,Kidney Disease,Private,2,0,2,4,2,4.56,5,Home,1.37,1
PT-104712,82,Male,Diabetes,Private,4,2,1,6,1,2.46,5,Home Health,1.9,1
PT-104713,53,Female,Other,Medicare,4,1,1,4,1,4.16,3,Home,0.0,0
PT-104714,20,Female,Kidney Disease,Medicare,2,0,2,2,5,4.0,10,Home,0.41,0
PT-104715,54,Female,Kidney Disease,Medicaid,3,0,2,7,2,3.72,1,Home,1.22,1
PT-104716,82,Male,Other,Private,2,0,0,5,4,1.33,14,Home,1.69,0
PT-104717,90,Male,Heart Failure,Private,1,1,0,9,1,4.84,7,Home,1.98,1
PT-104718,47,Male,Diabetes,Medicare,4,0,3,6,1,3.19,10,Home,0.16,0
PT-104719,28,Male,Pneumonia,Private,10,0,0,4,3,2.99,1,Home Health,1.39,0
PT-104720,59,Male,Heart Failure,Medicare,2,2,1,5,2,2.57,4,Home,0.0,0
PT-104721,78,Male,Diabetes,Private,13,2,1,3,2,2.17,5,Home,1.09,1
PT-104722,86,Female,Diabetes,Medicare,14,0,0,5,2,0.67,5,Home,2.32,1
PT-104723,21,Female,Diabetes,Private,3,0,1,4,3,3.47,5,Home Health,0.2,0
PT-104724,39,Male,COPD,Medicare,3,0,2,4,1,1.14,8,Home,0.0,0
PT-104725,52,Female,Other,Private,3,2,3,4,2,3.93,5,Home,1.59,1
PT-104726,25,Male,COPD,Private,2,0,1,5,1,4.21,11,Home,0.0,0
PT-104727,82,Male,Diabetes,Medicare,3,1,1,6,2,1.61,12,Home,1.91,1
PT-104728,26,Female,Diabetes,Medicare,3,0,1,6,1,3.4,17,Home,0.0,0
PT-104729,66,Male,Pneumonia,Private,4,0,2,6,0,3.6,9,Home,0.22,1
PT-104730,85,Male,Other,Medicare,4,2,2,3,3,1.95,7,Home,2.38,1
PT-104731,68,Female,Kidney Disease,Medicare,2,1,1,5,0,2.31,9,Home Health,1.99,0
PT-104732,73,Female,Diabetes,Medicaid,6,0,4,3,1,1.8,10,Home,1.5,1
PT-104733,37,Male,Pneumonia,Private,3,2,1,4,0,2.8,4,Home,0.41,1
PT-104734,78,Female,Diabetes,Medicare,2,0,0,3,1,4.18,12,Rehab,0.52,1
PT-104735,48,Male,Other,Self-pay,3,1,1,7,4,3.99,12,Home Health,0.6,1
PT-104736,22,Female,Diabetes,Private,5,0,2,11,4,2.82,1,Home,0.0,1
PT-104737,44,Female,Pneumonia,Private,11,0,3,5,2,1.85,17,Home,0.53,1
PT-104738,43,Male,Heart Failure,Medicare,10,0,1,2,2,3.42,10,Home,0.0,1
PT-104739,56,Male,Diabetes,Self-pay,3,1,2,1,4,0.71,4,Home Health,1.57,0
PT-104740,37,Male,Other,Private,4,0,0,5,2,0.81,3,Home,0.15,1
PT-104741,51,Female,Pneumonia,Medicaid,2,0,2,4,2,3.23,9,Home Health,1.48,0
PT-104742,49,Female,Heart Failure,Private,5,1,0,2,2,2.1,4,Rehab,0.32,1
PT-104743,41,Male,Kidney Disease,Private,3,0,2,3,0,0.16,3,Home,0.23,0
PT-104744,68,Male,Kidney Disease,Self-pay,4,0,1,3,2,1.2,6,Skilled Nursing,1.27,1
PT-104745,40,Female,Diabetes,Private,8,2,1,8,4,2.33,11,Home,0.72,1
PT-104746,73,Female,Other,Medicare,2,2,1,6,4,0.89,6,Home,0.85,1
PT-104747,36,Male,Pneumonia,Medicare,10,2,1,4,1,0.93,4,Home Health,0.76,1
PT-104748,81,Male,Diabetes,Private,5,1,1,5,2,3.57,16,Home,2.04,0
PT-104749,44,Male,Heart Failure,Private,9,2,0,6,0,1.87,10,Home,0.82,1
PT-104750,20,Male,Heart Failure,Medicare,7,3,0,7,3,1.7,4,Home Health,0.91,0
PT-104751,28,Female,Heart Failure,Self-pay,8,0,0,2,3,0.91,9,Home,0.01,1
PT-104752,76,Male,Diabetes,Private,4,0,2,7,1,5.22,9,Rehab,2.46,1
PT-104753,81,Female,Kidney Disease,Medicaid,2,0,1,5,3,5.39,8,Home Health,1.48,0
PT-104754,33,Female,Heart Failure,Private,3,3,1,3,2,1.63,8,Home Health,0.43,1
PT-104755,61,Male,Other,Medicaid,2,4,0,4,4,5.3,7,Home Health,1.7,1
PT-104756,59,Female,Other,Medicare,1,0,1,5,5,0.84,10,Home,2.17,1
PT-104757,27,Female,Other,Private,8,0,1,5,0,0.47,8,Skilled Nursing,0.0,1
PT-104758,50,Male,Heart Failure,Private,4,0,2,4,3,3.94,9,Rehab,1.56,1
PT-104759,68,Female,Pneumonia,Private,2,0,1,0,0,5.05,10,Skilled Nursing,1.04,0
PT-104760,88,Female,Other,Medicaid,14,1,1,6,5,1.72,8,Home,1.51,1
PT-104761,79,Female,COPD,Private,18,0,0,4,1,1.56,12,Home,1.89,0
PT-104762,25,Male,Kidney Disease,Private,1,0,1,9,1,1.27,15,Home Health,0.0,0
PT-104763,35,Female,Other,Self-pay,3,2,2,10,1,2.68,7,Home,1.22,1
PT-104764,49,Female,Diabetes,Private,3,3,1,3,2,5.28,5,Home Health,0.41,1
PT-104765,28,Male,Pneumonia,Medicare,2,2,2,5,0,2.32,1,Home,0.0,1
PT-104766,59,Male,Other,Private,8,1,0,7,5,4.73,12,Home,0.85,1
PT-104767,18,Male,Heart Failure,Private,1,0,3,4,3,2.48,7,Rehab,0.47,1
PT-104768,26,Female,Heart Failure,Private,12,4,0,6,2,7.1,2,Home Health,0.63,1
PT-104769,21,Male,Other,Medicare,4,2,2,7,3,0.71,5,Home Health,0.52,1
PT-104770,39,Female,Diabetes,Medicaid,13,0,2,3,2,5.18,10,Home Health,1.06,1
PT-104771,73,Male,Diabetes,Medicare,4,0,2,6,1,2.67,12,Home,0.16,1
PT-104772,30,Male,Heart Failure,Private,3,1,0,9,4,2.49,11,Home,0.0,0
PT-104773,90,Female,Diabetes,Medicaid,8,1,1,5,0,1.01,8,Home,2.33,1
PT-104774,37,Female,Pneumonia,Private,13,3,0,5,0,2.71,12,Home,0.33,1
PT-104775,21,Male,Heart Failure,Private,12,2,1,8,0,5.5,9,Home,0.53,1
PT-104776,42,Male,Diabetes,Medicaid,1,0,2,3,1,2.99,9,Home,0.43,1
PT-104777,72,Male,Diabetes,Self-pay,10,0,1,4,2,4.02,4,Home Health,2.4,1
PT-104778,25,Male,Diabetes,Self-pay,3,0,0,6,3,3.62,13,Home,0.11,1
PT-104779,23,Female,Heart Failure,Private,4,1,0,6,1,6.74,11,Home,0.44,1
PT-104780,80,Female,COPD,Medicare,3,1,1,6,1,2.44,6,Home,1.48,1
PT-104781,61,Female,Diabetes,Medicare,3,0,0,6,2,4.04,14,Home,1.07,0
PT-104782,43,Female,Other,Private,4,0,1,8,1,5.68,2,Home Health,0.29,0
PT-104783,73,Female,Heart Failure,Private,2,2,1,4,1,1.42,4,Home,1.37,0
PT-104784,79,Male,Pneumonia,Self-pay,10,3,4,4,1,4.46,2,Rehab,1.67,1
PT-104785,44,Female,Diabetes,Private,7,0,0,2,1,7.28,6,Home,0.03,0
PT-104786,58,Female,Other,Medicare,5,0,0,7,1,0.14,4,Home Health,0.62,1
PT-104787,18,Female,Diabetes,Medicaid,3,1,3,6,2,3.33,13,Home,0.0,1
PT-104788,40,Male,Other,Medicare,3,0,1,1,2,2.44,9,Home,0.74,1
PT-104789,61,Male,COPD,Medicaid,6,0,1,4,2,2.92,7,Home,0.46,1
PT-104790,32,Female,Heart Failure,Private,5,1,0,7,2,4.03,10,Home,0.0,1
PT-104791,90,Female,Diabetes,Private,9,3,0,8,1,4.45,12,Home,2.26,1
PT-104792,88,Male,Diabetes,Medicaid,3,2,0,3,2,1.22,15,Home,1.73,0
PT-104793,36,Male,COPD,Medicaid,3,1,4,4,3,1.6,8,Rehab,1.47,1
PT-104794,46,Male,COPD,Medicare,6,2,0,5,1,3.27,8,Home,0.01,1
PT-104795,31,Male,Diabetes,Private,7,1,0,2,0,2.16,3,Home Health,0.0,0
PT-104796,54,Male,Diabetes,Private,17,2,0,3,6,2.67,9,Home,2.5,1
PT-104797,27,Male,Heart Failure,Medicare,1,2,1,6,4,3.15,9,Home,0.0,1
PT-104798,46,Male,Other,Medicare,10,1,2,13,1,0.78,5,Home,1.11,1
PT-104799,58,Male,Heart Failure,Private,5,0,3,9,1,3.69,8,Home Health,0.99,1
PT-104800,62,Female,Diabetes,Private,3,0,1,7,0,1.09,7,Home Health,1.23,1
PT-104801,61,Female,Pneumonia,Self-pay,6,1,1,9,1,1.6,10,Home,1.48,1
PT-104802,34,Female,COPD,Medicaid,6,0,1,9,0,3.31,7,Home Health,0.0,1
PT-104803,75,Female,Pneumonia,Private,3,2,1,3,1,4.44,9,Home,2.14,1
PT-104804,68,Male,Heart Failure,Private,1,0,1,1,2,1.85,5,Skilled Nursing,1.19,0
PT-104805,72,Female,COPD,Private,10,0,2,8,1,4.54,12,Home,1.56,1
PT-104806,52,Female,Other,Self-pay,2,1,0,6,1,2.93,11,Home Health,0.91,0
PT-104807,83,Female,Pneumonia,Medicare,2,2,3,6,0,2.37,13,Home,1.89,1
PT-104808,46,Female,COPD,Medicare,3,1,0,6,2,2.34,9,Home Health,0.05,0
PT-104809,76,Male,COPD,Private,7,0,1,2,1,3.2,8,Home,1.55,0
PT-104810,32,Male,Other,Medicare,3,1,0,0,3,0.75,1,Home,0.58,0
PT-104811,36,Female,Kidney Disease,Self-pay,3,0,0,3,1,0.89,12,Rehab,0.0,0
PT-104812,56,Female,Kidney Disease,Medicare,5,0,4,6,1,1.7,8,Rehab,1.18,1
PT-104813,58,Male,Other,Self-pay,5,1,0,5,5,1.35,7,Rehab,1.4,1
PT-104814,72,Male,Heart Failure,Medicaid,3,2,2,5,1,3.49,12,Skilled Nursing,0.69,1
PT-104815,39,Male,Diabetes,Self-pay,1,2,0,5,3,1.51,12,Home Health,0.82,0
PT-104816,81,Male,Kidney Disease,Private,7,0,1,7,2,1.13,6,Home,1.32,0
PT-104817,42,Female,COPD,Private,5,0,0,1,2,4.1,10,Home,1.27,0
PT-104818,56,Female,Other,Medicaid,1,0,0,6,5,1.66,8,Rehab,1.12,0
PT-104819,86,Female,Other,Private,11,1,1,4,0,2.92,14,Home Health,1.21,0
PT-104820,57,Other,Diabetes,Medicare,1,2,2,4,3,0.61,3,Home Health,1.54,0
PT-104821,67,Female,Other,Private,2,2,4,5,2,8.53,15,Home,0.83,1
PT-104822,84,Female,Kidney Disease,Medicare,2,0,2,5,1,0.68,13,Home Health,1.76,1
PT-104823,89,Female,COPD,Medicare,3,1,3,2,7,2.67,6,Home,1.98,1
PT-104824,54,Female,Pneumonia,Private,3,2,0,7,0,6.0,5,Home Health,0.9,1
PT-104825,48,Male,Other,Medicare,1,2,1,5,2,3.68,10,Rehab,0.0,0
PT-104826,32,Male,Other,Private,5,0,1,2,2,3.6,1,Home,0.0,1
PT-104827,57,Male,COPD,Medicare,8,1,1,2,5,1.95,9,Home Health,2.01,1
PT-104828,85,Female,Pneumonia,Medicare,5,1,2,5,0,1.86,9,Skilled Nursing,2.06,0
PT-104829,53,Male,Kidney Disease,Private,5,1,0,7,2,2.15,11,Home,1.21,1
PT-104830,43,Female,Pneumonia,Private,3,1,2,3,2,4.66,5,Skilled Nursing,1.2,1
PT-104831,25,Male,Other,Private,4,1,1,6,3,4.25,20,Home Health,0.07,0
PT-104832,46,Male,Kidney Disease,Medicaid,5,1,1,8,6,2.14,9,Home,0.77,1
PT-104833,35,Female,Pneumonia,Medicaid,7,0,1,6,2,3.77,14,Home Health,0.11,1
PT-104834,89,Female,Other,Medicare,2,4,1,7,3,6.03,10,Home,1.83,1
PT-104835,56,Other,Diabetes,Medicare,2,4,4,6,4,2.15,12,Skilled Nursing,2.04,1
PT-104836,28,Male,Pneumonia,Medicaid,1,1,0,6,4,3.18,2,Home,0.17,0
PT-104837,22,Male,Pneumonia,Medicare,13,0,0,5,1,2.55,17,Home,0.0,0
PT-104838,80,Female,Diabetes,Private,13,1,3,7,2,2.45,11,Home,2.18,1
PT-104839,85,Male,COPD,Medicaid,4,1,0,7,1,1.66,10,Home,1.27,1
PT-104840,73,Female,Diabetes,Private,4,0,3,5,3,1.87,11,Rehab,1.55,0
PT-104841,27,Female,Diabetes,Private,11,0,2,4,1,2.86,10,Home,0.82,0
PT-104842,25,Male,COPD,Medicaid,2,0,1,5,3,4.97,9,Home,0.13,1
PT-104843,32,Male,Heart Failure,Self-pay,2,1,0,4,1,0.2,7,Home,0.3,0
PT-104844,72,Female,Other,Private,11,0,2,3,4,3.38,3,Home,2.16,1
PT-104845,73,Male,COPD,Private,3,0,1,7,3,1.14,17,Home,1.78,1
PT-104846,79,Female,Diabetes,Medicaid,2,0,0,5,0,1.67,3,Home Health,0.83,0
PT-104847,25,Male,Pneumonia,Medicare,6,0,1,7,1,2.85,13,Home,0.0,1
PT-104848,29,Female,Heart Failure,Medicare,2,0,0,4,1,1.27,10,Home Health,0.0,0
PT-104849,83,Female,Diabetes,Private,10,3,0,3,4,2.3,5,Home,2.24,1
PT-104850,85,Male,Heart Failure,Private,4,0,2,6,3,1.12,12,Home,1.68,1
PT-104851,70,Male,Heart Failure,Private,3,0,1,10,2,0.76,6,Home Health,1.46,1
PT-104852,25,Male,COPD,Private,3,1,1,6,3,0.67,17,Home Health,0.0,1
PT-104853,23,Male,Other,Medicaid,5,0,3,6,3,0.83,8,Home,0.0,0
PT-104854,22,Female,Heart Failure,Private,4,1,3,4,3,2.24,12,Home,0.78,0
PT-104855,68,Female,Kidney Disease,Private,3,1,0,7,3,3.89,6,Home,1.19,1
PT-104856,79,Female,Heart Failure,Self-pay,7,1,1,4,1,0.97,4,Home Health,1.45,0
PT-104857,64,Female,Other,Medicare,11,0,1,7,1,1.08,8,Home Health,0.57,0
PT-104858,37,Female,Diabetes,Medicare,6,1,1,10,0,0.99,16,Rehab,0.8,0
PT-104859,73,Female,Pneumonia,Self-pay,2,0,1,6,2,2.36,1,Home Health,1.69,0
PT-104860,22,Male,Diabetes,Private,2,1,1,6,1,0.44,5,Home Health,0.13,0
PT-104861,78,Male,Diabetes,Private,7,0,1,5,1,1.58,8,Home,0.87,1
PT-104862,83,Male,Other,Private,6,2,0,5,0,3.35,4,Home,1.98,1
PT-104863,70,Female,Other,Private,3,2,1,7,3,5.82,3,Home Health,0.51,1
PT-104864,82,Male,Pneumonia,Private,4,1,1,7,3,2.77,13,Home Health,1.7,1
PT-104865,60,Male,Kidney Disease,Medicaid,2,1,3,4,2,2.83,5,Home,0.96,0
PT-104866,52,Male,Pneumonia,Medicaid,2,0,1,6,0,3.09,4,Home,1.24,0
PT-104867,41,Male,Kidney Disease,Medicare,3,2,2,6,1,5.79,5,Rehab,1.1,1
PT-104868,85,Male,Heart Failure,Medicaid,1,2,0,10,0,3.2,7,Home,2.56,1
PT-104869,68,Female,Other,Private,9,0,2,6,1,4.75,10,Home Health,0.7,1
PT-104870,31,Male,Other,Private,1,0,1,8,4,2.11,2,Skilled Nursing,0.82,0
PT-104871,87,Female,Diabetes,Medicare,4,1,1,0,0,1.01,7,Home,1.74,0
PT-104872,22,Male,Pneumonia,Private,1,0,2,5,1,5.34,5,Home,0.0,0
PT-104873,60,Female,Diabetes,Private,6,0,1,7,2,2.99,2,Home,0.88,1
PT-104874,31,Male,Pneumonia,Medicaid,7,0,2,4,2,6.08,6,Home Health,1.16,1
PT-104875,66,Female,Pneumonia,Private,4,1,1,3,5,1.2,12,Home,1.49,1
PT-104876,48,Male,COPD,Private,4,0,2,4,4,2.09,9,Home,0.44,1
PT-104877,49,Female,Pneumonia,Medicare,2,0,3,5,2,0.53,11,Rehab,1.34,0
PT-104878,67,Male,COPD,Medicaid,9,0,0,12,0,2.82,1,Home,1.5,1
PT-104879,73,Male,Kidney Disease,Medicaid,1,0,4,3,6,5.04,5,Home,1.89,1
PT-104880,45,Female,Other,Self-pay,3,0,0,5,1,2.16,10,Home,0.0,0
PT-104881,90,Male,COPD,Private,2,1,1,3,1,2.68,6,Home,0.61,1
PT-104882,54,Male,Other,Medicaid,2,0,1,2,4,3.38,8,Home Health,2.14,0
PT-104883,29,Female,Diabetes,Private,9,1,2,8,0,6.33,8,Rehab,0.15,1
PT-104884,18,Male,COPD,Private,4,2,1,7,2,5.06,1,Home,1.13,1
PT-104885,32,Male,Other,Private,2,0,0,2,5,0.51,6,Home Health,0.72,1
PT-104886,68,Male,Pneumonia,Medicaid,5,0,1,4,0,1.16,4,Home,1.4,1
PT-104887,57,Female,Diabetes,Medicare,5,0,0,5,2,0.56,9,Skilled Nursing,0.28,0
PT-104888,42,Female,Kidney Disease,Medicare,7,2,0,5,1,4.37,6,Skilled Nursing,1.64,1
PT-104889,53,Male,Other,Private,5,2,0,5,4,1.19,2,Home,1.14,1
PT-104890,79,Female,COPD,Medicaid,4,1,0,5,1,1.27,7,Home,1.45,1
PT-104891,59,Male,Heart Failure,Private,4,0,2,5,3,3.61,15,Home,1.54,1
PT-104892,22,Female,Pneumonia,Private,5,2,0,6,2,3.89,1,Home,0.0,1
PT-104893,21,Female,Pneumonia,Private,2,0,0,8,0,4.41,13,Home,0.55,0
PT-104894,53,Female,Other,Medicaid,5,1,0,2,2,6.4,5,Rehab,0.33,0
PT-104895,47,Female,Pneumonia,Medicaid,11,1,1,9,4,4.02,8,Home Health,1.31,1
PT-104896,80,Male,Diabetes,Private,4,0,4,9,2,1.32,1,Home,1.71,0
PT-104897,60,Female,Heart Failure,Private,3,0,0,3,3,5.88,9,Rehab,1.77,1
PT-104898,73,Male,COPD,Private,3,2,1,8,0,3.08,10,Home Health,0.46,1
PT-104899,60,Male,Kidney Disease,Private,5,0,1,6,0,6.87,17,Home,0.31,1
PT-104900,43,Female,Diabetes,Medicare,5,0,4,7,4,2.58,10,Skilled Nursing,1.09,0
PT-104901,65,Male,Other,Private,6,1,0,4,4,1.46,1,Home,0.42,1
PT-104902,63,Other,Heart Failure,Private,3,1,0,7,1,2.94,9,Rehab,0.0,1
PT-104903,70,Male,COPD,Medicaid,4,0,1,3,3,5.54,9,Rehab,0.89,1
PT-104904,31,Male,Kidney Disease,Medicare,7,2,1,3,2,3.59,1,Home,0.47,1
PT-104905,64,Female,Other,Medicare,7,0,0,6,1,5.81,1,Skilled Nursing,0.28,1
PT-104906,38,Male,COPD,Private,7,0,3,7,1,1.3,1,Home,0.72,0
PT-104907,75,Male,COPD,Medicare,6,0,0,2,1,6.24,9,Home,1.69,1
PT-104908,76,Male,Other,Private,7,0,0,3,1,1.85,7,Rehab,0.55,1
PT-104909,63,Female,Heart Failure,Private,5,1,0,7,0,5.92,13,Home,1.35,1
PT-104910,87,Female,Other,Private,1,0,1,8,1,3.76,14,Skilled Nursing,1.81,1
PT-104911,57,Male,Kidney Disease,Medicare,1,1,2,4,6,5.89,12,Home,1.47,1
PT-104912,19,Male,Diabetes,Medicare,4,1,1,3,0,3.9,12,Home,0.59,0
PT-104913,62,Male,Pneumonia,Medicare,4,0,1,4,2,2.49,14,Home,1.47,1
PT-104914,74,Female,Other,Medicare,2,1,1,5,6,0.78,10,Home,1.86,1
PT-104915,25,Male,Pneumonia,Medicaid,2,0,2,4,1,2.22,10,Home,0.02,0
PT-104916,25,Male,Diabetes,Medicare,4,0,2,4,1,5.3,1,Home,0.4,1
PT-104917,37,Female,Diabetes,Medicare,15,1,0,4,2,5.7,5,Home,0.77,1
PT-104918,79,Female,Pneumonia,Medicaid,2,1,2,3,1,3.47,3,Rehab,1.86,1
PT-104919,56,Male,Pneumonia,Medicare,3,1,3,5,2,4.59,14,Home Health,1.6,1
PT-104920,89,Female,Other,Medicare,7,0,0,5,4,2.46,3,Home,2.15,1
PT-104921,81,Female,Kidney Disease,Self-pay,6,1,3,5,1,2.39,3,Home,1.49,0
PT-104922,58,Male,Kidney Disease,Medicaid,5,0,1,2,4,3.33,6,Home Health,0.75,0
PT-104923,67,Female,Diabetes,Medicare,1,1,0,0,1,1.28,15,Rehab,1.23,0
PT-104924,42,Male,COPD,Self-pay,3,1,0,5,1,3.52,16,Home,1.18,0
PT-104925,24,Female,Other,Medicare,12,0,0,5,1,3.41,7,Home,0.6,1
PT-104926,47,Male,Heart Failure,Private,2,0,1,3,3,3.26,10,Home Health,0.0,1
PT-104927,61,Female,Heart Failure,Medicare,2,0,3,4,0,0.82,8,Home,1.4,1
PT-104928,31,Male,Kidney Disease,Self-pay,10,0,1,2,1,2.74,11,Home Health,0.11,1
PT-104929,34,Male,Heart Failure,Private,4,0,1,7,1,4.3,1,Home,0.44,1
PT-104930,19,Male,Diabetes,Private,1,0,1,6,2,0.53,14,Rehab,0.0,0
PT-104931,71,Male,Other,Medicare,2,1,6,5,5,3.85,8,Home,1.69,1
PT-104932,83,Male,Other,Self-pay,3,0,1,5,3,1.68,5,Home,0.52,1
PT-104933,78,Male,Kidney Disease,Medicaid,5,0,1,4,2,1.49,5,Home,1.32,0
PT-104934,45,Female,Kidney Disease,Private,3,0,1,2,1,2.25,10,Home Health,0.0,0
PT-104935,61,Male,Other,Private,2,1,2,4,1,4.16,15,Home,0.11,1
PT-104936,88,Female,Other,Private,4,0,0,1,2,3.72,15,Home,2.56,1
PT-104937,61,Female,Heart Failure,Private,2,1,2,7,2,4.63,4,Home,0.92,0
PT-104938,39,Male,Heart Failure,Private,13,0,1,2,4,4.54,11,Home,1.86,1
PT-104939,42,Male,Kidney Disease,Medicare,2,3,0,5,4,0.67,4,Home Health,0.77,1
PT-104940,71,Male,Other,Private,3,1,2,5,2,1.89,5,Home,1.56,1
PT-104941,50,Male,Pneumonia,Self-pay,3,1,1,5,5,2.79,7,Home,1.26,1
PT-104942,79,Male,Pneumonia,Private,3,2,1,3,1,1.17,10,Home,1.17,1
PT-104943,81,Male,Kidney Disease,Private,2,2,3,3,5,5.83,11,Home,2.25,1
PT-104944,20,Female,Pneumonia,Medicaid,10,2,1,1,2,3.25,9,Skilled Nursing,1.29,1
PT-104945,70,Male,Diabetes,Private,15,1,4,7,0,0.51,1,Home Health,1.8,1
PT-104946,45,Male,Diabetes,Medicare,5,0,2,6,1,3.07,11,Home,0.44,0
PT-104947,55,Female,Other,Medicaid,5,2,0,6,2,7.44,19,Rehab,1.15,1
PT-104948,37,Male,Diabetes,Private,1,2,1,5,2,0.61,11,Home,0.85,0
PT-104949,44,Female,Heart Failure,Self-pay,10,2,1,4,1,0.19,14,Home Health,0.67,1
PT-104950,42,Male,COPD,Medicare,2,0,1,4,1,7.91,11,Home,0.24,1
PT-104951,21,Female,Diabetes,Medicare,1,3,3,5,0,1.08,12,Rehab,0.0,1
PT-104952,75,Female,Diabetes,Private,6,1,1,7,0,2.48,1,Home,1.49,1
PT-104953,28,Female,Heart Failure,Private,8,4,1,2,6,1.92,4,Home,1.63,1
PT-104954,45,Male,Diabetes,Private,10,2,0,8,5,4.44,14,Home Health,1.27,1
PT-104955,32,Female,COPD,Medicaid,3,0,1,5,1,0.46,12,Home Health,0.47,0
PT-104956,29,Male,Heart Failure,Private,3,1,1,5,5,1.23,7,Home,0.77,0
PT-104957,45,Male,Pneumonia,Medicare,5,0,1,7,2,2.11,9,Home,0.0,0
PT-104958,85,Male,COPD,Private,3,1,0,3,2,2.66,13,Skilled Nursing,1.5,0
PT-104959,86,Male,Pneumonia,Medicaid,6,0,3,9,3,1.8,10,Home,0.84,1
PT-104960,45,Male,Pneumonia,Private,5,1,2,3,4,0.95,13,Home,0.47,1
PT-104961,54,Male,Diabetes,Medicare,2,1,0,7,3,5.05,6,Home Health,0.05,0
PT-104962,89,Female,Pneumonia,Private,10,1,0,8,1,1.69,14,Home Health,1.76,1
PT-104963,35,Female,Diabetes,Private,6,3,0,3,1,5.68,10,Home,0.16,1
PT-104964,86,Male,Pneumonia,Private,8,1,3,5,2,5.44,3,Home,2.01,1
PT-104965,25,Female,Heart Failure,Medicaid,2,1,1,6,3,0.89,18,Rehab,0.55,0
PT-104966,34,Male,Diabetes,Private,6,1,2,8,1,6.33,18,Home,0.21,0
PT-104967,42,Male,Diabetes,Medicare,7,1,0,8,2,2.88,5,Home,0.34,0
PT-104968,20,Female,COPD,Medicaid,5,1,0,4,1,2.87,6,Home,0.0,1
PT-104969,77,Female,Diabetes,Private,2,0,1,6,1,2.27,12,Home,1.49,1
PT-104970,80,Male,Heart Failure,Medicaid,4,1,0,2,4,2.8,7,Home,1.25,1
PT-104971,45,Male,Other,Private,7,2,1,6,1,2.74,8,Skilled Nursing,0.31,1
PT-104972,79,Male,Kidney Disease,Private,8,0,2,5,0,6.83,15,Home,1.91,1
PT-104973,74,Male,Heart Failure,Medicaid,1,2,2,2,2,2.76,2,Home,1.83,0
PT-104974,76,Male,Kidney Disease,Medicare,4,0,2,4,1,3.95,5,Home,1.86,1
PT-104975,76,Male,Other,Medicare,1,0,0,5,1,1.46,8,Home,1.47,0
PT-104976,59,Male,Pneumonia,Private,7,1,0,5,1,1.63,9,Home Health,0.8,1
PT-104977,26,Male,Pneumonia,Medicare,8,2,1,3,1,3.01,15,Home,0.0,1
PT-104978,85,Male,Kidney Disease,Private,2,2,0,3,1,1.23,13,Home,1.59,1
PT-104979,62,Male,Other,Medicare,2,2,3,6,5,1.08,5,Home,2.35,1
PT-104980,83,Male,Other,Medicare,3,0,2,4,3,2.58,10,Home Health,1.81,1
PT-104981,88,Female,Diabetes,Medicare,4,1,0,5,5,3.66,5,Home,1.78,1
PT-104982,31,Female,Heart Failure,Private,2,1,2,4,4,1.67,15,Home,0.0,1
PT-104983,47,Female,Diabetes,Private,7,2,3,5,1,3.34,6,Skilled Nursing,0.07,1
PT-104984,32,Female,Diabetes,Private,8,1,1,5,2,3.94,3,Rehab,0.33,1
PT-104985,21,Female,Pneumonia,Medicare,4,0,1,5,1,2.15,14,Skilled Nursing,0.0,0
PT-104986,88,Male,Kidney Disease,Medicaid,2,0,2,1,3,1.81,1,Skilled Nursing,1.45,1
PT-104987,85,Male,Heart Failure,Private,3,1,1,6,2,1.2,5,Home,2.02,1
PT-104988,86,Male,Diabetes,Medicaid,4,0,1,3,0,3.02,1,Home,1.17,1
PT-104989,82,Female,COPD,Private,3,0,0,1,1,6.21,11,Rehab,0.81,1
PT-104990,65,Female,Kidney Disease,Private,4,2,0,4,1,2.56,3,Home,1.64,1
PT-104991,56,Male,Diabetes,Private,8,2,3,5,1,0.71,15,Home,1.21,1
PT-104992,90,Female,Diabetes,Medicare,2,0,0,4,1,4.28,14,Home Health,1.46,1
PT-104993,58,Male,Heart Failure,Medicare,13,1,1,8,7,4.33,5,Home,1.37,1
PT-104994,64,Male,Heart Failure,Medicare,4,0,1,1,5,4.71,19,Home,0.83,1
PT-104995,33,Female,Other,Medicare,3,3,0,5,1,1.86,3,Home,0.0,0
PT-104996,72,Female,Heart Failure,Medicare,2,1,3,3,1,0.28,3,Home,1.34,1
PT-104997,77,Female,Heart Failure,Medicaid,2,1,1,4,0,2.4,5,Home,1.4,0
PT-104998,67,Male,Heart Failure,Medicare,4,0,0,3,0,3.56,9,Skilled Nursing,0.46,0
PT-104999,54,Female,Other,Medicare,4,1,2,5,1,2.54,12,Home,0.57,0
PT-105000,32,Male,Heart Failure,Private,3,0,1,9,1,3.16,16,Home Health,0.0,1
PT-105001,20,Other,Kidney Disease,Medicare,1,0,0,10,0,2.36,9,Home,0.0,1
PT-105002,63,Male,Heart Failure,Medicare,4,2,2,9,3,3.97,6,Home,0.94,1
PT-105003,67,Female,Other,Private,2,0,0,10,0,3.29,8,Skilled Nursing,1.05,1
PT-105004,74,Male,Pneumonia,Private,1,2,2,6,3,1.44,12,Skilled Nursing,1.23,1
PT-105005,87,Female,COPD,Medicaid,6,0,1,1,3,6.05,3,Home,1.93,1
PT-105006,54,Male,Pneumonia,Private,1,1,0,4,1,5.32,5,Home,0.57,0
PT-105007,78,Female,Other,Medicare,3,1,1,9,1,4.59,17,Home,1.31,1
PT-105008,70,Female,Other,Medicare,4,2,0,5,2,2.58,4,Home,1.03,1
PT-105009,38,Female,COPD,Medicaid,9,1,1,9,3,0.17,2,Home,0.0,1
PT-105010,79,Female,Heart Failure,Medicaid,1,0,1,12,6,3.52,16,Home,1.49,1
PT-105011,21,Female,Pneumonia,Private,7,1,2,3,1,5.3,10,Skilled Nursing,0.0,1
PT-105012,61,Male,Kidney Disease,Private,7,1,1,3,2,0.51,14,Home Health,1.06,0
PT-105013,86,Female,Kidney Disease,Private,11,1,2,2,4,3.5,1,Home Health,1.67,1
PT-105014,66,Male,Pneumonia,Medicare,8,0,0,6,3,0.17,15,Skilled Nursing,0.89,1
PT-105015,86,Female,Other,Medicare,4,0,2,4,2,2.16,1,Home,2.05,0
PT-105016,22,Female,Kidney Disease,Self-pay,7,2,1,12,2,2.95,8,Home,0.0,0
PT-105017,56,Male,Diabetes,Medicaid,9,1,1,4,1,0.43,17,Home,1.44,0
PT-105018,74,Male,Heart Failure,Medicare,1,0,1,6,2,4.37,15,Skilled Nursing,0.68,1
PT-105019,64,Male,COPD,Private,1,0,3,4,1,2.95,12,Home,1.22,1
PT-105020,82,Male,Heart Failure,Private,5,0,2,7,1,1.64,16,Skilled Nursing,1.57,1
PT-105021,51,Female,Heart Failure,Medicare,7,1,1,5,1,1.73,7,Rehab,0.0,1
PT-105022,67,Female,Kidney Disease,Medicare,6,3,1,5,2,5.08,2,Home,2.45,1
PT-105023,48,Male,Pneumonia,Medicaid,5,1,0,1,4,3.31,6,Home Health,1.77,1
PT-105024,81,Female,Diabetes,Medicare,11,0,2,4,2,3.27,2,Home,1.0,0
PT-105025,26,Male,Other,Medicare,3,1,3,5,3,1.98,7,Home,0.7,1
PT-105026,36,Male,Pneumonia,Medicaid,2,2,0,10,1,6.33,1,Skilled Nursing,0.03,1
PT-105027,25,Male,Heart Failure,Self-pay,3,1,1,4,1,1.42,12,Skilled Nursing,0.0,0
PT-105028,69,Female,Pneumonia,Private,5,2,1,5,2,0.93,1,Home Health,0.84,1
PT-105029,34,Female,Pneumonia,Medicare,4,0,3,4,1,2.04,6,Rehab,0.34,1
PT-105030,41,Female,Pneumonia,Medicaid,7,0,1,2,5,4.64,5,Home,0.83,0
PT-105031,79,Female,COPD,Private,2,1,2,6,1,5.62,6,Skilled Nursing,1.72,0
PT-105032,44,Male,Pneumonia,Self-pay,5,1,0,5,0,1.8,7,Rehab,0.69,0
PT-105033,28,Female,Other,Private,7,1,1,6,0,0.34,16,Home Health,0.4,0
PT-105034,19,Female,Pneumonia,Medicare,9,2,1,4,1,3.03,6,Skilled Nursing,0.76,1
PT-105035,34,Other,COPD,Private,2,0,1,12,4,1.63,2,Home,0.55,1
PT-105036,84,Male,COPD,Medicare,3,1,2,3,1,1.94,10,Home Health,1.39,1
PT-105037,58,Female,Other,Private,4,1,0,3,0,1.68,7,Home,0.85,1
PT-105038,90,Male,Other,Private,1,3,0,4,2,4.66,7,Home,2.77,0
PT-105039,33,Male,COPD,Private,5,0,0,2,1,4.97,6,Home Health,0.26,0
PT-105040,43,Female,Heart Failure,Medicaid,5,3,1,7,0,4.05,6,Home,0.1,1
PT-105041,29,Male,Other,Medicare,5,0,1,4,2,3.03,9,Home,0.05,0
PT-105042,47,Female,Other,Medicare,3,2,1,4,3,2.47,4,Home,0.62,1
PT-105043,59,Male,Diabetes,Medicaid,9,1,4,3,2,3.85,12,Home,1.75,1
PT-105044,76,Male,Heart Failure,Private,3,0,0,3,2,4.72,20,Home Health,0.91,1
PT-105045,44,Female,Diabetes,Private,8,2,2,3,3,1.0,5,Home,1.07,1
PT-105046,74,Female,Heart Failure,Medicare,3,1,0,4,2,3.3,7,Home,1.63,1
PT-105047,63,Male,Kidney Disease,Medicare,2,0,0,4,2,2.23,11,Home,1.63,1
PT-105048,39,Male,Pneumonia,Private,4,4,2,6,4,4.26,12,Home,0.84,1
PT-105049,84,Male,COPD,Private,4,0,2,8,6,2.27,11,Skilled Nursing,2.47,1
PT-105050,49,Male,COPD,Medicaid,5,1,1,8,3,0.55,3,Home,1.31,0
PT-105051,29,Male,Diabetes,Medicare,1,1,0,6,1,2.29,1,Home Health,0.0,1
PT-105052,88,Female,Pneumonia,Medicaid,3,0,1,5,1,2.95,1,Home,1.56,1
PT-105053,84,Male,Heart Failure,Private,13,0,1,4,2,1.99,12,Skilled Nursing,1.89,1
PT-105054,21,Female,Other,Medicare,3,2,3,4,1,1.41,6,Home Health,1.43,1
PT-105055,83,Female,Diabetes,Private,7,0,1,6,1,4.98,4,Home,2.03,1
PT-105056,87,Male,COPD,Medicare,21,0,1,4,2,2.89,6,Home,2.52,1
PT-105057,78,Male,COPD,Medicare,14,1,2,3,2,3.57,11,Skilled Nursing,1.14,1
PT-105058,36,Male,Diabetes,Medicaid,2,1,0,5,6,1.84,16,Home,0.57,0
PT-105059,64,Male,Other,Medicare,7,0,0,4,1,4.46,4,Home Health,0.05,1
PT-105060,57,Male,Pneumonia,Self-pay,7,2,0,6,2,6.52,3,Home,0.14,0
PT-105061,63,Male,Pneumonia,Private,6,0,2,11,4,2.64,10,Home,1.35,1
PT-105062,63,Female,Heart Failure,Private,1,0,0,5,2,3.75,10,Home Health,0.48,0
PT-105063,64,Female,COPD,Private,5,3,1,3,1,0.65,5,Home,1.11,1
PT-105064,55,Other,Heart Failure,Medicare,5,1,0,1,1,0.51,11,Home,1.18,1
PT-105065,68,Male,Other,Medicare,1,0,2,5,4,5.59,10,Home,0.81,1
PT-105066,56,Female,Other,Medicaid,3,2,0,3,0,3.1,3,Home,0.94,1
PT-105067,19,Male,Kidney Disease,Medicare,5,1,1,3,2,1.9,7,Rehab,0.32,1
PT-105068,20,Male,Kidney Disease,Private,4,0,0,2,4,1.49,13,Home,0.39,1
PT-105069,87,Female,Pneumonia,Private,6,2,1,3,1,3.23,13,Home Health,2.13,1
PT-105070,84,Female,Other,Medicare,3,0,3,3,2,1.42,9,Home,1.88,0
PT-105071,60,Female,Diabetes,Private,4,1,0,6,0,4.7,21,Skilled Nursing,0.91,1
PT-105072,30,Male,Kidney Disease,Private,8,0,0,8,3,2.48,10,Home,0.05,0
PT-105073,75,Female,Heart Failure,Self-pay,12,3,0,7,0,4.26,10,Home,1.24,1
PT-105074,28,Female,Pneumonia,Medicaid,1,0,0,3,1,3.93,7,Home,0.0,1
PT-105075,45,Male,Diabetes,Private,6,2,0,2,0,2.99,7,Skilled Nursing,1.35,0
PT-105076,42,Female,Diabetes,Medicaid,3,0,3,6,1,2.83,11,Home,1.69,0
PT-105077,18,Male,Diabetes,Medicare,5,1,2,2,2,8.1,5,Home,0.0,1
PT-105078,76,Male,Heart Failure,Private,1,0,0,6,2,0.59,12,Rehab,1.28,0
PT-105079,55,Female,Diabetes,Medicare,9,1,1,3,3,4.35,12,Home,1.63,1
PT-105080,41,Female,Other,Private,2,1,0,5,3,5.13,1,Home Health,0.73,1
PT-105081,55,Female,Kidney Disease,Private,8,0,1,0,0,1.84,1,Home,0.75,0
PT-105082,18,Female,Other,Private,2,0,4,4,2,6.26,7,Home,0.2,1
PT-105083,49,Female,Kidney Disease,Private,1,3,2,7,1,1.18,17,Home,1.75,0
PT-105084,55,Male,COPD,Private,3,2,0,5,1,3.57,17,Home,0.82,1
PT-105085,42,Female,COPD,Medicare,5,0,1,9,3,1.33,1,Home,0.88,1
PT-105086,78,Female,Diabetes,Private,15,1,1,5,0,0.76,9,Home,1.43,1
PT-105087,36,Female,Pneumonia,Private,5,0,2,5,3,2.24,8,Home,0.59,0
PT-105088,28,Female,COPD,Self-pay,2,1,2,3,1,1.06,3,Home,0.62,0
PT-105089,56,Male,COPD,Medicare,7,2,1,9,2,4.77,7,Skilled Nursing,1.12,0
PT-105090,82,Female,Heart Failure,Medicaid,10,0,1,3,1,4.88,5,Rehab,1.21,1
PT-105091,45,Female,Heart Failure,Medicare,2,0,1,7,1,2.35,7,Home,0.0,1
PT-105092,21,Male,Diabetes,Medicaid,8,2,0,4,1,1.62,7,Home,0.0,0
PT-105093,88,Male,Diabetes,Medicare,9,0,2,6,1,5.37,2,Home,2.54,1
PT-105094,50,Female,Other,Medicare,7,1,1,1,4,1.71,7,Home Health,1.03,1
PT-105095,30,Male,Kidney Disease,Medicaid,2,2,0,6,1,3.39,7,Skilled Nursing,0.0,1
PT-105096,62,Male,Heart Failure,Self-pay,5,4,1,4,3,1.11,11,Home,0.56,1
PT-105097,41,Female,Other,Private,5,1,0,2,0,2.14,9,Home,0.62,1
PT-105098,86,Male,Heart Failure,Medicaid,9,1,3,6,1,0.81,12,Home,0.98,1
PT-105099,39,Male,Other,Private,3,0,0,4,0,3.82,10,Rehab,0.0,1
PT-105100,58,Female,Other,Private,8,1,3,1,2,5.51,15,Home,1.41,1
PT-105101,57,Female,Diabetes,Private,4,1,2,6,4,1.23,6,Home Health,1.94,1
PT-105102,35,Male,Pneumonia,Medicaid,3,0,0,5,2,3.34,13,Home,0.69,0
PT-105103,54,Female,Other,Self-pay,4,0,0,2,1,0.45,8,Home,0.02,0
PT-105104,25,Female,Diabetes,Private,1,0,1,1,4,2.53,16,Home,0.57,0
PT-105105,64,Male,Diabetes,Medicare,1,2,0,4,2,2.05,10,Home,1.74,1
PT-105106,73,Female,Heart Failure,Medicare,1,1,2,7,2,3.8,3,Home,0.86,1
PT-105107,87,Male,Diabetes,Private,6,0,1,3,4,0.99,8,Home,2.14,0
PT-105108,41,Female,Heart Failure,Private,3,0,1,5,2,0.3,7,Home Health,1.08,0
PT-105109,38,Male,Other,Medicare,2,1,2,5,1,3.64,4,Home Health,0.8,1
PT-105110,58,Other,Heart Failure,Self-pay,4,1,4,2,2,3.77,6,Home Health,0.21,1
PT-105111,68,Female,Heart Failure,Private,8,1,1,4,2,2.33,1,Skilled Nursing,1.02,1
PT-105112,90,Male,COPD,Private,4,2,1,7,1,4.65,5,Home,1.65,1
PT-105113,19,Female,Heart Failure,Medicare,2,0,2,8,1,5.01,11,Rehab,0.0,0
PT-105114,35,Male,COPD,Medicare,17,1,0,4,0,2.73,11,Home,0.46,1
PT-105115,37,Male,Kidney Disease,Self-pay,4,0,1,4,2,2.21,5,Home,0.0,0
PT-105116,36,Male,Other,Private,9,1,1,6,0,1.91,10,Home,0.06,1
PT-105117,51,Male,Diabetes,Private,7,0,2,8,3,2.05,14,Skilled Nursing,0.66,1
PT-105118,81,Female,Diabetes,Private,3,0,0,9,1,4.14,4,Home,1.45,1
PT-105119,20,Male,Heart Failure,Private,12,1,2,8,3,1.99,1,Home,0.2,1
PT-105120,77,Male,Other,Private,3,0,0,1,3,0.62,8,Home,1.36,0
PT-105121,63,Male,Diabetes,Private,5,0,1,6,3,5.24,15,Home,0.2,0
PT-105122,62,Male,Heart Failure,Medicare,5,2,1,3,2,0.44,14,Home,1.57,0
PT-105123,67,Other,COPD,Private,5,1,3,7,4,2.43,7,Home,1.56,1
PT-105124,26,Male,Kidney Disease,Medicare,10,0,0,4,1,2.22,12,Home Health,0.44,0
PT-105125,72,Male,Heart Failure,Private,4,0,1,4,1,0.48,8,Home,0.82,0
PT-105126,36,Female,Heart Failure,Medicare,5,1,3,6,3,4.14,18,Home Health,0.65,1
PT-105127,55,Female,Kidney Disease,Medicaid,5,0,0,8,1,2.58,11,Home,0.83,1
PT-105128,67,Male,Kidney Disease,Medicare,15,1,1,2,2,4.62,1,Home Health,1.41,1
PT-105129,62,Male,Pneumonia,Medicare,9,0,0,3,2,2.83,6,Home,1.15,1
PT-105130,41,Female,Other,Self-pay,1,0,1,4,0,1.74,8,Home,0.65,0
PT-105131,46,Female,COPD,Medicaid,3,2,0,4,2,1.98,3,Home,0.69,0
PT-105132,52,Female,Diabetes,Medicaid,4,0,3,6,3,4.22,9,Home,1.39,1
PT-105133,21,Female,Diabetes,Private,10,2,3,6,3,1.45,5,Rehab,0.87,1
PT-105134,71,Male,COPD,Private,11,0,2,6,1,3.32,11,Home,0.63,1
PT-105135,25,Male,Other,Private,4,0,0,4,2,6.4,3,Home,0.62,1
PT-105136,51,Female,Heart Failure,Private,3,0,0,4,1,3.27,7,Home,0.5,1
PT-105137,65,Male,Diabetes,Private,4,2,3,7,3,1.8,14,Home Health,1.8,1
PT-105138,23,Male,Diabetes,Private,5,3,0,7,4,6.64,8,Home,0.57,1
PT-105139,90,Male,Diabetes,Medicare,3,0,1,5,2,0.67,9,Home,1.32,1
PT-105140,45,Male,Diabetes,Private,9,1,1,5,3,2.04,3,Home Health,0.0,1
PT-105141,19,Female,Pneumonia,Private,3,0,3,3,2,3.94,6,Home Health,1.32,0
PT-105142,66,Male,Diabetes,Private,2,0,0,10,1,1.73,5,Home Health,0.56,0
PT-105143,58,Male,Other,Medicaid,4,1,0,8,5,0.39,7,Rehab,1.1,1
PT-105144,64,Male,Pneumonia,Medicare,5,2,0,1,5,1.71,20,Home,0.87,1
PT-105145,72,Male,Heart Failure,Medicare,9,3,1,6,1,1.54,12,Skilled Nursing,1.03,1
PT-105146,52,Male,Heart Failure,Medicare,2,2,0,7,2,1.06,9,Home,0.73,0
PT-105147,78,Female,COPD,Medicaid,5,2,2,7,3,2.67,6,Skilled Nursing,1.29,1
PT-105148,45,Female,Other,Private,5,0,1,6,2,4.21,5,Rehab,0.35,1
PT-105149,57,Male,Other,Medicare,6,0,1,5,3,3.63,9,Home,0.97,1
PT-105150,29,Female,COPD,Private,3,2,0,6,1,0.55,11,Home Health,0.61,0
PT-105151,63,Male,COPD,Medicare,6,2,2,2,3,0.94,9,Skilled Nursing,1.57,1
PT-105152,37,Male,Diabetes,Private,7,1,4,3,1,1.59,5,Home,0.0,1
PT-105153,68,Male,COPD,Medicare,3,1,0,4,3,4.57,9,Home,1.86,1
PT-105154,76,Male,Pneumonia,Private,5,0,4,1,3,4.41,12,Home,1.27,1
PT-105155,80,Male,Other,Private,4,1,0,5,0,2.97,14,Home,0.47,0
PT-105156,85,Male,Heart Failure,Private,2,2,3,7,1,2.14,14,Home,1.75,0
PT-105157,26,Female,Other,Medicare,1,1,1,4,1,1.3,6,Skilled Nursing,0.0,1
PT-105158,28,Male,Other,Self-pay,3,1,1,3,0,6.25,1,Skilled Nursing,0.0,0
PT-105159,85,Female,Pneumonia,Private,3,1,1,2,3,1.6,2,Home,1.53,1
PT-105160,45,Male,Heart Failure,Self-pay,1,2,0,2,1,1.44,2,Skilled Nursing,1.02,1
PT-105161,19,Female,Kidney Disease,Private,6,1,0,7,4,1.44,9,Home,0.29,0
PT-105162,38,Male,Other,Medicaid,7,0,1,6,2,0.82,3,Home,0.0,1
PT-105163,79,Female,COPD,Private,4,1,1,5,4,3.93,4,Home,1.98,1
PT-105164,43,Male,Heart Failure,Private,4,1,0,2,3,4.43,6,Home,0.99,1
PT-105165,23,Female,Heart Failure,Medicare,3,0,3,7,2,2.27,24,Home,0.2,1
PT-105166,70,Female,Other,Medicare,4,0,1,6,1,3.59,16,Home,1.97,0
PT-105167,32,Female,Heart Failure,Self-pay,6,0,1,8,3,1.22,6,Home,1.11,1
PT-105168,43,Female,Pneumonia,Private,5,1,4,8,6,1.19,17,Home,1.56,1
PT-105169,18,Female,Diabetes,Private,4,0,1,5,2,2.4,9,Home,0.0,1
PT-105170,61,Male,COPD,Private,3,0,2,7,2,1.03,4,Home,1.24,0
PT-105171,50,Other,Other,Private,7,0,2,9,1,1.78,10,Home,0.78,1
PT-105172,81,Female,Pneumonia,Medicare,3,1,3,9,2,3.27,3,Home,1.44,1
PT-105173,42,Male,Diabetes,Medicaid,1,1,0,5,2,2.35,1,Home Health,0.35,0
PT-105174,32,Female,Pneumonia,Medicare,5,0,1,8,3,1.08,1,Home,0.0,1
PT-105175,30,Male,COPD,Private,1,0,0,8,1,1.15,14,Home,0.11,0
PT-105176,32,Male,Other,Private,5,0,0,8,0,2.34,7,Home Health,0.0,0
PT-105177,50,Female,Pneumonia,Private,5,0,1,10,3,0.81,3,Home Health,0.01,1
PT-105178,24,Female,Diabetes,Medicare,3,0,0,5,0,3.64,10,Home Health,0.0,0
PT-105179,47,Female,Heart Failure,Medicaid,3,1,1,11,2,2.5,1,Skilled Nursing,0.0,1
PT-105180,80,Male,Kidney Disease,Medicaid,8,0,1,2,3,4.28,3,Home Health,2.28,1
PT-105181,74,Male,Diabetes,Medicare,14,2,1,3,0,2.47,10,Home,2.63,1
PT-105182,64,Female,Kidney Disease,Medicare,4,1,1,4,2,3.79,17,Home Health,1.22,0
PT-105183,83,Male,Heart Failure,Medicare,3,2,0,11,2,4.34,1,Home Health,1.67,1
PT-105184,74,Male,Diabetes,Private,5,0,1,6,3,1.7,2,Skilled Nursing,0.81,1
PT-105185,65,Female,COPD,Medicare,4,0,2,2,5,2.29,7,Home Health,1.87,0
PT-105186,81,Female,COPD,Self-pay,5,1,2,3,1,4.1,11,Home,1.01,0
PT-105187,27,Male,Other,Private,5,1,2,4,3,2.28,10,Home,0.04,1
PT-105188,77,Male,Heart Failure,Medicare,5,1,2,3,4,4.39,6,Home,0.72,0
PT-105189,39,Female,Other,Private,1,1,0,5,1,2.59,7,Home,0.33,0
PT-105190,71,Male,Diabetes,Private,3,1,2,3,2,1.59,9,Home Health,0.86,1
PT-105191,84,Female,Kidney Disease,Medicaid,3,1,1,6,3,0.89,17,Skilled Nursing,0.66,1
PT-105192,54,Male,Heart Failure,Private,3,0,2,7,3,5.45,12,Home,0.25,1
PT-105193,24,Male,Other,Private,6,0,1,5,4,0.68,4,Home Health,1.25,1
PT-105194,45,Male,Other,Medicare,2,0,2,4,4,0.95,1,Home Health,1.24,1
PT-105195,47,Female,Pneumonia,Medicare,1,1,1,4,2,2.46,11,Home Health,1.06,0
PT-105196,86,Male,Heart Failure,Medicaid,3,3,0,3,3,6.41,2,Home,0.84,1
PT-105197,86,Female,Kidney Disease,Private,2,2,0,8,1,2.0,10,Home,1.7,1
PT-105198,59,Male,Heart Failure,Self-pay,4,0,3,5,1,5.03,12,Home,1.24,1
PT-105199,87,Male,Kidney Disease,Medicare,2,0,1,7,3,2.11,13,Home,2.14,1
PT-105200,49,Male,Heart Failure,Private,3,0,1,2,5,2.67,2,Home,0.92,1
PT-105201,48,Female,COPD,Private,3,0,0,4,2,5.13,12,Home,0.68,0
PT-105202,79,Male,Pneumonia,Private,9,0,3,6,4,0.47,13,Home Health,2.03,1
PT-105203,66,Female,Diabetes,Medicare,2,1,0,5,2,0.62,7,Skilled Nursing,1.67,0
PT-105204,56,Male,Pneumonia,Medicaid,6,0,0,4,1,4.5,3,Home,0.52,0
PT-105205,51,Male,Heart Failure,Medicare,4,1,1,3,0,1.4,8,Home Health,0.73,0
PT-105206,69,Male,Heart Failure,Medicaid,8,0,1,7,4,4.7,8,Home,2.55,1
PT-105207,73,Female,COPD,Private,11,0,0,3,1,2.36,13,Home,1.48,1
PT-105208,53,Male,Pneumonia,Medicaid,4,0,1,4,3,2.64,8,Home Health,0.89,1
PT-105209,20,Female,Kidney Disease,Medicaid,1,1,1,4,0,4.42,10,Home,0.73,1
PT-105210,25,Male,Pneumonia,Private,2,2,2,4,0,1.2,11,Skilled Nursing,0.06,1
PT-105211,28,Female,Pneumonia,Private,1,2,2,6,3,6.47,7,Home,0.96,1
PT-105212,51,Female,Diabetes,Private,3,0,0,3,0,2.87,9,Skilled Nursing,1.22,1
PT-105213,62,Male,Heart Failure,Private,3,1,2,7,1,2.45,4,Rehab,0.82,1
PT-105214,76,Female,Kidney Disease,Medicaid,5,0,1,3,0,3.89,8,Home,1.44,1
PT-105215,34,Other,Heart Failure,Medicaid,7,1,1,5,0,1.17,7,Home,0.27,1
PT-105216,75,Male,Heart Failure,Private,1,0,0,3,2,0.18,7,Home,0.69,0
PT-105217,66,Female,Heart Failure,Medicare,4,0,0,7,2,1.31,2,Skilled Nursing,0.57,1
PT-105218,21,Female,Diabetes,Medicare,2,1,1,8,4,2.64,8,Rehab,0.57,1
PT-105219,43,Female,Diabetes,Medicaid,4,0,4,11,1,3.38,5,Rehab,0.91,1
PT-105220,40,Male,Pneumonia,Medicare,3,1,3,6,4,0.81,7,Home,1.1,1
PT-105221,82,Female,Other,Medicaid,6,0,1,1,3,3.17,8,Home,1.66,1
PT-105222,85,Female,Diabetes,Medicare,2,3,0,4,1,4.2,17,Home,1.12,1
PT-105223,77,Female,Heart Failure,Private,2,0,0,4,0,4.34,5,Home,2.15,1
PT-105224,56,Female,Heart Failure,Self-pay,4,1,1,10,0,2.76,4,Home,0.35,1
PT-105225,53,Male,Heart Failure,Private,3,1,0,2,3,1.62,7,Home,1.13,0
PT-105226,40,Female,Pneumonia,Private,4,1,0,1,0,4.91,3,Home,0.0,1
PT-105227,74,Male,Other,Self-pay,1,1,0,6,4,2.0,1,Home,1.24,0
PT-105228,24,Male,Other,Medicare,10,1,2,5,1,2.21,6,Home,0.02,1
PT-105229,37,Female,Pneumonia,Medicaid,3,1,4,3,1,2.03,7,Home,0.49,1
PT-105230,27,Male,Kidney Disease,Private,2,0,0,6,1,0.53,9,Home,0.21,0
PT-105231,54,Male,Pneumonia,Medicare,4,0,2,7,2,4.62,7,Home,1.27,1
PT-105232,39,Female,Diabetes,Private,4,0,1,3,2,5.27,4,Home,0.0,1
PT-105233,32,Female,COPD,Private,13,3,1,5,2,4.02,10,Home,0.04,1
PT-105234,45,Female,Kidney Disease,Private,8,0,0,1,4,4.41,6,Home,0.66,1
PT-105235,80,Female,Other,Private,3,0,1,5,2,3.12,5,Home,1.42,1
PT-105236,58,Female,COPD,Private,11,0,0,6,1,4.24,11,Home,0.61,1
PT-105237,78,Male,Kidney Disease,Medicaid,10,1,1,3,4,3.24,7,Home,2.04,1
PT-105238,84,Female,Heart Failure,Medicare,2,0,1,5,1,1.88,15,Home,1.36,0
PT-105239,83,Female,Other,Private,14,0,1,5,4,3.2,3,Home,1.64,1
PT-105240,43,Female,Other,Medicare,3,0,0,5,0,3.84,17,Home,0.73,0
PT-105241,82,Male,Diabetes,Medicaid,4,1,2,9,1,1.64,10,Rehab,1.77,0
PT-105242,84,Female,Pneumonia,Private,9,0,1,5,3,3.45,3,Home,1.99,1
PT-105243,88,Female,Other,Medicare,1,0,0,7,3,3.2,7,Skilled Nursing,1.49,1
PT-105244,43,Male,COPD,Medicaid,4,0,1,6,1,3.31,5,Home,0.11,1
PT-105245,34,Female,Heart Failure,Medicare,5,2,3,4,1,5.88,11,Home,1.05,1
PT-105246,60,Male,COPD,Medicare,8,0,3,6,0,0.74,5,Home,1.02,1
PT-105247,86,Female,Heart Failure,Medicaid,4,0,1,4,3,2.7,4,Home,1.13,1
PT-105248,83,Female,Kidney Disease,Medicare,1,1,0,2,4,2.85,10,Home,2.09,1
PT-105249,59,Female,COPD,Private,13,1,0,3,2,3.82,7,Home Health,2.31,1
PT-105250,28,Female,Heart Failure,Self-pay,4,1,0,3,3,2.48,1,Rehab,0.0,1
PT-105251,48,Male,Heart Failure,Private,5,0,0,5,1,3.76,14,Skilled Nursing,0.61,1
PT-105252,70,Female,COPD,Private,1,0,0,3,3,0.4,7,Home Health,1.16,1
PT-105253,58,Male,Heart Failure,Medicare,10,1,1,4,5,1.97,7,Home,1.84,1
PT-105254,43,Female,Pneumonia,Medicare,3,4,2,3,1,2.76,13,Home,0.75,0
PT-105255,43,Female,Kidney Disease,Private,2,2,0,7,1,4.48,11,Home,0.23,1
PT-105256,22,Female,Diabetes,Medicare,8,3,0,2,0,6.02,19,Skilled Nursing,0.48,0
PT-105257,39,Male,Heart Failure,Medicare,1,0,1,6,3,1.54,5,Skilled Nursing,0.69,0
PT-105258,66,Male,COPD,Private,5,1,1,7,3,3.79,12,Home,2.02,0
PT-105259,35,Male,Diabetes,Private,2,1,1,7,6,2.83,5,Home Health,1.45,1
PT-105260,90,Female,Diabetes,Medicaid,6,1,2,3,3,3.75,10,Home,1.92,1
PT-105261,24,Male,Heart Failure,Medicaid,7,1,0,5,2,4.59,13,Home,0.66,1
PT-105262,60,Male,COPD,Private,3,0,4,5,1,5.54,6,Home Health,1.4,0
PT-105263,54,Female,Pneumonia,Medicaid,9,0,1,10,1,5.69,20,Home,1.48,1
PT-105264,78,Female,COPD,Private,4,1,2,2,2,5.48,11,Home,1.63,1
PT-105265,82,Female,Heart Failure,Medicaid,13,0,2,7,2,1.52,6,Home,1.08,1
PT-105266,57,Male,Diabetes,Medicaid,8,1,2,4,6,3.61,1,Home Health,1.01,1
PT-105267,64,Female,Kidney Disease,Medicaid,4,1,0,7,0,6.12,8,Home,0.67,1
PT-105268,69,Male,Diabetes,Medicaid,4,0,0,7,3,3.31,16,Home Health,0.99,0
PT-105269,56,Male,Heart Failure,Private,1,1,0,7,4,3.55,10,Home,1.41,1
PT-105270,31,Female,Diabetes,Private,8,1,2,2,3,0.66,11,Rehab,0.8,1
PT-105271,49,Male,Pneumonia,Self-pay,3,1,1,2,4,4.33,7,Home,1.1,1
PT-105272,35,Male,Kidney Disease,Medicaid,5,1,1,4,2,3.4,8,Home,0.57,1
PT-105273,51,Male,Heart Failure,Medicaid,13,1,1,6,4,3.08,8,Home,1.02,1
PT-105274,62,Male,Pneumonia,Private,9,1,3,6,4,2.04,6,Rehab,2.45,1
PT-105275,33,Female,COPD,Medicaid,2,0,2,4,3,2.51,8,Home,0.54,1
PT-105276,36,Male,Pneumonia,Private,4,1,1,6,0,2.26,8,Home,0.34,0
PT-105277,78,Male,Other,Private,5,2,1,6,1,2.97,11,Home Health,1.5,1
PT-105278,45,Female,Diabetes,Medicare,10,1,2,8,2,2.46,8,Home,0.26,0
PT-105279,32,Female,Pneumonia,Self-pay,9,1,2,5,2,0.53,13,Home,1.17,1
PT-105280,70,Male,Other,Private,6,0,2,5,0,2.46,19,Home,1.49,0
PT-105281,70,Male,Diabetes,Medicare,6,4,0,10,1,1.65,6,Home,2.5,1
PT-105282,78,Male,Kidney Disease,Private,4,0,0,3,3,0.23,17,Home,1.89,0
PT-105283,73,Female,Diabetes,Medicaid,5,0,4,4,1,1.22,11,Home Health,1.76,0
PT-105284,90,Male,Diabetes,Private,3,1,2,7,3,4.68,5,Home,1.68,1
PT-105285,59,Female,Other,Medicare,7,1,0,5,3,0.19,15,Home,1.37,1
PT-105286,38,Male,Kidney Disease,Medicare,6,0,2,7,1,5.07,11,Home,0.76,1
PT-105287,80,Female,Heart Failure,Medicare,8,1,2,7,1,1.88,12,Home,0.67,1
PT-105288,37,Female,Kidney Disease,Medicare,8,0,0,5,3,1.4,1,Home Health,1.53,0
PT-105289,39,Male,Diabetes,Private,2,2,1,4,2,4.2,11,Home,0.82,1
PT-105290,78,Male,COPD,Private,1,0,0,7,1,5.89,8,Home,1.84,1
PT-105291,82,Female,Kidney Disease,Medicare,2,0,3,8,3,0.58,10,Home,2.24,0
PT-105292,42,Female,Diabetes,Medicare,5,1,3,3,2,4.25,11,Home,0.26,1
PT-105293,71,Male,COPD,Medicare,3,1,1,7,2,3.95,10,Home Health,0.95,1
PT-105294,85,Female,Kidney Disease,Private,3,2,0,4,0,1.18,10,Home,1.43,0
PT-105295,76,Female,Heart Failure,Private,2,1,1,3,4,0.11,12,Rehab,1.47,1
PT-105296,18,Male,Diabetes,Private,5,0,0,3,1,5.64,7,Home,0.01,1
PT-105297,66,Female,Heart Failure,Self-pay,1,1,1,4,2,3.15,17,Home,1.63,1
PT-105298,30,Female,Pneumonia,Private,6,0,0,5,2,4.89,11,Home,0.0,1
PT-105299,79,Female,Diabetes,Medicare,6,0,3,6,4,2.18,4,Home,1.67,1
PT-105300,22,Male,Kidney Disease,Private,8,0,2,6,1,3.84,10,Home,0.59,0
PT-105301,90,Male,COPD,Private,22,0,0,5,1,4.91,3,Skilled Nursing,1.36,1
PT-105302,30,Female,Kidney Disease,Private,1,1,1,7,3,2.5,12,Home,0.64,1
PT-105303,48,Male,Heart Failure,Private,6,0,0,2,2,3.2,3,Home,1.27,1
PT-105304,35,Male,Diabetes,Private,7,1,0,6,3,2.62,7,Home,0.11,0
PT-105305,77,Male,Other,Private,2,2,1,3,2,2.42,7,Rehab,1.67,1
PT-105306,46,Male,COPD,Private,4,1,2,6,2,1.5,12,Home Health,1.12,1
PT-105307,72,Female,Pneumonia,Private,3,0,1,4,1,5.98,4,Home Health,1.42,1
PT-105308,22,Female,Other,Private,6,0,3,8,2,0.88,10,Home,0.58,1
PT-105309,51,Male,Other,Medicaid,8,2,2,2,2,3.54,1,Skilled Nursing,1.28,0
PT-105310,84,Female,Pneumonia,Medicaid,2,1,1,4,0,1.14,13,Home Health,1.57,0
PT-105311,85,Male,Diabetes,Medicare,5,1,1,0,4,3.67,8,Home,2.07,1
PT-105312,33,Female,Heart Failure,Medicare,10,0,3,4,2,1.32,6,Home,1.11,1
PT-105313,46,Male,Pneumonia,Private,2,3,0,5,4,2.43,9,Home Health,0.69,1
PT-105314,47,Female,Heart Failure,Medicaid,1,0,2,6,3,0.95,9,Home,1.12,1
PT-105315,59,Male,COPD,Self-pay,2,1,0,9,3,5.06,6,Home,0.42,1
PT-105316,57,Male,Pneumonia,Private,2,1,3,8,1,4.44,16,Home,0.24,1
PT-105317,25,Female,COPD,Private,2,2,0,3,3,2.43,13,Home,0.0,1
PT-105318,73,Male,Pneumonia,Medicaid,12,0,1,3,1,2.11,1,Home Health,1.2,1
PT-105319,34,Female,Other,Medicaid,14,1,1,5,3,1.17,8,Home,0.37,1
PT-105320,40,Female,Diabetes,Medicare,10,1,1,3,4,5.82,7,Home,0.86,1
PT-105321,79,Male,Diabetes,Medicare,3,0,2,4,0,3.53,1,Home,1.36,0
PT-105322,68,Female,Heart Failure,Private,11,0,1,5,3,2.57,9,Skilled Nursing,1.15,0
PT-105323,46,Female,COPD,Self-pay,1,0,3,4,2,6.71,4,Home,1.05,1
PT-105324,84,Male,Kidney Disease,Medicaid,2,0,1,5,1,0.76,7,Home,1.7,0
PT-105325,46,Female,Kidney Disease,Medicare,7,3,2,4,3,3.54,10,Rehab,0.52,1
PT-105326,59,Male,Pneumonia,Medicaid,3,0,0,7,0,2.08,12,Home,0.0,0
PT-105327,35,Male,Other,Medicaid,2,0,2,7,6,1.79,10,Home Health,0.73,1
PT-105328,31,Male,Other,Medicaid,5,1,1,1,1,3.01,1,Home,0.0,1
PT-105329,53,Female,Pneumonia,Private,5,0,0,8,1,5.39,8,Skilled Nursing,1.23,1
PT-105330,59,Male,Pneumonia,Private,6,1,0,8,1,1.98,1,Home Health,1.25,1
PT-105331,76,Female,Diabetes,Medicaid,6,1,1,5,0,3.01,3,Home,1.06,1
PT-105332,46,Female,Other,Private,5,1,1,4,3,3.42,18,Skilled Nursing,1.05,1
PT-105333,83,Male,COPD,Medicare,4,1,0,4,1,1.13,9,Home,1.6,0
PT-105334,62,Other,Other,Medicare,4,0,1,9,4,3.37,1,Home,1.78,0
PT-105335,23,Female,Diabetes,Private,7,0,5,5,0,3.98,7,Home,0.0,1
PT-105336,71,Female,Kidney Disease,Medicare,5,0,0,9,2,1.2,19,Skilled Nursing,2.6,1
PT-105337,59,Female,Other,Private,3,1,1,6,2,1.85,5,Home,1.3,0
PT-105338,46,Female,COPD,Private,2,1,1,6,3,2.79,1,Home,0.86,1
PT-105339,52,Female,Other,Private,4,0,3,5,3,0.74,8,Home,1.26,0
PT-105340,40,Female,Heart Failure,Medicare,10,0,2,5,1,2.2,19,Home,0.41,1
PT-105341,62,Male,Kidney Disease,Medicare,6,1,0,5,1,2.09,6,Home,0.98,1
PT-105342,59,Male,Other,Medicare,10,0,1,1,1,2.85,16,Home,0.59,1
PT-105343,50,Female,Other,Private,3,0,1,5,3,4.72,8,Home,1.33,0
PT-105344,38,Female,Heart Failure,Medicare,5,1,1,4,1,1.5,20,Home,0.36,0
PT-105345,47,Male,Kidney Disease,Medicare,5,0,2,10,3,1.32,7,Skilled Nursing,0.82,1
PT-105346,54,Female,COPD,Private,7,1,2,6,3,3.39,7,Home,1.02,1
PT-105347,52,Male,Pneumonia,Medicare,3,2,2,10,0,4.68,11,Home,0.64,1
PT-105348,40,Female,Diabetes,Medicaid,6,2,2,8,3,1.62,5,Home,0.48,1
PT-105349,60,Male,Pneumonia,Medicaid,9,0,3,6,2,0.51,6,Home,1.14,0
PT-105350,34,Female,Diabetes,Medicare,4,1,1,1,2,1.95,7,Home Health,0.0,0
PT-105351,54,Female,Pneumonia,Medicare,2,1,3,5,2,3.95,17,Home,1.56,1
PT-105352,26,Female,COPD,Medicaid,9,2,0,4,1,0.86,1,Home,0.17,1
PT-105353,52,Male,Diabetes,Medicare,7,1,2,4,4,3.72,2,Home,0.91,1
PT-105354,75,Male,Other,Private,1,1,3,2,0,2.69,16,Home,1.76,0
PT-105355,77,Female,Heart Failure,Medicare,4,0,2,7,0,4.56,8,Home,2.18,0
PT-105356,68,Female,Pneumonia,Private,13,0,1,5,3,5.52,3,Home Health,0.91,1
PT-105357,72,Female,COPD,Medicare,6,0,1,3,2,3.27,11,Home Health,2.01,1
PT-105358,22,Female,Kidney Disease,Medicaid,4,0,0,5,1,4.95,8,Home,0.0,1
PT-105359,42,Female,Kidney Disease,Medicaid,2,0,2,7,0,3.01,5,Home,0.4,1
PT-105360,65,Male,Heart Failure,Self-pay,2,0,1,2,4,0.77,3,Home,2.01,1
PT-105361,76,Male,Other,Private,7,1,3,5,0,0.99,6,Home Health,0.95,1
PT-105362,60,Female,Heart Failure,Medicaid,2,0,1,5,3,3.79,1,Home,0.62,1
PT-105363,80,Male,Other,Medicare,5,1,0,6,0,0.76,5,Skilled Nursing,2.01,0
PT-105364,37,Female,Other,Medicare,4,2,2,3,2,4.11,13,Home,0.0,1
PT-105365,29,Female,Heart Failure,Private,5,1,2,3,3,2.37,11,Home,1.19,1
PT-105366,24,Female,Other,Private,4,0,3,4,4,1.54,6,Rehab,0.0,1
PT-105367,60,Male,Heart Failure,Private,6,1,1,9,0,2.62,1,Home,1.11,1
PT-105368,66,Male,Diabetes,Medicaid,8,1,2,5,2,0.71,5,Skilled Nursing,0.71,1
PT-105369,38,Male,Kidney Disease,Medicaid,4,0,2,5,0,2.17,1,Home Health,0.25,0
PT-105370,75,Male,COPD,Medicare,7,0,2,2,0,1.76,10,Home,0.99,1
PT-105371,71,Female,Pneumonia,Private,10,1,0,5,3,3.06,11,Skilled Nursing,1.35,0
PT-105372,44,Female,Kidney Disease,Private,5,3,1,1,5,3.36,12,Skilled Nursing,0.71,1
PT-105373,35,Male,Heart Failure,Medicaid,7,1,0,7,2,4.21,13,Skilled Nursing,0.65,0
PT-105374,72,Female,Diabetes,Private,2,2,0,6,4,5.01,12,Home,1.31,1
PT-105375,67,Female,Kidney Disease,Private,4,0,5,4,1,0.94,8,Home Health,1.54,1
PT-105376,30,Female,Diabetes,Medicaid,1,0,1,9,2,2.32,5,Home Health,0.3,1
PT-105377,36,Female,COPD,Private,3,3,2,6,1,2.47,5,Home Health,0.5,1
PT-105378,53,Female,Heart Failure,Medicare,4,3,1,8,0,0.93,7,Skilled Nursing,1.08,1
PT-105379,55,Female,Pneumonia,Medicare,14,2,0,4,5,1.17,12,Home,1.62,1
PT-105380,30,Male,COPD,Private,2,1,1,6,2,0.82,3,Home Health,0.0,1
PT-105381,87,Female,COPD,Private,4,3,2,6,3,4.39,9,Home,2.22,1
PT-105382,46,Male,Diabetes,Private,2,2,1,3,2,3.14,3,Home Health,0.48,1
PT-105383,45,Female,Kidney Disease,Medicare,4,1,1,14,2,2.73,10,Home,0.2,1
PT-105384,22,Male,Pneumonia,Self-pay,6,1,1,3,1,3.41,4,Home,0.0,0
PT-105385,81,Male,Other,Medicaid,6,1,0,7,1,1.5,17,Home,1.1,0
PT-105386,35,Male,COPD,Medicaid,3,1,1,6,1,3.39,6,Home,0.61,1
PT-105387,90,Female,Heart Failure,Medicare,3,0,1,1,0,0.99,9,Home Health,0.52,0
PT-105388,54,Female,Kidney Disease,Private,11,2,2,6,0,6.39,1,Rehab,1.33,0
PT-105389,81,Female,Kidney Disease,Medicare,3,1,2,10,0,1.57,10,Home Health,0.72,0
PT-105390,31,Male,Pneumonia,Medicare,1,0,1,5,3,5.55,13,Home,0.28,1
PT-105391,30,Male,Other,Private,9,1,2,7,4,3.01,4,Home,1.64,0
PT-105392,76,Male,Pneumonia,Medicaid,1,0,1,8,4,7.07,7,Home,1.7,1
PT-105393,77,Female,Kidney Disease,Private,9,2,1,4,1,1.99,3,Home,1.35,1
PT-105394,57,Male,COPD,Medicare,1,1,1,5,1,1.77,7,Home Health,0.0,0
PT-105395,20,Female,Heart Failure,Private,1,1,3,8,2,0.37,12,Home,0.2,0
PT-105396,86,Female,Heart Failure,Private,2,0,0,5,2,3.58,18,Home Health,1.15,1
PT-105397,46,Female,Diabetes,Medicare,3,1,1,2,5,2.54,12,Home,0.63,1
PT-105398,86,Male,Diabetes,Medicare,9,1,2,12,0,4.02,2,Home,2.79,1
PT-105399,81,Male,Kidney Disease,Private,2,2,0,6,0,3.5,7,Home Health,1.32,1
PT-105400,80,Male,Diabetes,Private,6,0,1,11,0,4.58,12,Skilled Nursing,0.88,1
PT-105401,68,Male,Diabetes,Private,5,2,1,6,3,0.98,1,Rehab,1.33,1
PT-105402,67,Female,Kidney Disease,Self-pay,4,0,2,7,4,1.25,10,Home,0.97,1
PT-105403,56,Male,Heart Failure,Private,8,2,2,3,2,4.83,9,Home,1.06,1
PT-105404,19,Male,Pneumonia,Medicare,5,0,1,5,3,3.46,19,Home Health,0.0,1
PT-105405,46,Male,Other,Private,5,0,0,5,0,5.98,8,Home Health,0.56,1
PT-105406,71,Female,COPD,Medicare,7,2,0,2,3,4.54,15,Home Health,1.37,1
PT-105407,77,Female,Heart Failure,Medicare,3,2,2,8,3,1.66,7,Home,2.41,1
PT-105408,58,Female,Diabetes,Medicare,4,0,1,3,4,1.66,11,Skilled Nursing,1.69,1
PT-105409,69,Female,Heart Failure,Medicare,5,0,0,6,1,3.33,10,Home,0.7,1
PT-105410,19,Male,Diabetes,Private,8,0,2,6,3,2.11,17,Home,0.0,1
PT-105411,52,Female,Pneumonia,Medicare,4,0,0,3,0,2.72,15,Home,0.12,1
PT-105412,55,Female,COPD,Medicaid,4,1,0,6,3,1.25,6,Rehab,1.06,1
PT-105413,83,Male,Diabetes,Medicaid,6,0,1,2,0,2.43,1,Home,1.84,0
PT-105414,40,Female,COPD,Self-pay,4,1,1,3,3,2.38,12,Skilled Nursing,0.57,1
PT-105415,34,Female,Heart Failure,Medicare,2,1,3,7,1,2.11,17,Home Health,1.02,1
PT-105416,43,Female,Pneumonia,Private,7,3,0,7,2,1.57,1,Home,1.19,0
PT-105417,30,Male,Kidney Disease,Medicaid,5,1,1,5,4,1.34,17,Home Health,0.9,1
PT-105418,58,Male,Other,Medicare,3,1,1,5,2,5.21,4,Home Health,1.69,1
PT-105419,64,Male,COPD,Medicare,2,1,2,1,0,3.78,15,Rehab,1.07,1
PT-105420,76,Male,Heart Failure,Private,1,0,0,1,2,1.32,8,Home,1.5,0
PT-105421,88,Male,COPD,Private,6,1,1,3,0,0.98,14,Home,1.82,1
PT-105422,23,Male,Heart Failure,Medicaid,2,2,0,10,3,2.06,10,Home,0.18,1
PT-105423,36,Female,Other,Private,1,1,0,3,1,2.79,13,Home Health,0.0,0
PT-105424,39,Male,Diabetes,Medicaid,2,2,1,4,1,5.02,6,Home Health,0.95,0
PT-105425,36,Male,Pneumonia,Medicaid,5,0,0,8,2,5.66,1,Home,0.1,1
PT-105426,78,Female,Diabetes,Private,2,0,0,6,1,4.01,13,Home,1.19,1
PT-105427,28,Male,Heart Failure,Medicaid,5,2,1,6,1,6.31,14,Home,0.85,1
PT-105428,20,Female,Other,Medicaid,3,0,2,4,0,3.04,6,Home,0.77,1
PT-105429,80,Female,Pneumonia,Medicaid,4,0,2,4,0,2.79,10,Rehab,2.25,1
PT-105430,88,Male,Heart Failure,Medicare,4,1,1,6,1,2.36,5,Home Health,2.02,1
PT-105431,34,Female,Other,Medicare,7,5,0,3,1,4.34,1,Home,0.79,1
PT-105432,42,Male,Other,Private,7,2,3,9,3,3.46,10,Home,1.46,1
PT-105433,54,Female,Other,Medicaid,4,0,1,4,2,6.7,11,Home,0.56,1
PT-105434,56,Male,Other,Medicare,2,0,0,5,2,4.29,6,Skilled Nursing,0.83,1
PT-105435,90,Female,Other,Medicare,9,2,1,10,3,3.28,15,Skilled Nursing,3.03,1
PT-105436,47,Female,Pneumonia,Private,3,0,0,2,1,1.77,4,Home,0.6,0
PT-105437,18,Male,Heart Failure,Medicaid,1,2,2,2,4,0.32,14,Home Health,0.29,1
PT-105438,48,Male,Pneumonia,Medicare,5,1,3,6,3,3.92,2,Rehab,0.97,1
PT-105439,58,Male,Diabetes,Medicare,5,0,2,7,1,5.87,10,Rehab,1.68,0
PT-105440,55,Male,Heart Failure,Medicare,3,1,1,4,3,2.15,9,Home Health,1.17,1
PT-105441,55,Male,Diabetes,Private,1,1,1,10,2,0.94,13,Home,0.46,1
PT-105442,85,Male,Pneumonia,Self-pay,1,1,0,4,6,1.85,10,Home,1.77,1
PT-105443,76,Female,Pneumonia,Private,3,2,2,5,0,1.34,10,Home,1.45,1
PT-105444,36,Male,COPD,Self-pay,2,1,5,4,1,3.02,8,Home,0.0,0
PT-105445,43,Female,Kidney Disease,Medicare,8,0,1,8,3,1.18,11,Home,0.77,1
PT-105446,66,Female,Heart Failure,Private,3,0,3,3,3,4.37,2,Skilled Nursing,1.03,0
PT-105447,47,Male,Kidney Disease,Medicaid,3,2,0,5,3,1.53,1,Home,0.17,1
PT-105448,49,Male,Pneumonia,Medicare,13,1,1,9,3,1.68,18,Home Health,1.32,1
PT-105449,30,Male,Diabetes,Medicare,1,0,2,8,2,4.78,1,Skilled Nursing,0.59,1
PT-105450,36,Female,Heart Failure,Private,4,0,0,4,1,4.72,17,Home Health,0.83,0
PT-105451,72,Male,Heart Failure,Medicaid,1,1,0,8,4,1.44,4,Home,1.44,1
PT-105452,79,Male,Heart Failure,Medicaid,9,2,1,1,4,1.73,16,Home,1.77,1
PT-105453,75,Male,Pneumonia,Self-pay,1,0,2,5,2,2.56,15,Home,1.23,1
PT-105454,40,Female,Pneumonia,Private,5,2,2,2,4,6.85,7,Home Health,1.77,0
PT-105455,27,Male,COPD,Medicaid,5,0,4,5,1,2.48,7,Home,0.0,0
PT-105456,29,Male,Pneumonia,Self-pay,1,0,2,4,1,6.1,5,Home,0.05,1
PT-105457,46,Female,Other,Medicaid,5,0,1,7,2,1.22,8,Rehab,0.33,0
PT-105458,55,Male,Diabetes,Self-pay,3,0,0,3,2,3.3,10,Home,1.29,1
PT-105459,83,Male,Kidney Disease,Private,6,1,0,4,0,4.02,19,Skilled Nursing,1.21,0
PT-105460,83,Female,Pneumonia,Medicare,3,1,0,6,0,3.73,1,Home Health,0.57,0
PT-105461,18,Female,Kidney Disease,Private,5,2,1,5,2,3.12,7,Home,0.0,1
PT-105462,69,Female,COPD,Medicaid,4,0,2,3,3,4.54,12,Skilled Nursing,1.47,0
PT-105463,39,Male,Diabetes,Medicaid,5,1,0,6,1,5.07,2,Home,0.88,1
PT-105464,32,Male,Heart Failure,Private,6,4,0,4,0,2.66,14,Home Health,0.95,0
PT-105465,58,Other,COPD,Private,4,0,1,8,1,4.2,14,Home,0.41,1
PT-105466,20,Female,Heart Failure,Private,3,0,0,4,2,3.94,12,Home,0.0,1
PT-105467,42,Female,Diabetes,Private,6,1,0,6,2,1.71,6,Rehab,0.6,1
PT-105468,58,Female,Diabetes,Private,3,0,0,8,3,7.47,12,Home,0.93,1
PT-105469,37,Female,Pneumonia,Private,4,1,2,9,0,1.57,7,Home,0.0,1
PT-105470,61,Female,Heart Failure,Private,11,0,1,4,5,4.88,6,Home,1.48,1
PT-105471,51,Female,Diabetes,Private,4,0,4,3,2,1.25,12,Home Health,0.52,1
PT-105472,76,Male,Other,Medicare,7,0,0,5,0,2.03,6,Home,1.59,0
PT-105473,31,Male,COPD,Private,2,0,1,8,3,0.46,13,Home,1.15,0
PT-105474,22,Male,Diabetes,Medicaid,5,0,1,4,1,1.39,13,Home,0.28,1
PT-105475,56,Male,COPD,Self-pay,4,0,1,5,1,2.21,14,Rehab,0.6,1
PT-105476,36,Male,COPD,Private,3,1,1,3,0,2.45,4,Home,0.18,1
PT-105477,69,Female,Other,Private,1,2,0,4,2,4.02,11,Home Health,2.05,1
PT-105478,24,Male,Other,Medicaid,2,2,1,5,1,1.38,7,Home,0.0,0
PT-105479,59,Male,Heart Failure,Medicaid,1,0,4,0,1,1.69,19,Home,1.02,0
PT-105480,90,Female,COPD,Medicare,13,0,2,1,1,3.92,2,Skilled Nursing,2.33,0
PT-105481,24,Female,Other,Private,4,2,1,7,2,2.42,9,Home,0.86,0
PT-105482,40,Male,Pneumonia,Medicare,4,0,3,6,4,2.24,8,Home,0.0,1
PT-105483,79,Female,Kidney Disease,Private,8,2,1,4,1,1.42,8,Skilled Nursing,1.21,1
PT-105484,56,Male,Diabetes,Medicaid,5,2,2,6,3,1.04,2,Home,0.99,1
PT-105485,30,Male,Kidney Disease,Medicaid,3,1,0,3,2,0.15,4,Skilled Nursing,0.14,1
PT-105486,33,Female,COPD,Medicaid,3,0,0,3,2,0.58,1,Home,0.0,0
PT-105487,73,Male,Pneumonia,Private,2,3,2,8,2,4.81,1,Home Health,1.36,1
PT-105488,80,Male,Other,Medicare,6,1,2,3,1,4.8,6,Home,1.48,1
PT-105489,44,Male,Other,Self-pay,6,0,3,4,2,3.1,20,Home,0.69,1
PT-105490,52,Male,Other,Medicare,4,1,1,7,0,1.31,12,Home,0.58,1
PT-105491,75,Male,Heart Failure,Private,4,1,0,8,1,0.4,5,Home,1.57,1
PT-105492,30,Male,Other,Medicaid,6,0,0,2,2,4.76,7,Skilled Nursing,0.86,1
PT-105493,33,Female,Pneumonia,Private,2,0,0,3,3,1.96,2,Home Health,1.15,0
PT-105494,74,Female,Diabetes,Medicare,5,1,2,4,2,4.37,1,Home,1.41,1
PT-105495,31,Male,Kidney Disease,Medicare,11,0,2,0,4,0.99,8,Home,1.32,0
PT-105496,74,Female,Diabetes,Private,2,0,0,9,1,3.29,7,Home Health,1.26,1
PT-105497,54,Male,Other,Medicaid,3,0,2,5,3,1.03,7,Home Health,0.41,1
PT-105498,90,Female,Diabetes,Private,9,3,2,3,1,1.96,6,Home,1.66,0
PT-105499,20,Female,Other,Self-pay,4,0,0,5,5,5.74,6,Skilled Nursing,0.76,1
PT-105500,87,Female,Diabetes,Medicare,7,3,1,6,2,2.63,11,Home,2.39,1
PT-105501,34,Female,Pneumonia,Medicaid,5,0,0,3,3,4.02,3,Home,1.06,0
PT-105502,20,Female,Pneumonia,Medicaid,6,0,2,8,1,1.98,8,Home Health,0.13,0
PT-105503,70,Male,Pneumonia,Private,2,0,0,2,2,6.38,1,Rehab,0.55,1
PT-105504,56,Male,COPD,Self-pay,2,0,0,5,1,5.76,18,Home,1.62,0
PT-105505,79,Female,Diabetes,Medicaid,6,1,1,6,1,2.14,12,Home,1.54,1
PT-105506,25,Female,COPD,Medicaid,1,0,2,4,2,1.46,5,Home,0.0,1
PT-105507,23,Female,Heart Failure,Medicare,4,2,1,6,3,1.37,6,Home,0.0,1
PT-105508,59,Male,Kidney Disease,Medicaid,6,0,2,7,1,2.29,12,Home,0.58,1
PT-105509,82,Female,COPD,Self-pay,3,3,0,5,2,3.0,13,Home,2.02,1
PT-105510,47,Male,Kidney Disease,Private,4,2,1,6,2,1.81,5,Home,0.77,1
PT-105511,76,Female,Heart Failure,Medicaid,7,0,1,5,0,3.95,5,Home,0.36,1
PT-105512,84,Male,Pneumonia,Private,10,2,0,6,0,3.97,5,Home,1.36,1
PT-105513,81,Female,Pneumonia,Private,17,2,1,4,1,3.73,12,Home,1.51,1
PT-105514,55,Male,Diabetes,Medicare,9,0,1,5,1,7.26,7,Home Health,0.59,1
PT-105515,68,Female,Pneumonia,Private,3,0,1,4,4,2.4,11,Home,1.45,1
PT-105516,56,Male,Diabetes,Medicaid,2,1,1,4,3,1.7,10,Home,0.16,0
PT-105517,67,Female,Kidney Disease,Private,3,1,0,4,1,3.5,6,Home,1.12,1
PT-105518,59,Female,Other,Medicare,6,4,1,4,3,0.33,1,Home,2.62,1
PT-105519,56,Male,Pneumonia,Private,3,0,2,4,3,2.72,13,Home,0.64,0
PT-105520,49,Male,Other,Private,2,0,1,3,4,1.15,9,Home Health,1.52,0
PT-105521,65,Male,Pneumonia,Private,11,1,1,2,0,5.86,9,Skilled Nursing,0.94,1
PT-105522,72,Male,Pneumonia,Medicare,3,0,2,4,0,1.98,8,Home Health,0.46,0
PT-105523,85,Female,COPD,Medicaid,6,0,2,4,4,1.02,2,Home,0.72,0
PT-105524,62,Male,Other,Medicare,6,1,1,5,1,4.05,6,Home,1.62,1
PT-105525,25,Female,Heart Failure,Private,1,0,0,6,3,1.66,9,Home,0.25,1
PT-105526,60,Male,COPD,Medicaid,10,1,0,6,5,1.69,5,Skilled Nursing,0.2,1
PT-105527,41,Male,Heart Failure,Private,2,3,2,7,1,5.21,10,Skilled Nursing,0.63,1
PT-105528,19,Male,Other,Private,1,0,0,6,4,2.26,7,Home Health,0.0,1
PT-105529,23,Female,Heart Failure,Private,3,1,0,8,3,2.94,1,Home,1.29,1
PT-105530,61,Female,Pneumonia,Private,2,2,1,5,0,7.86,1,Rehab,0.9,1
PT-105531,86,Female,Diabetes,Medicaid,9,1,1,5,4,2.23,10,Skilled Nursing,1.88,1
PT-105532,54,Female,Heart Failure,Medicare,5,0,0,3,0,1.39,4,Home Health,0.44,0
PT-105533,50,Female,Kidney Disease,Medicare,3,0,1,3,3,1.72,7,Skilled Nursing,1.0,0
PT-105534,24,Male,Kidney Disease,Private,1,2,0,4,2,2.65,4,Home,0.0,1
PT-105535,67,Female,COPD,Medicare,5,1,0,4,1,3.3,13,Skilled Nursing,0.58,1
PT-105536,22,Female,COPD,Medicare,3,0,0,7,5,3.27,1,Home,0.55,1
PT-105537,79,Female,Heart Failure,Medicaid,6,2,0,3,1,2.24,13,Home,1.08,1
PT-105538,77,Female,Pneumonia,Medicaid,5,1,2,8,3,2.13,1,Skilled Nursing,2.13,1
PT-105539,90,Female,Pneumonia,Private,2,1,1,5,2,1.24,11,Home,2.4,1
PT-105540,38,Female,Pneumonia,Private,6,1,0,3,2,1.12,7,Home Health,0.36,0
PT-105541,29,Male,Heart Failure,Medicare,1,0,1,5,3,3.66,8,Home,0.0,0
PT-105542,39,Male,Pneumonia,Self-pay,3,1,3,2,2,1.39,9,Home,0.45,1
PT-105543,76,Female,COPD,Medicare,4,2,0,3,6,3.7,7,Home,1.89,1
PT-105544,33,Female,Diabetes,Private,4,2,3,3,3,2.21,11,Home,0.0,0
PT-105545,82,Female,Other,Medicaid,1,0,0,2,0,3.65,6,Home Health,0.19,0
PT-105546,29,Female,Pneumonia,Medicare,9,1,0,3,3,0.64,2,Home Health,0.0,0
PT-105547,21,Female,Diabetes,Private,2,2,0,6,1,2.92,6,Home,0.55,0
PT-105548,34,Male,Other,Private,1,1,2,11,1,4.44,6,Home,0.68,0
PT-105549,73,Female,Other,Medicaid,5,3,2,4,1,2.77,9,Skilled Nursing,0.84,1
PT-105550,61,Female,Heart Failure,Private,13,0,2,5,0,4.8,2,Home,1.67,1
PT-105551,43,Male,Diabetes,Medicare,1,0,1,2,1,3.26,13,Home,0.49,0
PT-105552,65,Female,Diabetes,Medicare,2,0,1,4,0,0.75,15,Rehab,1.05,0
PT-105553,65,Female,Pneumonia,Private,7,0,1,1,3,3.02,7,Home Health,0.0,1
PT-105554,58,Male,COPD,Private,4,1,0,8,3,6.23,11,Home,0.71,1
PT-105555,55,Male,Pneumonia,Medicaid,1,1,1,7,1,1.8,18,Home Health,1.3,1
PT-105556,25,Male,Kidney Disease,Medicaid,4,0,2,5,4,2.61,9,Home,0.0,1
PT-105557,36,Female,Diabetes,Private,11,1,1,2,2,5.41,2,Home,1.5,1
PT-105558,56,Female,Pneumonia,Medicare,10,2,0,6,2,6.86,6,Home,1.53,0
PT-105559,27,Male,Diabetes,Medicaid,19,3,0,4,2,1.11,5,Home,0.67,1
PT-105560,52,Female,Other,Private,7,1,3,4,3,3.32,9,Home,0.63,1
PT-105561,26,Male,Heart Failure,Self-pay,3,0,0,4,2,1.21,14,Home,0.47,0
PT-105562,75,Male,Pneumonia,Medicaid,7,1,1,3,0,4.73,1,Skilled Nursing,1.48,1
PT-105563,25,Female,Pneumonia,Self-pay,2,0,0,5,2,1.35,15,Home,0.0,0
PT-105564,24,Male,Heart Failure,Medicare,4,0,2,9,0,1.96,9,Home,0.22,1
PT-105565,64,Female,Diabetes,Medicare,2,1,1,4,5,3.93,12,Home,0.85,1
PT-105566,34,Male,Kidney Disease,Medicare,7,0,0,6,1,2.67,10,Home Health,0.0,0
PT-105567,43,Female,Heart Failure,Medicare,6,2,0,11,3,3.05,5,Home,0.65,1
PT-105568,40,Female,Heart Failure,Private,3,0,2,5,2,4.66,10,Home Health,0.2,0
PT-105569,33,Female,Diabetes,Medicaid,8,0,0,6,2,2.23,13,Home,0.44,0
PT-105570,73,Female,COPD,Medicaid,10,1,0,4,0,1.33,14,Home,1.25,0
PT-105571,68,Male,Pneumonia,Self-pay,3,2,1,9,6,4.32,14,Home,2.01,1
PT-105572,35,Female,Diabetes,Private,5,3,1,4,3,8.45,6,Home,0.9,1
PT-105573,68,Male,Other,Medicare,11,0,1,2,0,4.28,15,Home,1.75,1
PT-105574,70,Female,Pneumonia,Private,5,2,0,4,2,3.87,13,Home,0.57,1
PT-105575,57,Female,Diabetes,Medicaid,3,0,4,7,1,2.36,13,Home,1.45,1
PT-105576,60,Male,Diabetes,Private,4,2,2,4,5,2.31,2,Home Health,1.21,1
PT-105577,86,Female,Pneumonia,Private,3,0,0,3,3,1.74,5,Home,1.29,1
PT-105578,51,Female,COPD,Medicare,9,0,2,6,0,3.56,9,Rehab,0.36,0
PT-105579,46,Female,COPD,Private,8,1,0,7,1,4.85,12,Rehab,0.23,1
PT-105580,57,Male,Pneumonia,Private,15,1,0,3,2,2.29,1,Home,0.94,1
PT-105581,79,Female,Diabetes,Medicare,2,0,1,4,2,4.0,2,Rehab,1.58,1
PT-105582,69,Female,Heart Failure,Private,3,0,1,3,0,3.86,9,Home,1.72,1
PT-105583,23,Male,Heart Failure,Private,1,0,1,5,0,4.25,3,Home,0.0,0
PT-105584,51,Male,Diabetes,Medicare,6,0,3,8,1,0.89,6,Rehab,0.39,1
PT-105585,72,Female,Diabetes,Medicaid,2,0,2,2,2,1.1,7,Home Health,0.59,1
PT-105586,34,Female,Other,Medicare,14,1,0,10,1,1.31,1,Rehab,0.37,1
PT-105587,90,Male,Other,Medicaid,2,1,1,1,1,1.39,9,Home,1.58,0
PT-105588,76,Male,Pneumonia,Medicare,1,0,1,6,2,2.9,7,Home,0.92,1
PT-105589,79,Male,Kidney Disease,Medicaid,2,0,2,1,3,6.17,1,Home,1.45,1
PT-105590,23,Male,Other,Medicaid,5,1,1,5,2,1.63,5,Rehab,0.03,0
PT-105591,60,Male,Heart Failure,Medicaid,4,1,0,4,3,2.99,12,Home,1.83,1
PT-105592,56,Male,Kidney Disease,Medicaid,2,0,0,4,0,4.25,6,Home Health,0.0,0
PT-105593,63,Female,Diabetes,Medicare,4,0,1,5,2,2.7,8,Rehab,1.1,1
PT-105594,80,Female,Kidney Disease,Medicare,3,1,1,2,4,1.39,9,Skilled Nursing,1.64,1
PT-105595,43,Female,Heart Failure,Private,6,0,1,8,3,4.12,1,Skilled Nursing,0.94,1
PT-105596,56,Female,Heart Failure,Medicaid,2,0,2,4,3,1.91,15,Home,1.2,0
PT-105597,67,Female,Pneumonia,Self-pay,5,2,1,3,0,0.68,10,Rehab,1.8,1
PT-105598,72,Male,Other,Medicaid,5,0,0,6,1,5.0,10,Home,1.16,1
PT-105599,74,Female,Pneumonia,Medicaid,4,1,0,5,2,2.64,11,Home,1.16,1
PT-105600,42,Female,COPD,Self-pay,5,0,0,6,2,3.38,7,Rehab,0.71,0
PT-105601,90,Male,Other,Private,4,1,1,4,2,4.43,8,Home Health,0.83,1
PT-105602,18,Female,Pneumonia,Medicare,7,0,2,6,2,4.73,19,Rehab,0.09,0
PT-105603,53,Male,Diabetes,Private,4,2,1,5,1,5.22,1,Home,1.01,1
PT-105604,62,Female,Other,Private,9,0,1,13,2,5.49,11,Home Health,1.24,0
PT-105605,22,Female,COPD,Private,5,0,1,5,4,5.4,3,Home Health,0.05,1
PT-105606,50,Female,Pneumonia,Medicare,9,1,1,2,5,2.02,15,Skilled Nursing,1.42,1
PT-105607,61,Female,Heart Failure,Medicare,3,0,2,4,4,7.18,8,Home Health,1.34,1
PT-105608,62,Male,Diabetes,Medicare,2,0,3,5,4,1.14,1,Home,1.57,1
PT-105609,26,Female,Diabetes,Medicare,7,0,2,3,1,2.7,11,Home,0.42,1
PT-105610,38,Male,Heart Failure,Medicaid,4,1,5,4,3,4.77,13,Home,0.9,1
PT-105611,35,Female,Pneumonia,Private,1,1,2,7,2,0.53,10,Skilled Nursing,0.44,1
PT-105612,64,Other,Pneumonia,Medicare,2,2,0,4,1,5.37,12,Home,0.83,1
PT-105613,42,Male,Kidney Disease,Self-pay,5,2,0,4,2,2.54,15,Home,0.93,0
PT-105614,59,Male,Heart Failure,Medicare,4,1,3,3,0,1.28,12,Home,1.9,1
PT-105615,71,Female,Diabetes,Self-pay,2,1,0,5,1,0.33,6,Home Health,1.65,0
PT-105616,76,Female,Heart Failure,Private,4,0,0,1,3,5.02,15,Home,1.25,0
PT-105617,31,Male,COPD,Medicaid,4,0,3,4,2,1.41,10,Home,0.0,1
PT-105618,83,Male,Diabetes,Private,1,0,4,8,7,3.76,6,Home Health,2.28,1
PT-105619,30,Male,Diabetes,Private,8,0,1,4,3,2.28,10,Home,0.94,1
PT-105620,19,Male,Other,Private,10,1,3,9,2,2.43,10,Home,0.17,1
PT-105621,21,Male,Kidney Disease,Private,2,0,1,7,0,0.8,9,Home Health,0.0,0
PT-105622,32,Male,Heart Failure,Medicare,13,0,2,5,1,3.12,1,Skilled Nursing,0.32,1
PT-105623,81,Female,Diabetes,Medicaid,4,0,3,5,2,3.31,14,Home,2.67,1
PT-105624,33,Female,Diabetes,Private,2,2,3,7,3,1.53,12,Home,0.68,1
PT-105625,68,Male,Other,Private,2,0,1,10,0,2.2,5,Skilled Nursing,1.32,1
PT-105626,48,Male,Heart Failure,Self-pay,12,0,1,5,5,2.33,11,Home,0.72,1
PT-105627,20,Female,Kidney Disease,Self-pay,2,1,0,4,0,2.18,10,Home Health,0.0,0
PT-105628,50,Female,COPD,Medicare,5,0,0,3,0,3.02,1,Home Health,1.61,1
PT-105629,20,Male,COPD,Private,5,0,2,8,3,3.18,8,Home,0.15,1
PT-105630,52,Female,Heart Failure,Medicare,7,0,0,9,3,2.03,10,Home,1.32,1
PT-105631,58,Female,Pneumonia,Private,4,0,1,3,0,2.55,16,Rehab,0.16,0
PT-105632,56,Male,Pneumonia,Private,12,1,1,6,1,0.52,8,Home,1.13,1
PT-105633,38,Female,Pneumonia,Private,13,0,1,3,4,3.07,17,Home,0.0,1
PT-105634,73,Female,Other,Medicare,10,0,2,8,1,3.6,7,Rehab,1.2,1
PT-105635,61,Male,Heart Failure,Medicaid,5,0,0,5,0,2.31,7,Home Health,0.81,1
PT-105636,36,Female,Diabetes,Medicaid,7,4,0,5,2,4.66,1,Home,1.24,1
PT-105637,49,Other,Diabetes,Medicare,3,1,0,4,2,1.23,8,Home,0.65,0
PT-105638,25,Female,Other,Private,9,2,2,3,3,1.53,6,Home Health,0.52,1
PT-105639,85,Male,Kidney Disease,Private,3,0,1,3,1,5.37,5,Home,1.03,1
PT-105640,72,Female,Heart Failure,Medicaid,2,1,1,9,2,3.76,5,Home Health,1.24,1
PT-105641,39,Female,Diabetes,Private,2,1,1,6,3,2.45,3,Home Health,0.96,0
PT-105642,67,Female,COPD,Private,6,1,0,4,6,1.54,4,Home Health,0.37,1
PT-105643,67,Male,Other,Private,11,2,0,0,3,2.19,8,Skilled Nursing,2.02,1
PT-105644,62,Female,Other,Self-pay,11,0,3,8,0,2.64,11,Home Health,0.96,0
PT-105645,21,Female,Other,Medicare,1,0,0,3,1,1.33,15,Home Health,0.0,1
PT-105646,82,Male,Heart Failure,Medicaid,8,0,2,7,3,2.73,10,Home,1.6,1
PT-105647,87,Male,Pneumonia,Medicare,2,0,0,9,1,3.77,1,Home,1.16,1
PT-105648,89,Male,Kidney Disease,Medicaid,16,2,2,5,1,3.66,10,Home,1.56,1
PT-105649,89,Female,Diabetes,Medicare,1,1,1,7,0,3.71,15,Home,1.06,1
PT-105650,85,Female,Other,Medicare,1,1,1,8,1,1.87,9,Home,0.96,0
PT-105651,71,Male,Pneumonia,Private,8,1,0,6,0,5.5,14,Home,1.54,1
PT-105652,22,Male,COPD,Private,3,0,1,0,4,2.06,6,Home Health,0.96,1
PT-105653,51,Female,COPD,Medicaid,3,0,1,5,2,1.87,5,Home,0.55,0
PT-105654,35,Male,Heart Failure,Private,2,2,4,4,5,1.55,5,Home,0.6,1
PT-105655,34,Male,Other,Private,3,1,1,4,1,0.43,11,Home,0.23,1
PT-105656,78,Female,Diabetes,Private,8,2,1,5,1,4.22,3,Home Health,1.05,1
PT-105657,77,Male,Heart Failure,Medicare,2,1,0,7,3,0.94,7,Home,1.68,1
PT-105658,56,Male,Heart Failure,Medicaid,4,0,1,3,2,1.81,10,Home,0.84,1
PT-105659,71,Female,Heart Failure,Private,2,0,0,1,0,3.72,15,Home,0.0,0
PT-105660,27,Male,Kidney Disease,Medicare,4,2,1,5,2,1.55,4,Home,0.6,0
PT-105661,34,Female,Diabetes,Private,3,2,3,1,2,0.5,15,Home,0.0,0
PT-105662,80,Male,Heart Failure,Medicare,6,2,1,3,0,0.62,15,Home,1.39,0
PT-105663,50,Male,COPD,Medicare,6,1,1,8,2,1.99,3,Home,0.69,1
PT-105664,57,Male,Heart Failure,Medicare,11,0,1,7,3,1.78,6,Home,1.58,1
PT-105665,51,Female,Heart Failure,Private,16,0,1,7,2,4.8,5,Home,0.88,1
PT-105666,32,Male,Diabetes,Private,2,2,1,6,1,5.24,3,Rehab,0.97,1
PT-105667,78,Male,Diabetes,Medicaid,7,1,2,5,4,3.99,9,Home,2.41,1
PT-105668,73,Male,Diabetes,Medicaid,3,1,0,4,1,6.07,12,Home,1.19,1
PT-105669,67,Male,Diabetes,Medicare,6,1,0,11,3,1.45,8,Home,2.4,1
PT-105670,43,Female,Pneumonia,Private,6,0,2,3,4,2.41,8,Home,0.67,0
PT-105671,64,Male,Diabetes,Medicaid,6,2,1,3,4,2.21,16,Home,1.12,1
PT-105672,87,Female,Diabetes,Self-pay,7,2,3,5,3,2.54,5,Home Health,3.0,1
PT-105673,65,Female,Pneumonia,Private,5,0,2,1,3,2.21,9,Home,1.7,0
PT-105674,54,Female,Pneumonia,Private,3,1,0,5,2,0.67,8,Home,1.31,0
PT-105675,37,Female,Pneumonia,Medicare,4,1,2,6,0,2.76,4,Rehab,0.72,1
PT-105676,56,Male,Other,Medicare,15,1,1,4,1,6.65,4,Home,1.6,1
PT-105677,45,Male,Diabetes,Private,3,0,0,7,2,4.39,10,Home Health,0.68,0
PT-105678,62,Male,Diabetes,Private,3,0,1,3,2,0.65,16,Home,0.63,1
PT-105679,21,Female,Other,Private,2,0,0,8,0,1.56,10,Home Health,0.0,0
PT-105680,31,Female,Heart Failure,Medicaid,1,2,1,5,2,4.04,3,Rehab,0.1,0
PT-105681,75,Female,Other,Medicare,4,1,0,8,3,2.88,5,Home Health,1.64,1
PT-105682,45,Female,Pneumonia,Medicare,6,1,0,6,1,2.31,9,Home,1.18,1
PT-105683,49,Male,Diabetes,Private,2,0,1,4,1,1.31,5,Home Health,0.35,1
PT-105684,57,Female,Pneumonia,Private,10,1,0,2,1,5.42,10,Home,0.17,1
PT-105685,49,Male,Heart Failure,Medicaid,6,0,1,6,3,2.74,11,Home Health,1.59,0
PT-105686,73,Other,Pneumonia,Medicaid,8,2,2,4,3,3.57,6,Home,2.35,1
PT-105687,35,Female,Other,Private,5,2,1,4,2,4.41,1,Home,0.36,1
PT-105688,73,Male,Pneumonia,Private,4,0,1,6,4,3.08,8,Home,1.7,1
PT-105689,33,Male,Diabetes,Medicare,3,0,3,7,0,4.33,13,Home,0.0,0
PT-105690,45,Female,COPD,Medicare,5,1,1,7,3,7.24,10,Home Health,0.27,1
PT-105691,60,Female,Heart Failure,Private,5,0,0,7,1,3.34,16,Home,0.83,0
PT-105692,82,Male,Diabetes,Medicaid,3,0,2,5,3,1.73,12,Home Health,0.88,1
PT-105693,34,Female,Other,Medicare,4,0,1,3,5,1.56,6,Home,0.75,1
PT-105694,60,Female,Heart Failure,Medicaid,13,0,2,8,2,5.79,5,Home,1.49,1
PT-105695,22,Male,Diabetes,Medicare,4,1,0,5,4,3.65,7,Skilled Nursing,0.0,1
PT-105696,23,Female,Kidney Disease,Private,5,3,1,9,1,0.62,6,Home Health,0.66,1
PT-105697,74,Female,COPD,Medicaid,11,2,0,1,3,2.59,9,Home,1.05,1
PT-105698,70,Male,COPD,Self-pay,5,1,1,6,0,5.27,2,Home,0.59,1
PT-105699,45,Female,Other,Private,4,0,4,5,0,1.96,4,Home,0.93,1
PT-105700,63,Male,Heart Failure,Private,8,0,1,6,2,0.97,6,Rehab,1.41,1
PT-105701,45,Female,Heart Failure,Private,7,0,0,4,0,2.69,8,Skilled Nursing,0.21,0
PT-105702,38,Female,Other,Medicare,5,0,2,3,3,1.45,12,Home,0.68,0
PT-105703,49,Male,Heart Failure,Private,5,1,1,6,2,3.16,6,Home,0.57,1
PT-105704,40,Male,Kidney Disease,Private,3,0,0,3,3,1.96,1,Home Health,0.25,0
PT-105705,77,Male,Other,Self-pay,2,2,1,7,2,3.76,13,Home,1.65,0
PT-105706,48,Female,Heart Failure,Private,6,0,1,3,4,2.78,7,Home Health,0.85,0
PT-105707,41,Female,Diabetes,Self-pay,1,0,1,6,3,3.08,7,Home,0.33,1
PT-105708,57,Male,Pneumonia,Private,2,2,1,2,3,5.41,12,Home,0.92,1
PT-105709,73,Female,Pneumonia,Medicaid,4,2,0,3,1,5.42,14,Home,2.53,1
PT-105710,37,Male,Diabetes,Medicare,3,0,1,7,2,4.62,10,Home Health,0.75,1
PT-105711,86,Female,Pneumonia,Private,7,2,0,6,3,1.26,8,Home Health,1.68,0
PT-105712,51,Male,Diabetes,Medicare,8,0,1,8,3,1.46,7,Home,0.5,1
PT-105713,66,Male,Heart Failure,Medicare,14,0,0,3,1,4.51,3,Home,1.27,1
PT-105714,87,Male,COPD,Medicaid,1,0,0,7,1,0.93,9,Home,0.59,0
PT-105715,49,Female,Other,Medicare,6,0,1,6,0,1.91,2,Home,1.25,0
PT-105716,32,Male,Pneumonia,Private,6,0,2,9,3,2.41,8,Home,0.17,1
PT-105717,72,Female,COPD,Private,5,1,1,7,1,4.3,18,Home,1.26,1
PT-105718,18,Female,Diabetes,Private,6,1,1,5,1,3.56,1,Home,0.46,0
PT-105719,51,Male,Other,Medicare,7,0,1,10,2,3.67,10,Home,1.64,1
PT-105720,89,Female,COPD,Medicare,10,0,1,4,1,3.97,6,Home,1.49,1
PT-105721,48,Male,Heart Failure,Private,5,2,2,3,3,1.89,4,Home Health,1.36,1
PT-105722,67,Male,Kidney Disease,Private,12,3,1,5,0,4.36,6,Home,2.44,1
PT-105723,56,Female,Kidney Disease,Private,5,0,0,3,2,2.48,9,Home Health,0.11,1
PT-105724,33,Female,COPD,Private,3,5,0,3,2,2.09,20,Home,0.24,0
PT-105725,41,Female,Diabetes,Private,5,0,2,3,3,3.03,12,Rehab,0.85,1
PT-105726,56,Male,Pneumonia,Private,2,1,1,5,2,3.46,11,Home Health,0.48,0
PT-105727,25,Male,COPD,Medicare,2,1,1,2,0,1.44,5,Rehab,0.0,1
PT-105728,48,Male,Diabetes,Private,4,2,2,4,4,2.45,3,Home Health,1.38,1
PT-105729,48,Male,Kidney Disease,Private,3,0,2,5,4,0.84,4,Rehab,1.61,1
PT-105730,78,Female,Pneumonia,Medicare,10,1,0,6,1,2.76,14,Home,2.2,1
PT-105731,27,Female,Kidney Disease,Medicare,4,0,0,3,1,3.74,5,Home Health,0.0,1
PT-105732,79,Female,Diabetes,Private,2,2,0,7,0,5.58,9,Home,1.23,1
PT-105733,47,Female,COPD,Private,4,0,2,12,1,1.69,8,Home,0.08,0
PT-105734,65,Female,Diabetes,Medicare,5,1,0,3,3,2.51,9,Home Health,2.12,1
PT-105735,58,Male,COPD,Medicaid,5,0,2,8,0,0.28,7,Home,1.04,1
PT-105736,39,Male,Kidney Disease,Private,2,0,1,3,2,1.82,11,Home Health,0.36,1
PT-105737,85,Male,Heart Failure,Medicare,11,2,2,6,1,1.76,4,Rehab,1.93,1
PT-105738,34,Male,Other,Self-pay,1,2,1,4,3,1.57,11,Home,0.43,0
PT-105739,20,Male,Pneumonia,Self-pay,5,1,0,4,2,1.48,18,Home Health,0.0,0
PT-105740,72,Male,Heart Failure,Private,2,0,0,5,2,1.12,8,Home Health,1.07,1
PT-105741,63,Female,Kidney Disease,Medicare,8,0,0,7,0,3.88,6,Home,0.69,1
PT-105742,83,Female,Heart Failure,Medicare,6,0,2,5,2,6.04,7,Home Health,1.94,1
PT-105743,51,Female,Other,Private,5,2,0,7,1,2.25,12,Home,0.23,1
PT-105744,19,Male,Other,Medicare,4,1,0,6,5,1.27,2,Home,0.45,0
PT-105745,19,Female,COPD,Private,10,2,2,4,1,1.42,14,Skilled Nursing,0.0,1
PT-105746,49,Male,Pneumonia,Private,4,2,2,6,2,2.15,9,Home,1.24,1
PT-105747,36,Female,Kidney Disease,Medicare,13,0,2,8,2,3.57,10,Skilled Nursing,0.19,1
PT-105748,85,Female,Diabetes,Private,2,0,2,3,1,5.61,8,Home,1.23,1
PT-105749,26,Female,Heart Failure,Medicaid,4,4,3,8,4,7.95,8,Home,0.57,1
PT-105750,82,Female,COPD,Medicare,7,2,1,5,2,0.27,4,Home,1.57,1
PT-105751,33,Male,Kidney Disease,Private,6,0,3,8,0,3.66,4,Home,1.53,1
PT-105752,26,Male,Other,Private,4,0,2,6,1,1.81,2,Home,0.0,1
PT-105753,38,Female,Heart Failure,Medicaid,1,0,2,2,0,0.56,1,Home Health,0.12,1
PT-105754,28,Female,Heart Failure,Medicaid,5,0,1,3,4,2.41,14,Home,0.0,0
PT-105755,47,Female,Pneumonia,Medicare,3,0,2,5,1,1.99,7,Home,1.52,1
PT-105756,42,Female,Diabetes,Medicaid,3,0,0,6,1,3.05,10,Home Health,0.3,1
PT-105757,56,Male,Other,Medicare,7,2,3,6,0,4.2,10,Home Health,0.39,1
PT-105758,57,Female,Diabetes,Private,1,0,2,5,3,3.73,9,Home,1.75,0
PT-105759,18,Female,Heart Failure,Private,4,1,0,3,2,6.32,12,Rehab,0.31,1
PT-105760,27,Female,Diabetes,Private,1,2,2,4,2,0.67,15,Home,0.26,1
PT-105761,29,Male,Heart Failure,Medicaid,6,1,2,0,1,2.41,9,Home,0.3,0
PT-105762,32,Female,Pneumonia,Private,7,1,0,3,4,1.2,5,Skilled Nursing,0.65,0
PT-105763,24,Male,Diabetes,Medicare,5,1,1,5,1,2.23,14,Rehab,0.65,1
PT-105764,40,Female,Heart Failure,Medicare,3,0,0,6,2,3.41,1,Home,1.07,0
PT-105765,58,Male,Other,Self-pay,10,0,2,11,5,3.62,11,Home,0.21,1
PT-105766,40,Male,Heart Failure,Medicare,10,2,0,9,1,3.18,9,Home,0.38,1
PT-105767,42,Female,Pneumonia,Private,5,1,4,8,0,3.26,11,Home Health,0.6,1
PT-105768,52,Male,Diabetes,Medicare,11,0,2,7,1,5.13,3,Home,0.58,0
PT-105769,58,Male,Kidney Disease,Medicaid,2,1,2,6,1,1.46,11,Skilled Nursing,0.47,1
PT-105770,42,Male,Pneumonia,Private,4,2,2,1,3,1.07,7,Home,1.09,1
PT-105771,34,Other,Diabetes,Private,1,2,0,4,1,3.35,5,Home Health,1.04,0
PT-105772,47,Male,Other,Medicaid,2,0,2,5,3,2.43,16,Skilled Nursing,0.77,1
PT-105773,19,Female,Diabetes,Medicare,2,2,1,2,1,2.76,13,Home,0.0,1
PT-105774,53,Female,Heart Failure,Private,6,0,4,7,2,2.66,10,Home,0.39,1
PT-105775,86,Male,Other,Medicare,2,2,2,3,0,1.94,9,Home Health,2.32,1
PT-105776,47,Male,Diabetes,Private,1,0,0,4,0,2.94,4,Home,0.55,1
PT-105777,25,Female,Heart Failure,Private,2,0,2,8,0,1.74,4,Rehab,0.04,0
PT-105778,69,Female,Diabetes,Private,3,1,1,4,3,1.88,11,Home,1.49,0
PT-105779,27,Male,Pneumonia,Private,1,1,1,4,1,2.89,2,Home,0.56,0
PT-105780,32,Female,Other,Medicare,4,1,3,4,2,2.32,14,Home Health,0.29,0
PT-105781,28,Female,Heart Failure,Private,5,1,3,10,2,5.61,14,Home,0.71,1
PT-105782,82,Female,Kidney Disease,Private,1,2,3,4,0,1.65,13,Home,1.33,0
PT-105783,89,Male,Heart Failure,Medicare,7,0,1,7,2,2.68,11,Home,1.48,1
PT-105784,59,Female,Kidney Disease,Medicaid,2,0,2,6,2,0.49,4,Rehab,0.52,0
PT-105785,63,Female,Other,Private,3,1,0,0,1,0.84,3,Home,0.47,0
PT-105786,65,Female,COPD,Private,6,0,1,5,2,4.34,15,Home Health,0.36,1
PT-105787,62,Male,Kidney Disease,Medicaid,3,1,1,6,1,3.69,10,Home Health,1.8,1
PT-105788,57,Female,COPD,Private,2,1,1,3,1,0.99,12,Home,1.4,0
PT-105789,90,Male,COPD,Private,4,3,2,4,1,5.0,14,Home,1.76,1
PT-105790,71,Female,Heart Failure,Private,8,0,4,3,0,7.39,18,Home,1.32,1
PT-105791,24,Male,Heart Failure,Private,8,1,3,3,2,1.89,4,Home Health,0.43,1
PT-105792,46,Male,Pneumonia,Medicaid,3,0,0,2,1,1.5,14,Home Health,0.8,0
PT-105793,89,Male,Kidney Disease,Medicaid,2,1,3,4,3,0.19,1,Home,2.42,1
PT-105794,47,Female,Diabetes,Private,2,1,1,5,1,5.33,6,Home,0.9,1
PT-105795,32,Male,Other,Medicaid,8,1,1,3,1,2.27,2,Home,0.0,0
PT-105796,81,Female,Pneumonia,Medicare,2,0,0,4,0,0.94,11,Home,1.07,1
PT-105797,63,Male,Kidney Disease,Private,11,0,1,4,4,0.59,17,Home,1.28,1
PT-105798,59,Female,Pneumonia,Private,6,0,1,6,1,1.94,4,Home,0.0,1
PT-105799,48,Female,Other,Medicare,4,1,2,4,3,0.67,1,Home,0.99,1
PT-105800,27,Male,Pneumonia,Medicare,2,0,0,1,3,4.61,3,Rehab,0.0,1
PT-105801,46,Male,Heart Failure,Medicaid,4,0,1,3,2,2.42,2,Home,1.44,1
PT-105802,49,Male,Other,Self-pay,2,2,1,7,0,7.15,1,Home,0.0,1
PT-105803,85,Male,Heart Failure,Medicare,1,1,1,9,3,3.53,11,Rehab,1.67,1
PT-105804,40,Female,Diabetes,Private,6,1,2,6,2,4.44,10,Home,1.32,0
PT-105805,28,Male,COPD,Medicaid,4,0,2,4,4,5.11,5,Home,0.0,1
PT-105806,49,Male,Diabetes,Medicare,7,0,1,7,2,0.94,10,Rehab,0.96,0
PT-105807,90,Female,Other,Medicare,5,0,0,8,0,4.98,11,Home,1.02,1
PT-105808,53,Female,Pneumonia,Private,2,0,1,4,2,2.03,16,Home,0.65,1
PT-105809,45,Female,Heart Failure,Medicaid,8,1,1,5,4,3.58,10,Home,0.66,1
PT-105810,66,Male,Heart Failure,Medicaid,3,0,1,5,3,4.41,3,Home,1.53,1
PT-105811,65,Male,Other,Private,9,2,2,10,3,0.29,12,Home,1.71,1
PT-105812,39,Female,Other,Medicaid,3,0,1,3,2,2.1,3,Home,0.69,1
PT-105813,88,Female,Diabetes,Medicaid,1,2,0,8,0,2.12,10,Home,1.54,0
PT-105814,61,Female,Diabetes,Medicaid,10,0,0,2,1,2.75,16,Home Health,0.73,1
PT-105815,22,Female,Diabetes,Private,3,1,2,7,1,1.54,9,Home,0.31,0
PT-105816,47,Male,Pneumonia,Medicaid,3,2,2,6,2,2.18,12,Home Health,0.98,1
PT-105817,85,Female,Heart Failure,Private,1,0,0,9,0,2.21,1,Home,0.67,1
PT-105818,46,Female,Heart Failure,Private,4,1,1,5,4,1.78,15,Home,1.34,1
PT-105819,59,Female,Heart Failure,Private,1,2,2,3,2,0.64,1,Home,1.43,1
PT-105820,62,Female,Heart Failure,Medicaid,10,2,1,3,1,2.45,17,Home,1.76,1
PT-105821,69,Male,Diabetes,Medicare,3,0,1,3,2,1.92,18,Home,1.42,0
PT-105822,81,Female,COPD,Medicare,2,1,2,0,1,3.07,7,Rehab,1.03,1
PT-105823,28,Female,COPD,Medicare,4,0,3,7,2,1.82,6,Home,0.3,1
PT-105824,55,Male,Diabetes,Medicaid,16,0,0,5,4,4.27,7,Home,0.72,1
PT-105825,56,Female,Kidney Disease,Private,4,1,0,8,3,2.83,14,Home,1.35,1
PT-105826,29,Female,Diabetes,Private,3,0,1,3,1,4.97,1,Home Health,0.74,0
PT-105827,67,Male,Other,Medicare,4,0,0,5,5,0.79,7,Home,2.47,1
PT-105828,26,Male,Pneumonia,Medicare,7,0,1,5,3,2.31,10,Home,0.15,1
PT-105829,51,Male,Pneumonia,Medicaid,7,2,0,9,1,3.94,16,Home,0.0,1
PT-105830,42,Male,Other,Medicaid,5,2,2,4,2,1.23,3,Home,0.37,1
PT-105831,29,Female,Pneumonia,Private,8,1,1,6,2,1.28,11,Rehab,0.03,0
PT-105832,78,Female,Heart Failure,Medicare,4,1,2,4,2,4.17,9,Home,1.26,1
PT-105833,35,Male,COPD,Private,4,1,1,7,2,4.76,13,Home,1.32,1
PT-105834,36,Male,Heart Failure,Private,4,0,1,8,0,2.75,13,Home,0.31,1
PT-105835,80,Female,Pneumonia,Private,3,0,0,5,2,2.03,5,Home,2.15,1
PT-105836,82,Female,Heart Failure,Medicare,7,0,0,5,3,4.49,23,Home Health,2.17,1
PT-105837,20,Female,Other,Private,3,0,3,6,3,1.59,16,Home Health,0.57,1
PT-105838,38,Male,Diabetes,Private,1,0,2,6,2,3.82,3,Home,0.68,0
PT-105839,69,Male,Heart Failure,Self-pay,1,0,0,3,1,1.2,4,Home Health,0.77,1
PT-105840,74,Female,Heart Failure,Medicaid,5,0,2,4,3,1.2,12,Home,1.8,1
PT-105841,90,Female,Diabetes,Private,2,2,0,4,3,4.21,6,Rehab,2.96,1
PT-105842,58,Female,Diabetes,Private,7,1,1,4,1,0.98,7,Home,1.07,1
PT-105843,18,Female,Kidney Disease,Medicaid,4,0,1,3,2,1.28,17,Rehab,0.14,0
PT-105844,81,Male,Heart Failure,Medicare,7,1,3,8,3,3.41,14,Home,1.43,1
PT-105845,29,Male,COPD,Private,1,1,1,3,2,1.28,6,Home,0.07,1
PT-105846,26,Male,Diabetes,Medicare,3,1,1,7,1,4.28,7,Home,0.0,1
PT-105847,67,Male,Other,Private,2,0,1,6,0,4.53,1,Home,1.78,1
PT-105848,62,Female,Diabetes,Private,18,1,3,5,0,0.62,10,Home,1.35,1
PT-105849,22,Male,Heart Failure,Medicare,3,0,1,5,3,1.64,1,Home,0.25,1
PT-105850,30,Male,Heart Failure,Medicare,1,0,2,5,2,5.21,3,Home,1.03,0
PT-105851,61,Male,Pneumonia,Self-pay,5,1,1,4,1,1.88,2,Home,1.4,1
PT-105852,36,Male,COPD,Medicare,2,1,0,3,6,3.38,13,Home,0.87,1
PT-105853,67,Male,Pneumonia,Private,8,1,0,8,1,5.46,10,Skilled Nursing,1.38,0
PT-105854,48,Female,Kidney Disease,Self-pay,8,1,0,5,0,1.62,11,Skilled Nursing,0.74,0
PT-105855,60,Male,Kidney Disease,Private,2,0,1,6,3,1.96,1,Home,1.6,1
PT-105856,52,Female,Other,Private,2,3,0,3,2,3.73,14,Home,0.72,1
PT-105857,44,Male,Pneumonia,Medicare,5,1,0,4,1,2.81,8,Home,0.47,1
PT-105858,42,Female,Other,Self-pay,8,1,4,3,3,1.32,2,Skilled Nursing,0.73,0
PT-105859,68,Male,Pneumonia,Medicaid,5,0,0,11,1,1.74,6,Home Health,1.67,0
PT-105860,55,Male,Kidney Disease,Private,3,0,2,5,1,2.67,17,Home,1.41,0
PT-105861,61,Female,Other,Medicaid,1,1,1,3,3,2.52,4,Home,1.16,1
PT-105862,60,Male,COPD,Private,12,0,0,3,0,1.33,10,Home,1.15,1
PT-105863,33,Male,Diabetes,Medicaid,5,0,2,3,3,2.71,8,Home,1.32,1
PT-105864,84,Female,Kidney Disease,Private,13,1,3,2,3,2.7,5,Home,2.46,1
PT-105865,59,Male,Other,Medicare,6,1,3,2,1,4.44,11,Home,0.72,1
PT-105866,70,Female,Diabetes,Medicaid,12,0,1,1,3,4.11,10,Skilled Nursing,1.28,1
PT-105867,82,Female,Diabetes,Medicaid,2,0,2,5,3,3.74,7,Home,1.79,0
PT-105868,85,Male,Other,Medicare,2,0,0,4,0,1.24,7,Home,2.06,0
PT-105869,66,Male,Other,Private,3,1,1,4,6,5.56,3,Skilled Nursing,1.88,1
PT-105870,75,Female,Other,Private,2,1,2,2,3,0.68,1,Rehab,1.28,1
PT-105871,52,Female,COPD,Medicare,1,0,1,5,1,4.15,12,Home Health,1.24,0
PT-105872,71,Female,Pneumonia,Medicaid,2,0,1,5,2,0.51,5,Home,0.99,1
PT-105873,41,Male,Other,Private,6,1,0,5,2,2.39,10,Home,0.63,1
PT-105874,69,Male,COPD,Private,1,1,0,7,3,2.96,10,Rehab,2.51,1
PT-105875,24,Other,Pneumonia,Private,2,0,2,3,0,2.59,9,Home,0.0,0
PT-105876,84,Male,Other,Private,3,0,1,6,2,3.29,18,Home Health,1.66,1
PT-105877,35,Female,COPD,Private,2,0,0,7,1,4.21,1,Home Health,0.37,0
PT-105878,65,Female,Other,Private,3,0,0,6,2,0.59,7,Rehab,0.48,0
PT-105879,18,Male,Diabetes,Medicaid,4,0,1,5,2,1.54,8,Rehab,0.48,0
PT-105880,29,Female,Heart Failure,Private,2,1,0,6,2,2.61,11,Home,0.24,1
PT-105881,90,Male,Diabetes,Self-pay,3,1,4,4,3,1.86,7,Skilled Nursing,2.22,1
PT-105882,78,Male,Heart Failure,Private,4,1,1,8,1,4.7,4,Home,1.43,1
PT-105883,34,Female,Other,Medicaid,2,1,0,7,5,1.05,1,Home Health,0.08,1
PT-105884,27,Female,Heart Failure,Private,1,1,1,7,2,2.94,6,Home,0.58,1
PT-105885,77,Male,Kidney Disease,Private,2,0,3,7,1,1.32,2,Home,2.02,1
PT-105886,90,Female,Other,Private,3,1,1,4,2,3.23,12,Home,1.27,1
PT-105887,30,Female,COPD,Medicare,1,0,1,6,1,4.04,1,Home,0.14,1
PT-105888,66,Female,Other,Medicaid,6,0,0,3,1,2.6,9,Home Health,1.63,0
PT-105889,38,Female,Pneumonia,Private,3,0,0,10,2,3.91,16,Home,0.28,1
PT-105890,72,Female,Other,Medicaid,2,1,0,3,1,2.49,14,Home Health,1.15,1
PT-105891,48,Female,Heart Failure,Medicare,1,3,0,8,2,4.68,9,Home,0.99,1
PT-105892,27,Male,Diabetes,Private,5,1,3,4,0,2.97,7,Home,0.04,0
PT-105893,41,Female,COPD,Medicare,9,1,3,8,4,1.22,12,Skilled Nursing,1.24,1
PT-105894,57,Male,Diabetes,Medicaid,3,2,0,5,2,2.07,17,Skilled Nursing,0.72,0
PT-105895,76,Male,Diabetes,Medicare,12,3,1,6,1,2.35,3,Home,1.91,1
PT-105896,19,Female,COPD,Private,4,1,3,3,1,1.52,1,Home Health,0.0,1
PT-105897,87,Male,Kidney Disease,Private,4,1,1,3,1,4.94,3,Home,1.76,1
PT-105898,65,Male,Other,Medicare,7,1,2,6,4,2.92,5,Home Health,1.8,1
PT-105899,81,Female,Pneumonia,Private,6,2,1,6,2,0.72,7,Home,1.4,1
PT-105900,85,Female,Other,Private,1,1,3,2,0,3.38,17,Home Health,1.22,1
PT-105901,29,Other,Pneumonia,Private,2,1,2,0,0,2.16,9,Home,0.12,0
PT-105902,24,Female,Other,Medicaid,8,2,1,5,3,2.19,6,Rehab,0.0,1
PT-105903,74,Male,Pneumonia,Medicare,6,4,1,4,3,1.8,16,Home,1.55,1
PT-105904,31,Female,COPD,Self-pay,13,3,0,3,6,1.5,7,Home,0.62,1
PT-105905,28,Male,COPD,Medicaid,5,0,2,6,2,1.58,12,Rehab,0.25,0
PT-105906,52,Male,Diabetes,Private,6,1,3,6,3,1.78,3,Home Health,1.46,1
PT-105907,84,Female,Heart Failure,Private,2,1,1,2,4,4.18,14,Skilled Nursing,2.31,1
PT-105908,76,Female,Heart Failure,Private,8,1,0,6,0,6.3,7,Home,2.05,1
PT-105909,55,Female,Other,Self-pay,1,0,2,7,4,4.65,7,Home,1.13,1
PT-105910,32,Female,COPD,Medicare,4,1,1,3,2,4.63,1,Skilled Nursing,0.0,0
PT-105911,42,Female,Other,Self-pay,6,2,0,3,4,5.87,5,Home Health,0.33,1
PT-105912,68,Male,Other,Medicare,5,2,0,8,2,2.05,1,Rehab,1.56,1
PT-105913,29,Male,Pneumonia,Self-pay,4,2,1,5,1,2.82,9,Skilled Nursing,0.1,1
PT-105914,56,Female,Diabetes,Private,3,0,1,7,3,1.69,3,Rehab,0.56,1
PT-105915,18,Female,Diabetes,Private,4,1,3,6,1,0.26,1,Home Health,0.48,1
PT-105916,41,Female,Heart Failure,Medicare,2,1,2,1,1,1.68,11,Home,1.28,0
PT-105917,36,Male,Heart Failure,Medicare,5,0,0,6,2,4.44,4,Home,0.64,1
PT-105918,67,Female,Diabetes,Self-pay,2,2,1,6,2,1.55,4,Home,1.72,1
PT-105919,84,Male,Other,Self-pay,3,0,1,8,2,3.17,21,Home,1.35,0
PT-105920,28,Other,Other,Medicare,1,3,0,4,5,3.82,5,Home Health,0.39,1
PT-105921,76,Female,Heart Failure,Private,20,0,1,8,2,3.24,13,Skilled Nursing,0.38,1
PT-105922,65,Female,Pneumonia,Medicaid,5,1,1,4,2,1.26,2,Home,1.79,1
PT-105923,88,Female,Other,Private,1,1,2,4,2,0.21,9,Home,2.1,1
PT-105924,84,Female,Pneumonia,Medicaid,4,1,1,7,1,0.2,11,Home,1.6,1
PT-105925,25,Male,COPD,Private,8,0,0,4,0,4.2,1,Home,0.68,0
PT-105926,72,Female,Other,Medicare,5,1,2,6,6,1.77,1,Home,2.08,1
PT-105927,61,Female,Other,Private,4,0,0,7,2,0.4,14,Home,1.04,0
PT-105928,26,Male,Diabetes,Private,2,1,5,5,1,2.58,6,Home Health,0.82,1
PT-105929,36,Female,Heart Failure,Medicaid,5,2,2,5,0,1.88,8,Home,0.2,0
PT-105930,85,Male,COPD,Medicare,6,0,1,11,4,2.96,13,Home,1.68,1
PT-105931,57,Male,Other,Medicaid,6,2,0,7,2,2.97,14,Home Health,0.89,0
PT-105932,42,Female,Kidney Disease,Medicare,4,1,2,9,4,3.62,5,Home,0.31,1
PT-105933,41,Female,Diabetes,Private,4,0,0,4,5,1.98,8,Rehab,1.72,1
PT-105934,79,Male,Diabetes,Medicare,9,0,1,7,0,2.63,5,Home,0.97,1
PT-105935,38,Female,Other,Medicare,9,1,1,6,3,1.72,7,Home,0.66,1
PT-105936,29,Male,Diabetes,Medicaid,3,0,2,7,0,0.58,5,Home Health,0.22,0
PT-105937,59,Male,Other,Private,12,1,1,3,2,1.72,6,Home,1.57,1
PT-105938,90,Female,Kidney Disease,Private,1,2,0,7,3,2.59,18,Home,2.19,1
PT-105939,31,Female,Kidney Disease,Medicare,5,0,2,9,1,3.55,5,Home Health,0.0,1
PT-105940,36,Female,Heart Failure,Medicare,5,0,0,8,0,2.32,1,Home Health,0.0,1
PT-105941,52,Female,Pneumonia,Medicare,2,0,3,7,5,5.39,7,Skilled Nursing,1.34,1
PT-105942,32,Female,Other,Private,1,0,1,1,0,1.22,1,Home,0.81,1
PT-105943,65,Male,Other,Medicaid,2,1,0,3,0,1.14,10,Home,1.67,0
PT-105944,36,Female,Other,Private,7,1,2,6,0,2.11,7,Home Health,0.99,0
PT-105945,27,Male,Pneumonia,Private,7,0,1,6,2,1.21,19,Home,0.19,1
PT-105946,37,Male,Other,Medicaid,6,0,3,6,2,1.24,13,Home Health,0.36,1
PT-105947,85,Female,Diabetes,Private,2,0,3,4,0,2.72,1,Home,0.88,1
PT-105948,86,Male,Heart Failure,Medicaid,8,2,3,5,2,3.05,1,Home Health,2.28,1
PT-105949,54,Male,Kidney Disease,Private,2,1,3,2,2,7.41,6,Rehab,1.39,1
PT-105950,47,Female,Pneumonia,Private,5,1,2,5,2,1.33,9,Rehab,0.96,0
PT-105951,77,Female,Other,Private,4,1,1,6,3,3.81,13,Home,2.16,1
PT-105952,32,Female,Diabetes,Medicare,3,0,0,6,0,6.55,11,Rehab,0.4,0
PT-105953,65,Male,Kidney Disease,Medicaid,6,1,1,9,4,5.06,11,Home,1.7,1
PT-105954,67,Male,Diabetes,Private,7,1,0,2,6,0.64,5,Home Health,1.71,1
PT-105955,69,Female,Kidney Disease,Medicaid,2,0,3,6,3,5.99,6,Home Health,0.54,1
PT-105956,33,Male,Diabetes,Medicare,4,1,1,3,2,2.05,10,Home,0.42,0
PT-105957,70,Female,Pneumonia,Private,7,1,0,7,1,3.49,10,Home Health,0.62,1
PT-105958,62,Male,Pneumonia,Medicare,1,0,0,1,3,3.38,10,Home Health,1.03,0
PT-105959,81,Female,Heart Failure,Medicaid,5,0,1,9,2,0.94,4,Rehab,0.25,1
PT-105960,30,Female,Pneumonia,Medicare,7,2,0,5,2,5.02,8,Home,0.33,1
PT-105961,62,Other,Kidney Disease,Private,5,0,2,4,0,1.48,13,Rehab,1.22,1
PT-105962,78,Female,COPD,Medicaid,6,0,2,3,0,2.44,5,Home Health,0.58,0
PT-105963,38,Male,Other,Private,4,2,2,1,1,0.3,10,Home,0.81,0
PT-105964,72,Male,Pneumonia,Private,6,2,1,3,2,1.98,4,Home Health,1.09,0
PT-105965,25,Female,Pneumonia,Private,1,1,0,8,3,4.65,8,Home,0.33,0
PT-105966,70,Male,Pneumonia,Medicaid,2,0,1,5,1,2.34,11,Home,1.01,1
PT-105967,62,Female,Kidney Disease,Medicare,5,2,2,6,2,0.5,12,Rehab,1.17,1
PT-105968,32,Male,Kidney Disease,Private,6,0,1,5,0,5.6,4,Skilled Nursing,0.78,0
PT-105969,22,Male,Diabetes,Private,8,0,1,1,1,0.32,1,Home,0.43,1
PT-105970,72,Female,Kidney Disease,Medicare,11,1,0,7,4,0.78,15,Skilled Nursing,0.82,1
PT-105971,35,Other,Pneumonia,Private,2,0,2,8,2,2.04,14,Home,0.0,0
PT-105972,54,Female,Diabetes,Private,2,0,0,7,1,2.0,1,Home,0.4,1
PT-105973,22,Male,Other,Private,7,1,1,3,3,2.02,10,Home,1.0,0
PT-105974,88,Female,Diabetes,Medicare,3,0,1,4,4,3.27,8,Home Health,1.67,0
PT-105975,58,Female,Diabetes,Private,4,1,0,5,1,4.45,15,Home Health,0.34,1
PT-105976,86,Male,Heart Failure,Medicaid,7,0,0,2,2,2.23,14,Skilled Nursing,1.54,1
PT-105977,29,Male,Other,Medicare,5,0,0,5,2,3.3,13,Home,0.0,0
PT-105978,33,Male,Kidney Disease,Private,6,0,2,4,4,4.45,6,Home,0.35,1
PT-105979,62,Female,Other,Medicare,2,2,0,3,2,2.45,1,Home,1.12,1
PT-105980,62,Female,Other,Self-pay,5,0,0,0,1,1.93,10,Home,1.32,0
PT-105981,75,Female,COPD,Private,5,0,2,5,1,3.77,2,Home,1.64,1
PT-105982,85,Female,Other,Medicaid,8,2,3,7,1,3.45,1,Home,2.65,1
PT-105983,77,Female,Pneumonia,Private,10,0,0,8,4,0.61,22,Home,2.01,0
PT-105984,28,Female,Diabetes,Private,3,2,0,3,8,2.31,4,Home,1.17,1
PT-105985,40,Female,Other,Private,2,0,1,6,2,2.66,11,Home,0.56,1
PT-105986,84,Male,COPD,Medicare,6,0,1,2,0,3.15,12,Home,1.17,1
PT-105987,58,Female,Heart Failure,Private,1,1,1,9,1,2.74,10,Home Health,0.58,1
PT-105988,81,Female,COPD,Medicare,7,0,1,3,1,6.67,1,Home,1.0,1
PT-105989,59,Female,Pneumonia,Medicaid,7,2,2,6,1,5.26,15,Home,0.28,0
PT-105990,21,Female,Other,Private,3,1,0,3,2,3.74,8,Rehab,0.31,1
PT-105991,52,Male,Pneumonia,Private,1,1,1,4,1,1.95,10,Home Health,0.82,1
PT-105992,78,Male,Diabetes,Private,8,2,1,3,4,1.91,4,Home,1.33,1
PT-105993,65,Male,Diabetes,Self-pay,10,1,2,11,2,2.0,3,Home,1.58,1
PT-105994,27,Male,Heart Failure,Medicare,10,0,1,7,3,2.1,4,Skilled Nursing,0.61,0
PT-105995,33,Other,Other,Medicare,10,3,1,8,1,2.06,4,Home Health,0.97,1
PT-105996,80,Male,Diabetes,Medicaid,1,1,3,3,1,0.69,5,Home Health,1.28,1
PT-105997,89,Female,COPD,Private,4,0,0,4,6,0.84,14,Home,1.74,1
PT-105998,72,Female,Heart Failure,Medicare,5,3,2,7,0,2.62,6,Home,1.07,1
PT-105999,25,Male,COPD,Medicaid,4,0,2,7,2,6.45,11,Home Health,0.57,0
PT-106000,63,Male,Heart Failure,Private,6,0,2,6,4,6.06,5,Home,1.82,1
PT-106001,78,Female,Other,Medicare,2,0,0,4,0,0.6,10,Home,0.73,0
PT-106002,64,Female,Other,Self-pay,1,2,1,9,1,3.65,8,Home,1.07,1
PT-106003,61,Female,Diabetes,Medicare,1,1,2,1,1,2.23,5,Home Health,0.77,1
PT-106004,52,Male,COPD,Private,8,2,1,6,1,2.13,1,Home,0.69,0
PT-106005,35,Male,Other,Private,1,1,3,6,5,1.69,10,Skilled Nursing,0.95,1
PT-106006,38,Male,COPD,Medicare,4,1,0,5,4,0.39,3,Skilled Nursing,0.76,1
PT-106007,72,Male,Diabetes,Private,3,0,1,3,4,2.97,10,Rehab,0.28,0
PT-106008,23,Female,COPD,Medicaid,3,1,1,5,0,1.71,1,Home Health,0.03,0
PT-106009,24,Female,Diabetes,Private,3,0,1,8,2,1.14,4,Home,0.81,0
PT-106010,46,Female,Heart Failure,Medicare,3,1,0,5,1,0.97,1,Home,0.57,1
PT-106011,74,Male,Diabetes,Medicare,1,1,2,4,2,4.12,3,Home,2.08,1
PT-106012,65,Female,Kidney Disease,Medicare,3,0,2,10,2,6.52,6,Home,1.29,0
PT-106013,61,Female,Kidney Disease,Private,2,1,1,5,4,1.45,15,Home,2.24,0
PT-106014,56,Female,Heart Failure,Private,2,0,0,6,1,4.51,15,Home,1.71,1
PT-106015,26,Male,Other,Medicaid,12,0,0,4,1,2.24,13,Home,1.26,1
PT-106016,42,Male,Pneumonia,Medicare,1,1,1,7,0,1.92,11,Home Health,0.68,1
PT-106017,23,Female,Heart Failure,Private,3,0,0,10,3,3.14,9,Home,0.24,1
PT-106018,73,Female,Heart Failure,Private,5,1,0,10,2,1.95,5,Home,0.77,1
PT-106019,72,Female,Heart Failure,Private,12,0,1,4,1,3.46,7,Skilled Nursing,0.77,1
PT-106020,36,Female,Heart Failure,Medicaid,2,0,1,5,2,2.63,4,Skilled Nursing,1.05,1
PT-106021,39,Female,Diabetes,Private,9,0,2,10,2,0.43,13,Home Health,0.25,0
PT-106022,41,Female,Other,Medicare,3,0,2,5,2,2.3,6,Home Health,1.31,0
PT-106023,82,Female,COPD,Medicare,4,1,2,2,2,6.52,14,Rehab,1.3,1
PT-106024,53,Female,Pneumonia,Medicare,6,0,2,3,3,2.15,1,Home,0.0,0
PT-106025,73,Male,COPD,Medicare,10,0,1,5,2,1.45,16,Home,1.09,1
PT-106026,50,Female,Pneumonia,Medicaid,3,1,1,0,3,0.52,4,Skilled Nursing,0.19,0
PT-106027,68,Male,Diabetes,Private,5,0,2,5,3,5.66,6,Home,2.11,1
PT-106028,56,Male,Diabetes,Private,4,1,2,6,4,1.35,9,Home,1.08,1
PT-106029,38,Female,Kidney Disease,Private,4,0,1,5,0,2.23,1,Home Health,0.11,1
PT-106030,81,Female,Diabetes,Medicare,7,0,0,3,1,4.35,8,Home Health,1.22,0
PT-106031,69,Male,COPD,Medicare,2,0,1,7,2,0.83,6,Home,1.16,0
PT-106032,74,Male,Heart Failure,Private,3,1,1,10,0,0.43,14,Home,1.34,1
PT-106033,87,Female,Other,Private,1,0,0,6,0,1.35,5,Home Health,1.07,1
PT-106034,36,Female,Pneumonia,Private,6,1,1,5,2,1.8,15,Home,0.0,0
PT-106035,24,Female,Other,Self-pay,4,1,1,3,0,4.09,9,Home,0.0,0
PT-106036,60,Female,Heart Failure,Private,10,0,2,7,1,1.49,4,Home Health,0.66,1
PT-106037,41,Male,COPD,Private,1,1,1,3,2,3.6,9,Home,0.0,1
PT-106038,49,Female,Heart Failure,Self-pay,13,2,3,4,2,3.3,9,Home,1.87,1
PT-106039,35,Female,Kidney Disease,Medicaid,6,0,0,5,3,3.44,3,Home,0.27,1
PT-106040,47,Female,Diabetes,Self-pay,6,2,1,6,1,1.51,6,Home Health,0.0,0
PT-106041,46,Male,Pneumonia,Medicaid,2,1,0,5,1,2.27,8,Skilled Nursing,0.74,1
PT-106042,43,Female,Pneumonia,Medicare,3,0,0,5,1,0.84,14,Home,0.04,0
PT-106043,72,Male,Other,Private,3,2,0,4,1,4.3,15,Home,1.78,1
PT-106044,61,Female,Diabetes,Private,9,2,0,9,5,3.8,6,Home,1.24,1
PT-106045,52,Male,Diabetes,Private,1,0,0,6,3,1.21,12,Home,0.57,0
PT-106046,26,Female,Diabetes,Private,4,1,2,6,0,1.37,16,Home,1.19,0
PT-106047,59,Male,Other,Medicaid,4,1,0,6,0,1.89,6,Skilled Nursing,0.86,0
PT-106048,30,Female,Kidney Disease,Private,3,1,0,4,1,6.25,5,Home,0.17,1
PT-106049,40,Male,Other,Private,2,0,2,3,3,1.88,7,Home,0.65,0
PT-106050,48,Male,Heart Failure,Medicaid,1,1,0,8,0,0.76,13,Home,0.13,1
PT-106051,28,Female,Pneumonia,Medicaid,4,0,0,4,2,1.16,11,Home,1.22,1
PT-106052,46,Male,COPD,Private,6,0,1,3,0,1.93,7,Home,0.07,0
PT-106053,37,Female,Other,Private,4,0,1,2,1,5.01,11,Home,0.97,1
PT-106054,80,Female,Kidney Disease,Private,2,0,0,7,5,3.09,1,Home,1.53,1
PT-106055,80,Female,Pneumonia,Private,4,0,2,4,0,0.51,2,Home Health,1.12,0
PT-106056,18,Female,Pneumonia,Private,10,0,1,6,3,1.78,12,Home,0.0,0
PT-106057,61,Male,Heart Failure,Medicaid,2,0,0,5,1,2.14,1,Home,0.0,0
PT-106058,64,Female,Pneumonia,Private,5,0,0,5,3,1.1,4,Home Health,1.0,1
PT-106059,45,Male,Pneumonia,Medicare,5,1,0,3,2,5.03,14,Home,1.11,0
PT-106060,52,Female,Pneumonia,Medicare,1,1,0,6,1,4.19,9,Skilled Nursing,0.63,1
PT-106061,75,Male,COPD,Medicaid,3,0,2,8,2,4.18,12,Skilled Nursing,0.82,1
PT-106062,45,Female,Diabetes,Medicare,3,0,0,5,1,0.36,8,Skilled Nursing,0.77,1
PT-106063,22,Male,Heart Failure,Self-pay,4,0,1,6,1,4.73,20,Skilled Nursing,0.0,0
PT-106064,45,Female,Diabetes,Medicare,9,1,1,6,1,0.68,17,Skilled Nursing,0.62,0
PT-106065,36,Male,Pneumonia,Medicaid,1,0,1,5,1,2.58,5,Home,0.0,0
PT-106066,45,Male,Diabetes,Medicare,9,0,1,2,2,4.27,1,Home,0.47,1
PT-106067,34,Female,Other,Private,6,1,0,3,2,6.81,5,Rehab,0.39,1
PT-106068,28,Male,Pneumonia,Medicare,13,2,0,4,3,2.34,22,Home,0.61,0
PT-106069,89,Female,Pneumonia,Medicare,1,0,2,6,0,1.37,8,Home,1.91,1
PT-106070,27,Male,Pneumonia,Medicaid,1,0,0,4,2,0.83,1,Rehab,0.0,0
PT-106071,69,Male,Heart Failure,Private,18,2,0,1,2,5.77,9,Skilled Nursing,1.31,1
PT-106072,70,Female,Heart Failure,Medicare,1,1,1,5,1,2.05,6,Home,0.97,1
PT-106073,63,Female,Other,Medicaid,2,0,2,8,6,3.22,3,Home,1.68,1
PT-106074,84,Female,Diabetes,Private,2,2,1,5,1,3.37,1,Home Health,1.62,1
PT-106075,18,Female,Diabetes,Medicaid,6,1,2,4,2,0.46,5,Skilled Nursing,0.02,1
PT-106076,40,Male,Diabetes,Medicare,3,3,1,6,2,7.89,7,Home,1.19,1
PT-106077,31,Female,COPD,Private,2,2,0,4,1,4.26,13,Home Health,2.08,1
PT-106078,60,Female,Other,Private,11,0,0,3,2,1.68,8,Home,1.08,1
PT-106079,64,Female,Pneumonia,Self-pay,1,2,1,7,1,1.48,9,Home,1.78,1
PT-106080,83,Male,Pneumonia,Medicare,8,1,3,9,1,2.3,2,Home,2.65,1
PT-106081,45,Male,Heart Failure,Medicare,4,0,3,4,4,0.54,6,Home,0.61,1
PT-106082,35,Male,Pneumonia,Self-pay,2,0,2,2,3,4.58,8,Home,0.55,1
PT-106083,85,Female,Other,Private,2,3,0,5,3,0.48,7,Home,0.87,1
PT-106084,67,Other,COPD,Private,3,1,0,7,1,4.67,10,Skilled Nursing,0.92,1
PT-106085,73,Female,Diabetes,Medicare,2,0,4,4,3,2.61,4,Skilled Nursing,1.81,1
PT-106086,50,Male,Other,Private,7,3,1,3,0,1.32,12,Home,0.69,0
PT-106087,50,Male,Heart Failure,Private,3,0,1,4,1,0.65,15,Home,0.71,0
PT-106088,46,Female,Pneumonia,Private,6,0,0,4,3,3.97,1,Rehab,1.03,1
PT-106089,72,Male,Heart Failure,Private,2,1,3,6,4,5.13,7,Home Health,1.74,1
PT-106090,33,Male,Other,Medicare,4,1,0,7,1,5.89,17,Home,0.39,1
PT-106091,89,Female,Diabetes,Medicaid,4,0,2,3,3,2.16,1,Home,2.01,1
PT-106092,30,Female,COPD,Medicaid,4,2,0,8,4,3.96,4,Home Health,0.74,1
PT-106093,51,Female,Kidney Disease,Medicare,9,0,1,4,0,0.46,13,Home,0.82,1
PT-106094,40,Female,Other,Self-pay,10,0,1,6,3,3.1,9,Home,0.45,0
PT-106095,64,Male,Other,Medicare,7,0,1,2,4,1.49,8,Home Health,0.82,0
PT-106096,67,Male,Pneumonia,Self-pay,8,1,0,5,0,7.53,1,Home,1.15,1
PT-106097,85,Female,COPD,Medicare,6,0,2,6,0,3.21,11,Rehab,1.21,0
PT-106098,75,Male,Other,Medicare,3,2,2,4,2,2.94,14,Rehab,2.25,0
PT-106099,36,Male,Pneumonia,Private,3,1,1,5,4,5.04,10,Home,0.0,1
PT-106100,33,Female,Heart Failure,Medicare,1,0,1,4,1,3.89,5,Skilled Nursing,0.0,1
PT-106101,82,Male,Heart Failure,Private,2,1,2,2,2,0.45,7,Home Health,1.97,0
PT-106102,53,Male,Other,Self-pay,1,3,1,5,3,1.77,3,Home,0.37,1
PT-106103,25,Other,COPD,Medicare,2,0,0,9,3,1.54,6,Home,0.0,1
PT-106104,78,Male,Diabetes,Private,5,3,4,4,2,4.94,1,Home,1.64,1
PT-106105,65,Male,Diabetes,Medicare,3,1,3,5,7,8.46,6,Home Health,2.64,1
PT-106106,19,Female,COPD,Private,7,0,0,3,0,1.75,12,Home Health,0.0,0
PT-106107,75,Male,Other,Medicare,2,1,1,5,5,4.13,8,Skilled Nursing,1.92,1
PT-106108,62,Male,Pneumonia,Private,6,1,1,5,2,0.26,7,Home,1.09,0
PT-106109,62,Female,Other,Medicare,2,2,1,7,4,6.36,4,Home,1.12,1
PT-106110,81,Female,Heart Failure,Medicaid,9,2,4,2,3,2.7,9,Home Health,2.7,1
PT-106111,54,Female,Heart Failure,Medicaid,2,3,0,4,1,2.35,10,Home,0.32,0
PT-106112,51,Male,Other,Medicare,5,2,1,3,2,3.12,4,Skilled Nursing,0.99,1
PT-106113,63,Female,Heart Failure,Private,2,0,0,1,0,1.58,5,Home,0.87,1
PT-106114,32,Female,Diabetes,Self-pay,11,0,1,5,1,3.43,1,Skilled Nursing,1.06,0
PT-106115,29,Male,Other,Private,10,1,2,4,3,4.52,12,Home Health,0.52,1
PT-106116,79,Other,Heart Failure,Private,5,1,1,6,1,6.28,16,Home,0.76,1
PT-106117,33,Male,Kidney Disease,Private,5,1,1,3,0,1.39,5,Home Health,0.0,1
PT-106118,54,Female,Heart Failure,Medicaid,7,2,1,9,0,0.84,11,Home,0.41,0
PT-106119,37,Male,COPD,Private,6,0,0,2,3,1.84,13,Home,0.98,1
PT-106120,34,Female,Pneumonia,Private,7,2,1,2,1,0.62,7,Home,0.29,0
PT-106121,61,Female,Pneumonia,Private,2,0,1,7,3,1.22,10,Home Health,1.36,0
PT-106122,76,Female,Diabetes,Self-pay,4,2,0,6,5,4.53,4,Skilled Nursing,2.67,1
PT-106123,50,Male,Other,Private,2,1,2,6,4,1.84,12,Home,1.38,0
PT-106124,28,Male,Other,Medicare,10,2,1,2,2,5.28,5,Rehab,0.96,1
PT-106125,35,Male,COPD,Private,1,0,1,4,2,0.81,9,Skilled Nursing,0.44,0
PT-106126,30,Female,Other,Medicare,12,0,0,4,2,1.1,11,Home Health,0.0,0
PT-106127,82,Female,Diabetes,Medicare,4,0,1,5,5,0.87,9,Home,2.88,0
PT-106128,41,Male,Heart Failure,Private,7,2,0,6,4,2.76,12,Home,0.6,1
PT-106129,45,Male,Heart Failure,Private,3,0,1,5,5,2.66,2,Home Health,1.37,1
PT-106130,23,Male,Other,Medicare,1,0,4,6,2,6.37,11,Home,0.6,1
PT-106131,50,Female,Kidney Disease,Private,10,1,1,4,3,2.3,7,Skilled Nursing,0.45,1
PT-106132,84,Female,Pneumonia,Medicare,6,0,3,6,1,4.41,8,Skilled Nursing,0.9,1
PT-106133,47,Male,COPD,Private,1,3,1,5,2,1.25,8,Home,1.08,0
PT-106134,65,Female,COPD,Medicare,4,0,1,4,4,1.36,7,Home,0.84,1
PT-106135,31,Female,Heart Failure,Medicare,3,3,1,6,8,2.12,15,Home,1.77,1
PT-106136,28,Female,Kidney Disease,Medicaid,5,0,4,6,4,1.28,11,Home,0.27,1
PT-106137,71,Female,COPD,Medicaid,2,1,2,8,4,2.33,1,Home,2.11,0
PT-106138,22,Female,Diabetes,Medicare,1,0,0,7,2,5.42,12,Home,0.47,1
PT-106139,50,Female,COPD,Private,4,1,0,0,0,2.69,11,Home Health,0.74,0
PT-106140,41,Male,Kidney Disease,Private,2,0,0,0,1,0.44,4,Home,0.3,0
PT-106141,19,Female,Heart Failure,Medicaid,10,0,2,7,0,5.03,10,Home,0.26,1
PT-106142,56,Female,Diabetes,Private,7,0,5,3,1,5.39,8,Home Health,0.98,1
PT-106143,88,Male,Pneumonia,Medicare,7,2,1,2,2,1.79,9,Skilled Nursing,1.8,1
PT-106144,23,Male,Other,Medicare,1,0,0,8,1,2.82,4,Home,0.0,1
PT-106145,77,Female,COPD,Medicaid,3,1,1,2,3,1.02,1,Home,2.0,0
PT-106146,57,Female,Other,Medicare,3,1,1,4,2,3.55,15,Home Health,0.77,0
PT-106147,70,Male,Other,Medicare,2,1,1,6,0,4.6,6,Home,1.37,1
PT-106148,25,Male,Other,Medicaid,6,1,1,2,2,4.36,5,Home,0.52,1
PT-106149,81,Female,Kidney Disease,Private,5,0,2,7,1,3.06,11,Home,0.82,1
PT-106150,18,Female,COPD,Medicare,7,0,1,9,2,2.36,6,Skilled Nursing,0.25,0
PT-106151,84,Male,Diabetes,Private,8,2,1,5,3,2.59,9,Home,2.32,1
PT-106152,66,Male,Heart Failure,Self-pay,8,0,0,6,6,2.39,4,Home Health,1.65,0
PT-106153,42,Female,Diabetes,Medicare,19,1,0,5,4,3.71,10,Home,1.45,1
PT-106154,18,Male,Heart Failure,Private,4,2,3,7,3,1.41,13,Rehab,0.46,1
PT-106155,62,Female,Heart Failure,Private,3,1,1,7,3,3.32,9,Skilled Nursing,2.06,1
PT-106156,24,Male,Pneumonia,Medicare,6,0,1,4,3,2.21,3,Skilled Nursing,0.31,1
PT-106157,62,Female,Pneumonia,Medicaid,9,1,1,4,6,3.86,10,Home,2.18,1
PT-106158,74,Male,Diabetes,Medicare,1,1,1,4,2,1.23,4,Home,0.61,1
PT-106159,37,Male,Other,Private,2,1,4,7,4,2.02,9,Rehab,0.63,1
PT-106160,35,Female,Heart Failure,Medicare,2,1,2,5,2,1.52,1,Home Health,0.73,0
PT-106161,34,Female,COPD,Private,4,1,2,10,1,1.61,13,Home,0.25,0
PT-106162,34,Female,Pneumonia,Medicaid,3,0,2,5,3,1.89,9,Home,0.74,0
PT-106163,26,Male,Heart Failure,Medicaid,8,1,3,7,6,2.29,9,Rehab,1.11,1
PT-106164,36,Male,Other,Private,5,0,0,3,1,2.83,13,Rehab,0.56,1
PT-106165,66,Female,Kidney Disease,Private,4,0,1,12,1,1.85,1,Home,0.63,0
PT-106166,40,Male,Kidney Disease,Medicare,5,1,4,6,3,5.43,4,Home,1.06,1
PT-106167,75,Female,Kidney Disease,Self-pay,1,0,1,7,4,2.05,6,Home,1.15,1
PT-106168,77,Female,Kidney Disease,Medicaid,5,0,1,6,2,2.83,1,Home,1.28,1
PT-106169,73,Female,Pneumonia,Medicare,2,5,0,1,1,1.59,9,Rehab,2.36,1
PT-106170,57,Male,COPD,Private,7,0,2,8,2,1.19,3,Home Health,1.52,1
PT-106171,41,Female,Other,Private,1,0,3,6,4,1.28,14,Home Health,0.76,0
PT-106172,85,Female,Diabetes,Private,6,0,1,1,2,1.24,4,Home,1.67,1
PT-106173,32,Male,COPD,Private,2,3,3,8,0,3.59,14,Home,0.77,1
PT-106174,51,Female,COPD,Medicaid,9,1,1,9,3,1.59,3,Home,1.7,1
PT-106175,51,Male,Heart Failure,Private,1,0,2,8,2,2.98,14,Home,0.96,0
PT-106176,72,Male,Heart Failure,Private,4,2,1,5,1,3.61,7,Rehab,1.93,1
PT-106177,57,Male,Heart Failure,Private,6,0,1,9,1,5.15,5,Home Health,0.88,0
PT-106178,76,Female,Diabetes,Medicaid,5,2,1,1,0,2.8,17,Home,1.66,0
PT-106179,85,Female,Pneumonia,Medicaid,5,1,1,5,0,1.76,13,Home Health,1.25,1
PT-106180,46,Male,Pneumonia,Self-pay,1,2,0,3,6,2.73,7,Home Health,1.1,0
PT-106181,81,Female,Kidney Disease,Medicaid,1,2,1,0,3,1.07,1,Rehab,0.85,0
PT-106182,30,Female,Heart Failure,Private,5,2,0,7,1,1.35,3,Home,0.0,1
PT-106183,84,Female,Diabetes,Private,4,1,0,6,2,2.4,9,Home Health,1.38,1
PT-106184,30,Male,Heart Failure,Private,2,1,1,6,3,4.22,5,Rehab,0.33,1
PT-106185,80,Female,Pneumonia,Medicare,2,0,2,6,4,2.19,3,Skilled Nursing,1.49,1
PT-106186,46,Male,Pneumonia,Medicaid,4,0,0,3,1,7.4,7,Home Health,0.0,0
PT-106187,88,Other,COPD,Medicaid,3,1,2,12,2,4.7,12,Rehab,2.36,1
PT-106188,27,Female,Other,Medicare,13,1,2,2,1,2.22,17,Home Health,0.5,1
PT-106189,51,Male,Heart Failure,Private,9,0,1,9,2,2.59,3,Home,1.24,1
PT-106190,83,Male,Heart Failure,Self-pay,7,0,1,5,1,1.16,5,Home,1.87,1
PT-106191,21,Female,Pneumonia,Medicare,10,0,2,7,3,2.25,13,Home,0.0,1
PT-106192,37,Female,Kidney Disease,Medicaid,2,2,3,6,4,0.28,3,Home,0.66,0
PT-106193,24,Female,Other,Medicare,3,0,2,6,3,2.15,5,Home Health,0.35,1
PT-106194,41,Female,Heart Failure,Medicare,8,1,1,3,5,3.21,9,Home,1.25,0
PT-106195,46,Male,Heart Failure,Private,4,1,2,8,0,1.83,14,Home,1.12,1
PT-106196,63,Male,Other,Private,4,1,2,7,0,3.8,1,Home,1.63,1
PT-106197,36,Female,Kidney Disease,Private,1,1,0,6,1,5.13,7,Home,1.0,0
PT-106198,29,Male,Heart Failure,Medicare,8,0,1,3,3,0.56,3,Home,0.39,1
PT-106199,30,Female,Pneumonia,Medicaid,6,1,0,3,5,5.99,14,Home,0.0,1
PT-106200,86,Female,COPD,Private,3,0,3,8,3,6.14,10,Skilled Nursing,2.26,1
PT-106201,87,Female,Diabetes,Private,3,0,0,8,3,2.93,7,Home,1.89,1
PT-106202,34,Male,Other,Medicare,9,1,0,7,2,2.09,7,Skilled Nursing,0.01,0
PT-106203,32,Female,Diabetes,Medicare,2,1,3,3,1,2.22,10,Rehab,0.0,0
PT-106204,21,Female,Other,Medicare,1,0,2,8,3,1.37,4,Home Health,0.0,1
PT-106205,88,Female,Other,Medicaid,9,0,2,5,3,1.11,7,Rehab,1.92,1
PT-106206,69,Female,COPD,Self-pay,10,0,0,1,1,3.8,6,Home,0.88,0
PT-106207,73,Female,Other,Self-pay,2,0,3,6,3,0.52,8,Skilled Nursing,1.82,0
PT-106208,39,Female,Heart Failure,Private,14,1,3,3,1,0.75,13,Home,1.15,1
PT-106209,64,Male,Other,Medicare,4,1,3,9,0,0.56,4,Home,1.13,1
PT-106210,22,Female,Pneumonia,Medicare,2,1,0,4,0,4.26,11,Home Health,0.0,0
PT-106211,67,Female,Heart Failure,Private,6,1,1,3,5,2.19,9,Home Health,1.79,1
PT-106212,60,Male,COPD,Private,1,1,2,5,0,4.28,7,Home,0.68,1
PT-106213,42,Male,Other,Private,2,2,2,1,1,2.64,11,Skilled Nursing,0.0,0
PT-106214,69,Male,COPD,Private,5,0,0,5,3,3.73,8,Home,1.6,1
PT-106215,65,Female,Heart Failure,Private,4,1,2,2,0,1.69,10,Home,0.6,1
PT-106216,50,Female,Diabetes,Medicare,7,0,1,5,0,2.68,14,Skilled Nursing,0.41,0
PT-106217,31,Female,Other,Medicaid,1,0,2,3,0,0.8,6,Rehab,0.0,0
PT-106218,19,Female,Diabetes,Private,13,0,0,11,1,1.83,6,Home,0.0,1
PT-106219,86,Male,Pneumonia,Self-pay,3,1,2,8,1,1.19,11,Home Health,1.85,1
PT-106220,38,Female,COPD,Medicaid,4,1,1,4,3,2.88,8,Home Health,0.64,0
PT-106221,40,Female,Other,Medicare,3,2,2,4,2,5.68,13,Home,0.73,1
PT-106222,67,Male,Other,Private,1,1,0,11,0,5.6,18,Home,0.59,1
PT-106223,36,Female,Other,Private,4,0,0,3,3,0.62,16,Rehab,0.61,0
PT-106224,45,Female,COPD,Medicaid,6,3,0,8,1,0.6,3,Home,0.93,1
PT-106225,69,Male,Pneumonia,Medicare,3,0,0,9,3,1.18,11,Home Health,1.25,0
PT-106226,61,Female,Diabetes,Private,2,0,2,8,1,0.76,1,Rehab,1.19,0
PT-106227,65,Male,Diabetes,Medicare,7,0,3,2,2,2.28,10,Home Health,1.26,1
PT-106228,18,Male,Kidney Disease,Medicare,8,0,0,6,1,6.17,7,Home,0.0,1
PT-106229,50,Male,Diabetes,Private,3,1,1,5,2,4.36,10,Home,0.55,1
PT-106230,52,Female,Pneumonia,Medicare,5,0,1,4,3,3.33,8,Home,0.73,1
PT-106231,64,Female,Other,Medicare,7,0,1,4,0,1.68,6,Rehab,1.16,1
PT-106232,29,Male,Heart Failure,Private,6,0,1,4,2,0.28,9,Skilled Nursing,0.04,0
PT-106233,29,Male,Pneumonia,Private,5,1,1,6,2,1.27,14,Home,0.19,1
PT-106234,73,Male,Other,Private,6,0,0,5,2,0.49,19,Home,1.59,1
PT-106235,67,Female,Other,Medicare,5,0,0,9,3,3.14,14,Home Health,1.63,1
PT-106236,77,Male,Other,Private,4,0,0,7,3,5.58,12,Skilled Nursing,1.69,1
PT-106237,37,Female,Other,Medicare,1,0,0,1,3,0.21,12,Skilled Nursing,0.53,1
PT-106238,90,Male,Kidney Disease,Medicare,2,1,1,5,0,0.77,7,Skilled Nursing,1.73,1
PT-106239,37,Female,Other,Medicare,5,0,2,4,0,5.73,8,Skilled Nursing,1.43,0
PT-106240,65,Male,Kidney Disease,Private,3,0,1,3,1,1.52,12,Home,1.2,1
PT-106241,29,Male,Kidney Disease,Medicare,5,0,2,2,4,1.53,1,Rehab,0.4,1
PT-106242,85,Male,Diabetes,Medicare,1,2,3,5,1,1.98,10,Home,1.58,1
PT-106243,42,Male,Other,Private,2,1,1,8,2,1.24,7,Home Health,1.27,1
PT-106244,76,Male,Pneumonia,Self-pay,3,0,1,6,1,4.6,7,Home,0.92,0
PT-106245,42,Female,Heart Failure,Private,1,0,0,6,2,1.59,3,Home,0.42,1
PT-106246,75,Female,Diabetes,Private,2,2,1,4,3,0.93,9,Home,1.87,0
PT-106247,51,Female,Kidney Disease,Medicaid,2,1,1,7,1,6.27,4,Home,1.13,1
PT-106248,22,Male,Pneumonia,Medicaid,4,0,1,5,1,3.14,9,Home,0.0,0
PT-106249,31,Female,Diabetes,Medicaid,3,0,2,4,0,2.12,8,Home Health,0.25,0
PT-106250,67,Female,Diabetes,Medicaid,5,0,1,7,2,1.7,5,Home,0.6,0
PT-106251,32,Female,Heart Failure,Private,4,0,1,9,1,2.58,13,Home,1.64,1
PT-106252,38,Male,Other,Private,3,1,0,2,3,2.65,7,Home,0.42,1
PT-106253,57,Male,Heart Failure,Private,2,0,1,3,1,4.04,11,Home Health,0.59,1
PT-106254,36,Female,COPD,Medicaid,4,0,0,7,4,1.93,3,Home,1.62,1
PT-106255,27,Female,Diabetes,Medicaid,9,0,3,8,0,3.32,7,Home,0.03,1
PT-106256,63,Female,Pneumonia,Private,2,0,1,5,0,0.78,3,Home,0.41,1
PT-106257,68,Male,Pneumonia,Medicaid,12,0,2,8,1,2.85,8,Rehab,2.09,1
PT-106258,71,Male,Diabetes,Medicaid,4,0,1,3,5,3.42,10,Rehab,2.79,1
PT-106259,86,Female,Diabetes,Private,7,0,1,6,4,5.23,10,Home,1.96,1
PT-106260,27,Male,Diabetes,Private,5,0,2,8,2,1.82,16,Home,0.27,0
PT-106261,49,Male,Diabetes,Medicaid,6,2,3,6,4,5.33,12,Home,0.63,1
PT-106262,35,Male,Pneumonia,Medicaid,2,2,0,4,4,0.32,1,Home,1.38,1
PT-106263,83,Female,Diabetes,Self-pay,3,1,0,6,3,4.42,12,Home Health,1.51,1
PT-106264,57,Female,Heart Failure,Private,1,1,1,8,0,5.24,4,Home,0.34,0
PT-106265,25,Female,Other,Private,3,1,2,3,1,2.35,12,Home,0.69,1
PT-106266,68,Male,Diabetes,Private,6,1,2,8,0,4.16,1,Home,0.44,1
PT-106267,21,Female,COPD,Medicare,3,2,2,9,2,4.84,7,Home,0.48,1
PT-106268,38,Female,Pneumonia,Medicaid,7,2,1,1,1,2.09,10,Home,0.0,1
PT-106269,70,Male,COPD,Private,3,1,2,6,2,1.25,3,Home,1.7,1
PT-106270,54,Other,Heart Failure,Private,2,3,3,6,0,2.43,15,Home,0.88,1
PT-106271,73,Female,Heart Failure,Medicare,3,0,3,8,3,4.13,18,Home,1.93,1
PT-106272,59,Female,Kidney Disease,Medicare,6,0,1,5,1,2.24,8,Home,0.3,0
PT-106273,79,Female,Other,Medicaid,11,0,1,4,4,2.91,12,Home,1.83,1
PT-106274,59,Male,Diabetes,Private,13,2,0,6,4,3.71,12,Home Health,1.06,1
PT-106275,22,Female,Other,Medicaid,6,0,0,7,1,3.96,5,Rehab,0.0,0
PT-106276,23,Female,Other,Medicare,7,3,2,5,1,2.15,5,Rehab,0.57,1
PT-106277,74,Male,Other,Medicare,1,1,1,1,3,3.51,10,Home,1.9,1
PT-106278,20,Female,Diabetes,Medicaid,1,0,5,4,5,4.56,15,Skilled Nursing,0.0,1
PT-106279,45,Male,Diabetes,Medicare,2,1,2,7,2,1.6,13,Home Health,1.25,1
PT-106280,19,Female,COPD,Private,9,0,0,5,0,1.52,1,Home,0.63,0
PT-106281,40,Female,Diabetes,Private,9,3,1,3,7,1.34,14,Home Health,2.42,1
PT-106282,61,Female,Heart Failure,Medicare,15,0,1,9,1,1.76,14,Home,0.26,0
PT-106283,30,Other,Pneumonia,Private,2,2,0,5,2,3.59,1,Home,0.99,1
PT-106284,52,Male,Diabetes,Private,4,0,0,4,5,2.6,12,Home,1.17,0
PT-106285,90,Female,COPD,Private,1,0,2,8,1,3.64,8,Home,1.47,1
PT-106286,23,Male,Pneumonia,Self-pay,1,0,0,4,3,2.29,15,Home Health,0.98,0
PT-106287,22,Female,Other,Private,3,1,2,6,2,3.29,13,Home,0.09,0
PT-106288,37,Female,Other,Private,2,0,0,8,3,2.75,11,Home,0.44,0
PT-106289,78,Male,Other,Private,2,1,1,6,8,5.86,9,Home,1.22,1
PT-106290,47,Male,Heart Failure,Medicaid,2,0,1,5,6,6.14,10,Skilled Nursing,0.09,1
PT-106291,64,Female,Diabetes,Medicare,10,0,1,6,2,3.69,1,Home,1.35,1
PT-106292,20,Female,Other,Private,8,2,0,1,0,1.13,1,Home Health,1.02,0
PT-106293,71,Male,Pneumonia,Medicaid,2,0,3,2,0,1.85,11,Home,1.65,1
PT-106294,22,Male,Heart Failure,Medicare,8,1,0,7,1,1.53,9,Home,0.59,0
PT-106295,69,Female,Diabetes,Medicaid,2,2,2,3,3,2.05,11,Home,0.73,0
PT-106296,28,Male,Pneumonia,Medicaid,1,2,0,7,0,0.82,6,Home,0.32,1
PT-106297,80,Female,Diabetes,Self-pay,2,0,1,5,2,0.61,4,Home,2.01,1
PT-106298,39,Female,Pneumonia,Private,5,2,4,4,1,5.19,6,Home Health,0.87,1
PT-106299,31,Female,COPD,Medicaid,2,0,0,5,3,2.47,4,Home,0.0,1
PT-106300,42,Female,Other,Private,6,1,3,3,1,3.13,13,Home,1.59,1
PT-106301,18,Male,COPD,Private,3,0,0,7,1,5.55,12,Home,0.0,0
PT-106302,30,Male,COPD,Medicare,5,0,3,5,1,3.42,11,Home Health,0.0,0
PT-106303,61,Male,Diabetes,Medicare,2,2,4,4,4,5.9,15,Home,2.28,1
PT-106304,39,Female,Pneumonia,Medicare,4,0,2,4,3,0.57,4,Home,0.53,1
PT-106305,43,Male,Kidney Disease,Medicare,2,1,0,3,6,4.15,2,Skilled Nursing,1.31,1
PT-106306,76,Male,Kidney Disease,Medicaid,3,0,0,4,3,3.61,7,Home Health,1.15,1
PT-106307,27,Male,Heart Failure,Medicare,13,1,1,2,5,4.72,10,Home,0.39,1
PT-106308,46,Male,Pneumonia,Medicaid,3,0,2,4,2,1.38,5,Skilled Nursing,1.1,1
PT-106309,31,Male,Pneumonia,Self-pay,1,0,0,10,0,5.13,3,Home,0.0,0
PT-106310,53,Female,Other,Medicaid,4,2,1,5,0,6.67,4,Home,1.67,1
PT-106311,42,Other,Kidney Disease,Medicare,4,4,1,4,0,2.04,12,Home,0.6,1
PT-106312,21,Male,Diabetes,Private,4,1,2,2,1,2.28,11,Home,0.05,0
PT-106313,23,Male,Heart Failure,Medicare,6,1,3,8,3,3.79,15,Skilled Nursing,0.39,1
PT-106314,80,Female,Pneumonia,Private,3,1,1,4,1,0.96,15,Rehab,1.7,1
PT-106315,22,Female,COPD,Medicaid,6,2,0,3,1,5.11,9,Home,0.0,0
PT-106316,75,Female,Heart Failure,Private,4,2,2,2,1,3.27,1,Rehab,1.44,1
PT-106317,84,Male,Heart Failure,Private,1,2,1,10,4,0.88,9,Rehab,2.89,0
PT-106318,52,Female,Diabetes,Private,7,1,1,8,2,2.2,8,Home,1.36,1
PT-106319,40,Male,Kidney Disease,Private,4,0,0,3,2,2.25,9,Home,0.24,1
PT-106320,74,Male,Other,Medicaid,6,2,2,9,6,3.67,5,Home,1.53,1
PT-106321,89,Female,COPD,Medicare,1,0,2,2,2,4.04,2,Skilled Nursing,0.9,1
PT-106322,26,Male,Diabetes,Medicare,7,0,1,5,4,2.66,9,Home Health,0.82,0
PT-106323,88,Male,Pneumonia,Self-pay,15,0,0,5,1,3.76,1,Home,1.43,1
PT-106324,86,Female,Diabetes,Medicaid,1,1,1,3,3,1.05,13,Skilled Nursing,2.19,1
PT-106325,28,Male,Kidney Disease,Self-pay,8,2,1,5,4,2.92,1,Home Health,0.71,1
PT-106326,21,Male,Heart Failure,Self-pay,4,2,1,8,4,0.37,1,Home,0.47,1
PT-106327,70,Male,Kidney Disease,Medicaid,4,0,1,2,2,2.57,10,Home,1.13,0
PT-106328,23,Female,Kidney Disease,Private,7,0,2,7,1,1.54,6,Home,0.0,0
PT-106329,61,Male,Heart Failure,Self-pay,6,0,0,2,1,3.44,1,Home,0.59,1
PT-106330,22,Female,COPD,Medicare,9,0,2,3,4,1.43,4,Home Health,0.69,1
PT-106331,68,Male,Pneumonia,Medicare,1,1,0,2,0,2.12,11,Skilled Nursing,0.48,1
PT-106332,34,Male,Diabetes,Medicare,9,0,1,4,3,6.51,9,Home,0.34,1
PT-106333,25,Female,COPD,Private,5,0,0,6,1,3.14,6,Home,0.0,0
PT-106334,22,Male,COPD,Private,1,0,2,6,6,1.23,8,Home,1.19,1
PT-106335,31,Male,Pneumonia,Medicare,3,1,0,10,0,1.95,7,Home,0.0,0
PT-106336,57,Female,COPD,Private,4,0,2,8,1,2.96,2,Home,1.18,1
PT-106337,23,Female,Diabetes,Medicaid,3,0,0,7,1,1.81,1,Home,0.98,0
PT-106338,76,Female,Heart Failure,Medicare,4,1,1,3,5,5.59,7,Home,0.75,1
PT-106339,62,Female,Diabetes,Medicare,2,2,0,2,2,5.53,11,Home Health,1.36,1
PT-106340,39,Female,COPD,Medicaid,20,0,1,9,2,4.36,6,Home,0.52,1
PT-106341,90,Male,Other,Medicare,6,1,1,5,2,1.79,10,Skilled Nursing,2.31,1
PT-106342,66,Male,Diabetes,Private,4,2,1,1,5,2.31,13,Skilled Nursing,0.97,1
PT-106343,67,Male,COPD,Medicare,2,0,3,8,2,5.41,1,Home,1.7,1
PT-106344,30,Male,Diabetes,Private,9,1,0,6,1,2.94,12,Home,0.05,1
PT-106345,69,Female,Heart Failure,Medicaid,6,0,2,5,7,2.68,1,Home Health,1.21,1
PT-106346,58,Male,COPD,Medicaid,2,1,1,10,1,2.44,19,Rehab,0.83,1
PT-106347,89,Female,Heart Failure,Private,2,2,3,8,1,4.08,5,Home,1.43,1
PT-106348,52,Female,Pneumonia,Private,4,0,1,2,1,2.91,13,Home,0.0,1
PT-106349,67,Male,Diabetes,Self-pay,4,0,0,8,1,1.41,8,Home Health,0.39,0
PT-106350,42,Male,Heart Failure,Medicare,6,1,1,6,1,2.09,3,Home,1.29,0
PT-106351,20,Male,Pneumonia,Private,4,0,1,7,1,0.32,1,Skilled Nursing,0.0,1
PT-106352,27,Female,Pneumonia,Self-pay,6,1,0,10,2,2.96,9,Rehab,0.59,0
PT-106353,81,Female,Other,Private,3,0,2,5,1,1.29,8,Skilled Nursing,0.97,1
PT-106354,71,Male,COPD,Medicaid,4,1,1,9,1,4.46,9,Skilled Nursing,1.53,1
PT-106355,44,Male,COPD,Private,9,1,1,6,4,1.28,5,Skilled Nursing,1.1,1
PT-106356,68,Male,Diabetes,Self-pay,7,1,0,2,1,2.35,8,Home,1.9,1
PT-106357,18,Male,Pneumonia,Private,4,0,0,2,4,2.9,10,Home,0.16,0
PT-106358,20,Female,COPD,Medicaid,5,1,1,5,0,1.8,13,Home,0.0,1
PT-106359,55,Male,Kidney Disease,Self-pay,4,0,0,1,3,2.18,8,Home Health,0.81,0
PT-106360,63,Female,Kidney Disease,Medicare,1,1,1,6,3,2.74,1,Home Health,1.07,1
PT-106361,86,Female,Heart Failure,Private,11,1,3,3,0,1.67,7,Home,2.06,1
PT-106362,73,Female,Other,Private,2,0,0,3,5,3.52,5,Home,1.77,1
PT-106363,36,Female,Diabetes,Medicare,3,0,0,2,2,1.27,9,Home,0.0,0
PT-106364,77,Male,Pneumonia,Private,17,0,1,2,3,4.94,9,Home,2.63,1
PT-106365,53,Female,Diabetes,Self-pay,2,3,3,4,1,0.77,11,Home,0.41,0
PT-106366,78,Male,Diabetes,Private,4,1,1,6,4,1.92,4,Rehab,1.62,1
PT-106367,30,Female,Diabetes,Medicare,9,0,2,4,1,4.92,4,Skilled Nursing,0.29,1
PT-106368,19,Male,Heart Failure,Medicare,13,0,0,11,4,0.69,13,Home,0.33,1
PT-106369,22,Male,Other,Medicare,6,0,1,4,4,3.9,3,Home,0.37,1
PT-106370,90,Female,Pneumonia,Private,9,0,0,5,1,2.66,7,Skilled Nursing,1.31,1
PT-106371,23,Female,Heart Failure,Medicare,3,1,1,8,2,1.05,8,Home,0.18,1
PT-106372,86,Other,Other,Medicaid,1,0,0,2,2,0.87,1,Home,1.36,1
PT-106373,71,Female,Kidney Disease,Medicare,8,0,1,5,2,1.26,8,Home Health,2.13,1
PT-106374,28,Female,COPD,Private,4,2,1,3,3,0.62,8,Home Health,0.32,1
PT-106375,81,Male,COPD,Medicare,3,2,2,4,1,2.64,8,Home Health,2.36,1
PT-106376,28,Male,Heart Failure,Medicare,3,0,3,0,4,4.29,3,Home Health,0.62,1
PT-106377,28,Female,Diabetes,Private,6,1,2,0,1,0.76,2,Home,0.11,0
PT-106378,60,Female,Diabetes,Private,6,0,0,3,3,3.57,1,Home,1.88,1
PT-106379,39,Male,Diabetes,Private,4,1,1,3,3,5.41,14,Home,1.54,1
PT-106380,39,Female,Pneumonia,Medicare,5,3,1,9,2,5.67,9,Home,0.51,1
PT-106381,32,Female,Other,Private,2,1,2,2,2,2.34,4,Home,0.47,1
PT-106382,62,Male,Heart Failure,Medicare,3,1,4,5,1,2.83,2,Home,1.49,1
PT-106383,19,Female,Kidney Disease,Self-pay,2,0,1,2,1,3.08,1,Home,0.0,0
PT-106384,35,Female,Other,Self-pay,2,3,3,3,4,2.55,8,Home,0.64,1
PT-106385,58,Male,Diabetes,Medicare,5,0,0,7,6,5.41,7,Home Health,1.14,1
PT-106386,53,Female,Diabetes,Medicaid,4,1,0,6,2,2.93,1,Home,1.62,0
PT-106387,69,Female,COPD,Medicare,3,0,2,5,5,2.06,2,Rehab,2.25,0
PT-106388,33,Female,Heart Failure,Private,3,0,1,5,4,3.23,4,Rehab,0.29,1
PT-106389,65,Male,Heart Failure,Medicare,5,4,2,6,1,3.16,12,Skilled Nursing,1.27,1
PT-106390,73,Female,Other,Medicare,6,0,1,8,1,2.59,3,Home,1.01,1
PT-106391,46,Male,Pneumonia,Medicare,6,0,4,9,2,0.1,7,Home,1.61,1
PT-106392,36,Female,Heart Failure,Private,1,0,1,0,1,6.15,13,Home,0.06,1
PT-106393,58,Male,Other,Medicaid,1,1,1,5,1,0.97,13,Home,1.02,0
PT-106394,60,Male,Kidney Disease,Private,2,1,0,2,4,3.65,11,Home,1.75,0
PT-106395,24,Female,Heart Failure,Private,1,0,3,9,3,2.13,15,Home,0.0,1
PT-106396,59,Male,Diabetes,Private,10,1,2,6,4,1.67,9,Home Health,1.5,1
PT-106397,29,Female,Pneumonia,Private,3,0,0,5,2,5.67,4,Skilled Nursing,0.0,1
PT-106398,59,Female,Other,Self-pay,1,1,1,5,1,1.48,16,Skilled Nursing,1.67,0
PT-106399,86,Male,Other,Medicaid,3,0,2,2,3,5.04,10,Home Health,0.91,0
PT-106400,57,Male,Pneumonia,Private,1,1,0,3,2,3.25,4,Rehab,0.0,0
PT-106401,73,Male,Kidney Disease,Medicare,1,0,3,5,1,4.33,11,Home Health,2.1,1
PT-106402,40,Male,Diabetes,Private,3,0,1,7,1,6.85,1,Home Health,0.07,1
PT-106403,85,Female,Pneumonia,Private,3,0,0,1,5,2.91,9,Home Health,1.22,1
PT-106404,77,Female,Diabetes,Private,3,2,1,3,2,2.72,1,Home,0.81,1
PT-106405,84,Female,Diabetes,Private,5,2,0,5,4,2.19,4,Home,2.13,1
PT-106406,72,Female,Other,Medicaid,7,3,0,7,3,2.36,5,Home,1.83,1
PT-106407,65,Female,Heart Failure,Private,4,0,3,5,2,1.28,2,Home,1.51,1
PT-106408,56,Male,Pneumonia,Medicare,8,0,0,5,0,0.28,8,Home,0.7,0
PT-106409,85,Female,COPD,Medicaid,3,0,0,4,0,4.52,4,Home,2.38,1
PT-106410,79,Male,Pneumonia,Self-pay,8,1,2,2,1,2.45,8,Home Health,1.68,1
PT-106411,48,Female,COPD,Self-pay,4,2,0,3,3,3.25,14,Home,0.8,1
PT-106412,24,Male,Other,Medicare,7,1,0,9,4,2.88,3,Home,0.0,1
PT-106413,18,Male,Diabetes,Private,3,0,2,6,2,4.03,11,Home,0.0,0
PT-106414,35,Female,Kidney Disease,Medicaid,4,1,1,5,7,1.59,19,Home,2.03,1
PT-106415,22,Other,Heart Failure,Medicare,14,0,2,4,3,0.26,8,Home,0.0,1
PT-106416,33,Male,COPD,Private,4,3,3,6,4,1.97,1,Rehab,0.25,1
PT-106417,25,Male,COPD,Medicare,7,0,1,1,1,4.5,10,Home,0.12,1
PT-106418,89,Male,Other,Medicaid,8,0,0,5,2,2.27,7,Rehab,2.61,1
PT-106419,24,Male,Diabetes,Private,6,0,1,5,1,2.58,15,Home,0.0,1
PT-106420,63,Female,Heart Failure,Medicare,7,1,2,6,3,3.39,2,Home,1.3,1
PT-106421,43,Male,Kidney Disease,Medicare,3,1,2,2,2,6.48,7,Home,0.87,1
PT-106422,30,Female,Other,Private,2,1,1,8,1,2.23,6,Home,0.29,0
PT-106423,69,Female,Kidney Disease,Medicare,2,0,4,5,3,3.08,7,Home Health,2.07,1
PT-106424,88,Male,Other,Private,5,0,1,6,2,4.03,5,Home,2.01,0
PT-106425,75,Male,Kidney Disease,Private,4,2,0,6,1,3.03,8,Home,2.58,0
PT-106426,89,Male,Other,Medicare,5,0,2,6,2,2.47,12,Home Health,2.1,1
PT-106427,61,Male,Heart Failure,Private,1,2,2,7,2,3.5,8,Rehab,1.33,1
PT-106428,67,Female,Pneumonia,Private,2,4,1,5,0,2.6,11,Home,0.57,1
PT-106429,28,Female,Kidney Disease,Medicare,7,0,0,3,4,1.34,13,Home,0.65,1
PT-106430,80,Female,Heart Failure,Self-pay,5,0,0,4,1,4.21,6,Skilled Nursing,0.98,1
PT-106431,72,Female,Kidney Disease,Medicare,4,0,1,3,1,6.65,1,Home,1.12,1
PT-106432,36,Male,Diabetes,Private,3,0,1,4,1,4.97,6,Home,0.44,0
PT-106433,43,Male,Other,Self-pay,2,0,1,6,2,3.94,2,Home Health,0.81,1
PT-106434,62,Male,Other,Self-pay,9,1,3,6,2,5.08,13,Home Health,1.45,1
PT-106435,18,Female,Heart Failure,Medicaid,10,2,2,4,2,5.25,8,Rehab,0.0,1
PT-106436,77,Female,Diabetes,Private,4,0,3,7,1,3.81,11,Home,0.89,1
PT-106437,38,Male,Heart Failure,Private,4,1,0,5,2,1.68,11,Home Health,0.0,1
PT-106438,23,Female,Diabetes,Medicaid,10,1,1,2,3,5.22,13,Home,0.72,0
PT-106439,42,Male,Heart Failure,Private,2,0,4,6,4,0.87,13,Home,0.73,1
PT-106440,79,Male,Diabetes,Medicare,3,2,1,4,4,0.27,2,Home,1.95,0
PT-106441,38,Male,Heart Failure,Private,7,1,2,8,3,2.51,4,Home,0.19,0
PT-106442,57,Female,Pneumonia,Private,3,0,0,5,1,3.17,8,Home,0.44,1
PT-106443,77,Male,Pneumonia,Private,4,0,1,3,2,6.15,16,Home,2.07,1
PT-106444,20,Female,Diabetes,Medicare,1,1,2,3,1,3.82,1,Home,0.0,0
PT-106445,73,Female,Kidney Disease,Medicare,10,2,2,4,3,6.77,8,Home,2.6,1
PT-106446,39,Female,COPD,Self-pay,7,1,0,7,4,1.83,11,Home,1.14,1
PT-106447,68,Male,COPD,Medicaid,8,1,1,4,0,1.01,6,Home,0.97,1
PT-106448,31,Other,COPD,Medicare,2,2,0,4,2,1.24,16,Rehab,0.91,1
PT-106449,28,Female,Other,Private,11,1,1,4,0,2.18,4,Home,0.43,0
PT-106450,75,Male,Pneumonia,Self-pay,4,0,1,8,0,0.33,6,Home,0.64,0
PT-106451,76,Female,Pneumonia,Private,9,0,1,8,3,5.83,11,Home,1.68,1
PT-106452,89,Male,Other,Private,5,1,0,5,2,3.23,6,Home,1.83,1
PT-106453,67,Female,Heart Failure,Medicare,7,0,3,3,4,1.78,10,Home,1.18,1
PT-106454,52,Male,Heart Failure,Private,5,2,0,6,3,0.56,15,Home Health,0.78,0
PT-106455,32,Male,Heart Failure,Private,3,3,2,2,2,2.39,6,Home,0.0,0
PT-106456,39,Female,Pneumonia,Private,1,0,3,5,3,0.97,1,Home,0.64,1
PT-106457,65,Female,Pneumonia,Medicaid,9,0,0,6,3,1.69,15,Home Health,1.11,1
PT-106458,43,Male,Other,Medicare,1,3,1,3,4,3.22,15,Home,0.64,1
PT-106459,53,Male,Diabetes,Private,7,0,0,5,7,2.61,1,Home,1.76,0
PT-106460,30,Male,Other,Medicaid,9,1,0,7,2,4.15,7,Skilled Nursing,1.9,1
PT-106461,50,Male,Kidney Disease,Medicaid,1,1,2,2,1,2.47,8,Skilled Nursing,0.47,0
PT-106462,35,Female,COPD,Private,3,1,0,3,1,1.97,6,Home,0.47,0
PT-106463,26,Female,Other,Private,1,1,3,4,0,4.08,10,Home Health,0.55,1
PT-106464,27,Female,COPD,Medicare,2,0,1,5,1,2.37,8,Home Health,0.24,0
PT-106465,55,Male,Diabetes,Medicaid,8,0,3,8,4,1.69,7,Skilled Nursing,1.31,1
PT-106466,44,Female,Diabetes,Medicaid,7,0,0,7,3,3.77,9,Home,0.97,1
PT-106467,25,Female,COPD,Medicare,6,0,2,2,4,2.29,17,Home,0.6,0
PT-106468,55,Female,Other,Medicaid,3,0,1,5,1,3.32,4,Home,0.49,1
PT-106469,29,Male,Heart Failure,Private,1,1,2,6,2,2.48,4,Home Health,0.63,0
PT-106470,19,Female,Other,Private,1,1,1,3,0,3.42,12,Rehab,0.0,0
PT-106471,27,Female,Diabetes,Self-pay,3,0,3,4,1,4.71,12,Home,0.12,1
PT-106472,50,Male,Heart Failure,Medicare,2,0,2,7,1,3.49,2,Home,0.51,0
PT-106473,87,Female,Diabetes,Private,7,0,0,8,1,5.95,4,Home,1.94,1
PT-106474,35,Female,COPD,Medicaid,11,0,1,3,2,3.08,6,Home,0.53,0
PT-106475,38,Male,Kidney Disease,Medicare,5,2,2,7,5,2.76,5,Home Health,1.68,1
PT-106476,35,Male,Heart Failure,Private,1,0,1,4,1,3.61,2,Home,0.0,1
PT-106477,43,Male,Pneumonia,Private,9,0,0,4,0,4.12,15,Home,0.61,0
PT-106478,70,Female,COPD,Private,4,0,0,5,3,2.16,4,Home Health,2.41,1
PT-106479,41,Female,Other,Medicare,4,2,1,5,2,0.75,9,Home Health,0.62,1
PT-106480,66,Male,Pneumonia,Medicaid,6,2,2,2,2,2.56,8,Home,0.76,1
PT-106481,83,Male,Other,Private,1,2,3,4,2,3.77,8,Home,2.08,0
PT-106482,87,Male,Pneumonia,Private,3,1,0,4,1,4.8,10,Home Health,1.04,1
PT-106483,59,Male,COPD,Medicaid,4,0,1,9,3,2.74,5,Rehab,1.9,1
PT-106484,70,Female,Other,Private,5,1,1,6,2,3.15,8,Home,1.25,0
PT-106485,85,Female,COPD,Medicare,5,0,1,4,2,3.72,1,Skilled Nursing,1.57,0
PT-106486,75,Male,COPD,Medicaid,6,0,1,4,2,4.94,1,Home,1.35,1
PT-106487,39,Female,COPD,Medicare,3,2,0,4,2,3.28,9,Home,0.34,0
PT-106488,27,Female,Heart Failure,Medicaid,1,1,3,6,5,1.37,6,Home,0.46,1
PT-106489,26,Female,Kidney Disease,Self-pay,3,1,1,4,1,3.45,2,Home,0.0,0
PT-106490,82,Female,Heart Failure,Private,4,1,1,3,4,5.59,6,Home,1.79,1
PT-106491,58,Female,Diabetes,Private,1,0,1,1,0,3.1,12,Rehab,0.88,0
PT-106492,39,Female,Diabetes,Medicare,2,1,0,3,3,3.42,18,Home,0.43,1
PT-106493,43,Female,Kidney Disease,Medicare,4,1,1,8,0,7.66,1,Home Health,1.97,1
PT-106494,38,Male,Other,Medicare,3,1,2,4,5,2.76,2,Home,0.92,1
PT-106495,76,Female,Other,Medicaid,4,0,0,7,3,1.73,17,Home,1.92,1
PT-106496,62,Female,Pneumonia,Medicare,3,2,1,2,2,2.67,7,Home,0.79,0
PT-106497,82,Female,Pneumonia,Self-pay,6,1,1,4,3,5.21,11,Home,1.72,1
PT-106498,40,Male,Other,Private,2,1,2,8,2,1.83,9,Rehab,0.36,1
PT-106499,52,Female,Pneumonia,Medicaid,4,1,0,5,1,1.18,10,Home Health,1.69,1
